study_axis,n_fog,n_iot,arrival_rate,arrival_rate_per_fog,episode_seconds,trial,seed,policy,head_failure_s,n_tasks,duration_s,mean_delay_ms,p50_delay_ms,p95_delay_ms,p99_delay_ms,success_rate,deadline_miss_rate,mean_control_delay_ms,mean_selector_delay_ms,mean_handover_delay_ms,control_energy_mj_per_task,nonprop_energy_j_per_delivered_task,whole_swarm_energy_j,head_changes,head_changes_per_1000_tasks,mean_head_tenure_ticks,selector_run_pct,mean_selector_runtime_us,mean_stage1_ms_per_tick,stage1_cpu_share_pct,mean_head_soc_pct,mean_head_iot_distance_m,mean_head_fog_distance_m,mean_head_workload_cycles,mean_head_control_service_ms,kl_gate_pct,tenure_block_pct,switch_cost_block_pct,head_recovery_ticks,tasks_dropped_in_gap,delay_spike_ms,control_jobs_lost,decision_power_0_pct,decision_power_1_pct,decision_power_2_pct,decision_power_3_pct,decision_power_4_pct,decision_power_5_pct
fog_size,5,50,45.0,9.0,10.0,0,42,spotis,,485,10.0,137.5039858486325,104.0486195387782,413.4756164595963,550.0,0.6412371134020619,0.3587628865979381,0.0,0.40453608247422673,0.0,6.102593814432488,1.023179604706032,39275.15265406938,0.0,0.0,100.0,5.9405940594059405,66.33663366336637,0.06633663366336637,0.06633663366336637,52.19685008540541,1008.1942114799479,1029.8946364953788,267663954.68961057,0.6567128328059995,94.05940594059406,0.0,0.9900990099009901,nan,0,nan,0,8.832685158042484,20.9744605093415,7.121592840243064,39.15770715821404,16.415233012714918,7.498321321444003
fog_size,5,50,45.0,9.0,10.0,0,42,fu_serve,,485,10.0,136.8507784396592,106.04099853618187,470.2904552470147,550.0,0.6329896907216495,0.36701030927835054,0.0,0.8140206185567009,0.0,12.056622680411131,1.0171851888006647,39269.21964996761,0.0,0.0,100.0,0.0,18.40000000000001,0.01840000000000001,0.01840000000000001,60.07076231356921,1130.4731266303206,1165.0418062646738,55314858.28519081,1.2543270444582002,0.0,0.0,0.0,nan,0,nan,0,nan,nan,nan,nan,nan,nan
fog_size,5,50,45.0,9.0,10.0,0,42,2dp_fhs,,485,10.0,146.46487352818278,133.46353544327005,479.7165541078316,550.0,0.5938144329896907,0.4061855670103093,0.0,0.715784091547956,0.0,43.670189636323094,1.159806769902814,39290.96814673782,63.0,129.89690721649484,1.5625,0.0,112.79999999999994,0.11279999999999994,0.11279999999999994,58.79475768959031,1105.5344899861811,1031.2952215083224,135269639.73484084,1.853821912801769,0.0,0.0,0.0,nan,0,nan,0,nan,nan,nan,nan,nan,nan
fog_size,5,50,45.0,9.0,10.0,0,42,3d_pos,,485,10.0,136.66583808862478,103.67895308662823,542.3657857366981,550.0,0.6371134020618556,0.3628865979381444,0.0,0.6234953553117206,0.0,9.452040296249795,0.9946455878054539,39264.289283637685,0.0,0.0,100.0,0.0,159.1,0.1591,0.1591,89.14192129416499,1577.4706246612332,1453.7328848695176,97603376.41313423,1.1049816452923802,0.0,0.0,0.0,nan,0,nan,0,nan,nan,nan,nan,nan,nan
fog_size,10,100,90.0,9.0,10.0,0,42,spotis,,954,10.0,128.05612810511224,96.63035745697135,396.551460888349,550.0,0.7316561844863732,0.26834381551362685,0.0,0.4823899371069182,0.0,6.062437106917796,1.0443907192527135,78920.8090499173,0.0,0.0,100.0,4.9504950495049505,79.41386138613859,0.0794138613861386,0.0794138613861386,75.46613926965482,959.9361366570866,1117.8204585879714,299067735.5236451,0.6708129257696765,95.04950495049505,0.0,0.0,nan,0,nan,0,10.536997889515385,23.435504638876758,7.154685557102713,30.679134835592315,19.325681444785232,8.867995634127603
fog_size,10,100,90.0,9.0,10.0,0,42,fu_serve,,954,10.0,130.20720456777653,101.22918732907316,429.1808303096801,550.0,0.7232704402515723,0.2767295597484277,0.0,0.9446986081409948,0.0,11.924707260129638,1.0456086561373237,78913.29430061365,0.0,0.0,100.0,0.0,53.0,0.053,0.053,74.44775959044598,1048.173519766488,1145.0105940429892,63835394.650670655,1.318772307884417,0.0,0.0,0.0,nan,0,nan,0,nan,nan,nan,nan,nan,nan
fog_size,10,100,90.0,9.0,10.0,0,42,2dp_fhs,,954,10.0,137.4831395809937,110.98891686318967,436.43723931341106,550.0,0.6740041928721174,0.32599580712788256,0.0,0.7630139200114546,0.0,30.130048085907646,1.1077392441329152,78904.10066185637,76.0,79.66457023060796,1.2987012987012987,0.0,322.09999999999985,0.32209999999999983,0.32209999999999983,68.33751352728274,1186.2946265463056,1309.5503910126768,174475300.20154104,1.3382161463410365,0.0,0.0,0.0,nan,0,nan,0,nan,nan,nan,nan,nan,nan
fog_size,10,100,90.0,9.0,10.0,0,42,3d_pos,,954,10.0,130.34200162426322,102.04195692776364,404.87108083819373,550.0,0.7159329140461216,0.2840670859538784,0.0,0.6348190550278766,0.0,12.426553497760924,1.0535548326954594,78911.40227860991,15.0,15.723270440251572,6.25,0.0,493.90000000000003,0.49390000000000006,0.49390000000000006,84.58722296652113,1564.8183973336907,1661.9941059419382,163501655.2150314,1.298170122183126,0.0,0.0,0.0,nan,0,nan,0,nan,nan,nan,nan,nan,nan
fog_size,15,150,135.0,9.0,10.0,0,42,spotis,,1402,10.0,123.41452609314149,91.11989204434724,390.86948440913613,550.0,0.7860199714693296,0.21398002853067044,0.0,0.5199714693295292,0.0,6.049153352353513,1.0041012218120486,117988.77845947367,0.0,0.0,100.0,2.9702970297029703,91.88019801980198,0.09188019801980198,0.09188019801980198,95.51950854237343,2258.516767312077,2358.3568928138043,225173862.4916047,0.6798226616829401,97.02970297029702,0.0,0.0,nan,0,nan,0,11.725022789008328,21.842302267407263,6.867221262108687,30.51313169629272,19.28545871003877,9.766863275144221
fog_size,15,150,135.0,9.0,10.0,0,42,fu_serve,,1402,10.0,123.55312578255443,91.07116460060004,389.53702844962106,550.0,0.7867332382310984,0.21326676176890158,0.0,0.8338778144825878,0.0,9.757210520570291,0.99938337220719,117984.57877258131,0.0,0.0,100.0,0.0,101.60000000000001,0.10160000000000001,0.10160000000000002,65.03663315779215,2415.589552659696,2425.552023360996,114976772.65515327,1.1320913311368417,0.0,0.0,0.0,nan,0,nan,0,nan,nan,nan,nan,nan,nan
fog_size,15,150,135.0,9.0,10.0,0,42,2dp_fhs,,1402,10.0,131.502787990344,103.81886502665071,400.2234729382322,550.0,0.7275320970042796,0.27246790299572043,0.0,0.7763185617433431,0.0,25.442421870156732,1.0988821525749963,118003.11870866329,86.0,61.34094151212553,1.1494252873563218,0.0,656.1999999999998,0.6561999999999998,0.6561999999999998,53.30207349337333,1973.4100592244579,2167.901177040917,152593162.71922728,1.66768407431123,0.0,0.0,0.0,nan,0,nan,0,nan,nan,nan,nan,nan,nan
fog_size,15,150,135.0,9.0,10.0,0,42,3d_pos,,1402,10.0,125.36743801263799,93.5915667119711,400.6195865188984,550.0,0.7710413694721826,0.2289586305278174,0.0,0.5725295793818972,0.0,10.028876362601673,1.034892602315585,118000.97781613993,15.0,10.699001426533524,6.25,0.0,1028.7999999999995,1.0287999999999995,1.0287999999999995,39.83320890049516,2449.337684958644,2475.9211725676696,203586920.38058212,1.5280890892106493,0.0,0.0,0.0,nan,0,nan,0,nan,nan,nan,nan,nan,nan
fog_size,20,200,180.0,9.0,10.0,0,42,spotis,,1843,10.0,123.40659751327719,91.35322389188971,380.0501524761435,550.0,0.7797069994574064,0.2202930005425936,0.0,0.5476367019847738,0.0,6.360290532145471,1.029374444787051,158315.07633782458,0.0,0.0,100.0,2.9702970297029703,103.480198019802,0.103480198019802,0.10348019801980202,65.41711630337021,1677.7631276864588,1716.6651327310753,243695443.44598308,0.7494935150516514,97.02970297029702,0.0,1.9801980198019802,nan,0,nan,0,10.31092768217979,21.809922060134934,7.29100928020394,24.47195918505152,27.413786110251266,8.702395682178569
fog_size,20,200,180.0,9.0,10.0,0,42,fu_serve,,1843,10.0,125.24637444244222,96.13323872243562,365.9444773532183,550.0,0.7672273467173087,0.23277265328269126,0.0,1.0225355936084302,0.0,11.87705294072194,1.0614957756101733,158336.8202873784,0.0,0.0,100.0,0.0,152.20000000000007,0.15220000000000009,0.15220000000000009,86.76622509784984,1062.5017082192792,916.9097268367549,70727688.58629398,1.550350505666256,0.0,0.0,0.0,nan,0,nan,0,nan,nan,nan,nan,nan,nan
fog_size,20,200,180.0,9.0,10.0,0,42,2dp_fhs,,1843,10.0,133.6851507732816,106.47548990633825,407.9154895852207,550.0,0.7189365165491047,0.28106348345089527,0.0,0.8638273242006539,0.0,22.501717804506875,1.1208427995185903,158320.9819700277,84.0,45.57786218122626,1.1764705882352942,0.0,1070.8,1.0708,1.0708,74.43446642288764,1115.6736457937814,987.9737000474815,210254540.20329472,2.397857111241835,0.0,0.0,0.0,nan,0,nan,0,nan,nan,nan,nan,nan,nan
fog_size,20,200,180.0,9.0,10.0,0,42,3d_pos,,1843,10.0,127.01686701388235,96.44506186159686,381.21449792004967,550.0,0.7547476939772111,0.2452523060227889,0.0,0.6434626983230851,0.0,11.812345380189639,1.0671168806087017,158320.2248415923,25.0,13.564839934888768,3.8461538461538463,0.0,1766.200000000001,1.7662000000000009,1.7662000000000007,59.68218808941994,1065.8196116263425,899.5740086108219,156364907.78964004,2.4190589668529543,0.0,0.0,0.0,nan,0,nan,0,nan,nan,nan,nan,nan,nan
fog_size,5,50,45.0,9.0,10.0,1,43,spotis,,447,10.0,130.93643923190552,95.83473202100112,476.7757353506019,550.0,0.7136465324384788,0.28635346756152125,0.0,0.4536912751677852,0.0,6.110899328858544,0.979543724307502,39269.4182450599,0.0,0.0,100.0,3.9603960396039604,66.09108910891092,0.06609108910891093,0.06609108910891093,96.26874461635636,1543.2018844479767,1217.4828924088913,241829117.43524417,0.6534832146852861,96.03960396039604,0.0,0.0,nan,0,nan,0,14.589169805959365,19.321740574672045,5.998972097930352,37.31371764377444,11.219459526651958,11.556940351011837
fog_size,5,50,45.0,9.0,10.0,1,43,fu_serve,,447,10.0,132.16609403899437,97.75848675530696,469.5728444864435,550.0,0.7024608501118568,0.29753914988814323,0.0,0.7399976070337104,0.0,9.9543178534335,0.9944851067542106,39269.21212052663,0.0,0.0,100.0,0.0,18.40000000000001,0.01840000000000001,0.01840000000000001,79.16164167789229,1452.7392248526628,962.7370348962417,135734126.7662898,1.029333690261799,0.0,0.0,0.0,nan,0,nan,0,nan,nan,nan,nan,nan,nan
fog_size,5,50,45.0,9.0,10.0,1,43,2dp_fhs,,447,10.0,142.0887794179043,117.59104755172878,482.4723293859746,550.0,0.6442953020134228,0.3557046979865772,0.0,0.7261359776859644,0.0,48.32466980517611,1.1159249767762247,39278.33019031736,67.0,149.8881431767338,1.4705882352941178,0.0,112.79999999999994,0.11279999999999994,0.11279999999999994,86.69841561150457,1439.9487689299128,1101.421101888555,104165015.240219,1.677257134985769,0.0,0.0,0.0,nan,0,nan,0,nan,nan,nan,nan,nan,nan
fog_size,5,50,45.0,9.0,10.0,1,43,3d_pos,,447,10.0,131.9541633132924,94.87140004832817,476.2512440249676,550.0,0.7114093959731543,0.28859060402684567,0.0,0.5152461292852568,0.0,7.180565212718203,0.9714114710612761,39265.85264480329,0.0,0.0,100.0,0.0,159.1,0.1591,0.1591,84.33265158563174,1755.2298442060317,1296.4155657519134,178055930.9726058,0.8299899452738164,0.0,0.0,0.0,nan,0,nan,0,nan,nan,nan,nan,nan,nan
fog_size,10,100,90.0,9.0,10.0,1,43,spotis,,922,10.0,119.76819961012795,88.4900431887743,329.88995796094775,550.0,0.7744034707158352,0.22559652928416485,0.0,0.5069414316702818,0.0,6.064402386116723,0.9766754910440008,79491.98748143305,0.0,0.0,100.0,2.9702970297029703,79.16831683168314,0.07916831683168314,0.07916831683168314,75.48177446653423,1994.8386460752947,1761.7979315055552,325698001.99927276,0.6705938150931523,97.02970297029702,0.0,0.0,nan,0,nan,0,12.003865123811028,22.2087375591457,6.442792908282041,30.643467440914602,18.844611953018557,9.856525014828065
fog_size,10,100,90.0,9.0,10.0,1,43,fu_serve,,922,10.0,119.2705423867858,90.65186510772483,359.164192590111,550.0,0.7841648590021691,0.21583514099783085,0.0,0.8717468607051044,0.0,10.351686566507501,0.9850485187624314,79506.83125989288,0.0,0.0,100.0,0.0,53.0,0.053,0.053,96.97685208506793,1609.3588153310525,1424.8686060163507,110686585.77793081,1.1403667991676227,0.0,0.0,0.0,nan,0,nan,0,nan,nan,nan,nan,nan,nan
fog_size,10,100,90.0,9.0,10.0,1,43,2dp_fhs,,922,10.0,129.71190721769003,106.11414409113529,385.95791486283423,550.0,0.7386117136659436,0.2613882863340564,0.0,0.8456393394869266,0.0,32.20556978969617,1.051019141106112,79510.3852159209,79.0,85.68329718004338,1.25,0.0,322.09999999999985,0.32209999999999983,0.32209999999999983,58.35115269338219,1653.6946453778728,1539.615623458159,167251187.46050042,1.540342780199448,0.0,0.0,0.0,nan,0,nan,0,nan,nan,nan,nan,nan,nan
fog_size,10,100,90.0,9.0,10.0,1,43,3d_pos,,922,10.0,124.00612210888904,95.10919521971095,337.0370028670404,550.0,0.7527114967462039,0.24728850325379614,0.0,0.5416374780991675,0.0,16.94589852331828,1.0136257410810037,79498.09744513786,36.0,39.04555314533623,2.7027027027027026,0.0,493.90000000000003,0.49390000000000006,0.49390000000000006,70.75645065439709,1976.06921715294,1737.0090257557808,192650298.7807546,1.1782159267138488,0.0,0.0,0.0,nan,0,nan,0,nan,nan,nan,nan,nan,nan
fog_size,15,150,135.0,9.0,10.0,1,43,spotis,,1373,10.0,116.49714807757064,80.54967740750918,379.5700831320388,550.0,0.8266569555717407,0.17334304442825932,0.0,0.5392571012381645,0.0,6.050191551347162,0.9625123934549067,118079.39584712678,0.0,0.0,100.0,2.9702970297029703,91.880198019802,0.09188019801980199,0.09188019801980199,97.23635726496168,1573.7026247514868,1520.7062378106361,275980165.62592417,0.7020678340042056,97.02970297029702,0.0,0.0,nan,0,nan,0,15.706364123213687,22.707269678837562,6.5025626900727955,23.423490859595354,19.02156845962001,12.638744188660603
fog_size,15,150,135.0,9.0,10.0,1,43,fu_serve,,1373,10.0,114.17592973157242,80.90876356465016,345.2674798022479,550.0,0.8339402767662054,0.1660597232337946,0.0,0.6042427243955865,0.0,6.790679923128423,0.9480169098737116,118072.42364236088,0.0,0.0,100.0,0.0,101.60000000000001,0.10160000000000001,0.10160000000000002,93.86164124982243,1016.7483070891977,971.7089419643646,215425290.4970565,0.8017530279815256,0.0,0.0,0.0,nan,0,nan,0,nan,nan,nan,nan,nan,nan
fog_size,15,150,135.0,9.0,10.0,1,43,2dp_fhs,,1373,10.0,128.96975066866517,103.35149895497864,384.378343588656,550.0,0.7662053896576839,0.23379461034231608,0.0,0.7428182804207163,0.0,25.43015730172839,1.0440394954506598,118085.27382976956,89.0,64.82155863073561,1.1111111111111112,0.0,656.1999999999998,0.6561999999999998,0.6561999999999998,67.09591235216683,969.1002461587251,933.331938693382,219146221.68395442,1.5859302052136732,0.0,0.0,0.0,nan,0,nan,0,nan,nan,nan,nan,nan,nan
fog_size,15,150,135.0,9.0,10.0,1,43,3d_pos,,1373,10.0,119.14077672940024,88.21657426628971,334.3825581155559,550.0,0.7946103423160962,0.20538965768390383,0.0,0.5683980941818862,0.0,13.760621895752285,0.966943082013966,118041.87918303271,36.0,26.219956300072834,2.7027027027027026,0.0,1028.7999999999995,1.0287999999999995,1.0287999999999995,78.23941597078588,916.111745856375,852.2526913048567,251376506.88213024,1.4997316141857693,0.0,0.0,0.0,nan,0,nan,0,nan,nan,nan,nan,nan,nan
fog_size,20,200,180.0,9.0,10.0,1,43,spotis,,1804,10.0,116.12713142692492,82.9306547838824,344.2885234616452,515.5734750397486,0.8281596452328159,0.17184035476718407,0.0,0.5519957360374619,0.0,6.11378543500772,0.9955862647300548,158733.90975624387,0.0,0.0,100.0,2.9702970297029703,103.480198019802,0.103480198019802,0.10348019801980202,93.96620140204438,1413.9960376143201,1468.2382637860844,249131090.36405736,0.7149757885566425,97.02970297029702,0.0,0.0,nan,0,nan,0,14.269313240755013,21.812910017892364,6.645279390169268,25.110899773837502,20.694523356277372,11.467074221068476
fog_size,20,200,180.0,9.0,10.0,1,43,fu_serve,,1804,10.0,117.33706664801166,86.08079158185345,344.6087082767365,538.6032011572912,0.8281596452328159,0.17184035476718407,0.0,0.926681704523286,0.0,10.252819787027581,0.9962241597480457,158734.86277140072,0.0,0.0,100.0,0.0,152.20000000000007,0.15220000000000009,0.15220000000000009,96.0157204665438,2218.2095639537906,2272.187639671926,92690582.58107671,1.3137329613883222,0.0,0.0,0.0,nan,0,nan,0,nan,nan,nan,nan,nan,nan
fog_size,20,200,180.0,9.0,10.0,1,43,2dp_fhs,,1804,10.0,127.28829325422086,102.19426686645284,362.9721548646487,550.0,0.7583148558758315,0.24168514412416853,0.0,0.7770877268567331,0.0,22.382773181322477,1.0778915032727667,158721.0594532143,90.0,49.889135254988915,1.098901098901099,0.0,1070.8,1.0708,1.0708,66.85361776143858,1654.8152513020561,1728.9482462898593,232597864.59337273,2.0920468321746806,0.0,0.0,0.0,nan,0,nan,0,nan,nan,nan,nan,nan,nan
fog_size,20,200,180.0,9.0,10.0,1,43,3d_pos,,1804,10.0,124.97437392646276,95.79559019854645,358.0801562329719,550.0,0.7827050997782705,0.21729490022172948,0.0,0.6096151912850336,0.0,16.062999274042408,1.051596678634478,158731.358386969,58.0,32.150776053215075,1.694915254237288,0.0,1766.200000000001,1.7662000000000009,1.7662000000000007,77.7085526108593,2000.104219226207,1986.7471528304409,202822372.02772132,2.1932450123613463,0.0,0.0,0.0,nan,0,nan,0,nan,nan,nan,nan,nan,nan
fog_size,5,50,45.0,9.0,10.0,2,44,spotis,,431,10.0,122.96275553817765,95.43187504472637,347.3789438809456,550.0,0.7308584686774942,0.26914153132250584,0.0,0.4607888631090487,0.0,6.115016241298753,0.9334097789737024,39496.85423191837,0.0,0.0,100.0,3.9603960396039604,66.09108910891092,0.06609108910891093,0.06609108910891093,89.45999867167491,1682.5581509356955,1926.1644565479135,188321504.60556397,0.6657298091619376,96.03960396039604,0.0,0.0,nan,0,nan,0,15.19836179146197,22.19619019575705,6.477068042246743,31.683358742421554,12.074786498664347,12.370234729448342
fog_size,5,50,45.0,9.0,10.0,2,44,fu_serve,,431,10.0,122.956470155347,95.43187504472637,347.3789438809456,550.0,0.7308584686774942,0.26914153132250584,0.0,0.4607888631090487,0.0,6.032018561484169,0.9332962170689401,39496.818459918366,0.0,0.0,100.0,0.0,18.40000000000001,0.01840000000000001,0.01840000000000001,89.46000640193107,1682.5581509356955,1926.1644565479135,188279024.60556388,0.6300508091619378,0.0,0.0,0.0,nan,0,nan,0,nan,nan,nan,nan,nan,nan
fog_size,5,50,45.0,9.0,10.0,2,44,2dp_fhs,,431,10.0,134.08982367949625,112.15937425974509,367.1903718457945,550.0,0.6728538283062645,0.3271461716937355,0.0,0.6440708989499603,0.0,51.161239948040304,1.0373587371962183,39503.664185328555,72.0,167.05336426914153,1.36986301369863,0.0,112.79999999999994,0.11279999999999994,0.11279999999999994,81.57940148036238,1863.2426967854906,1852.2723617448564,163359475.9648101,2.13250263152343,0.0,0.0,0.0,nan,0,nan,0,nan,nan,nan,nan,nan,nan
fog_size,5,50,45.0,9.0,10.0,2,44,3d_pos,,431,10.0,124.03316098954811,101.18678927202218,336.42592238580926,550.0,0.7146171693735499,0.2853828306264501,0.0,0.5344350481513952,0.0,7.413962315427712,0.9473900006464724,39494.626271740766,0.0,0.0,100.0,0.0,159.1,0.1591,0.1591,36.25408969169852,2114.72712520927,1847.5030059362177,116552058.35721283,0.870294910515966,0.0,0.0,0.0,nan,0,nan,0,nan,nan,nan,nan,nan,nan
fog_size,10,100,90.0,9.0,10.0,2,44,spotis,,904,10.0,114.41698617115976,84.38901246088382,309.92770323868655,550.0,0.8108407079646017,0.18915929203539827,0.0,0.5130530973451326,0.0,6.065787610619059,0.9024676881380858,78575.39640941682,0.0,0.0,100.0,3.9603960396039604,79.29108910891087,0.07929108910891086,0.07929108910891086,70.35297980956445,1929.0620542623344,2673.969618920249,162232879.24778756,0.6709023716598099,96.03960396039604,0.0,0.0,nan,0,nan,0,10.015727922600739,23.336598779697454,6.2859295979778,34.56596969236128,17.344988079329106,8.450785928033621
fog_size,10,100,90.0,9.0,10.0,2,44,fu_serve,,904,10.0,114.12210468887639,84.14847576781611,326.74253882244244,550.0,0.8207964601769911,0.17920353982300885,0.0,0.6126967576461504,0.0,7.180573480359005,0.9050311408054299,78585.42070048924,0.0,0.0,100.0,0.0,53.0,0.053,0.053,93.03499870364675,1290.3177955863005,1019.3082163701521,131553045.36185236,0.7778452091895189,0.0,0.0,0.0,nan,0,nan,0,nan,nan,nan,nan,nan,nan
fog_size,10,100,90.0,9.0,10.0,2,44,2dp_fhs,,904,10.0,125.68279534178242,96.87599811268471,348.47352711046204,550.0,0.7665929203539823,0.2334070796460177,0.0,0.7757532110030941,0.0,32.64936890838811,0.9897663995858564,78599.7957089246,82.0,90.70796460176992,1.2048192771084338,0.0,322.09999999999985,0.32209999999999983,0.32209999999999983,68.56268965698125,1434.0557749391394,1142.0904671736666,109619402.96032147,1.3132324457034945,0.0,0.0,0.0,nan,0,nan,0,nan,nan,nan,nan,nan,nan
fog_size,10,100,90.0,9.0,10.0,2,44,3d_pos,,904,10.0,115.95773293183173,86.41744699262554,327.47571756081743,529.1248460302764,0.8019911504424779,0.19800884955752207,0.0,0.5653517136322941,0.0,9.014819177818564,0.9457714383341038,78599.57188680382,7.0,7.743362831858407,12.5,0.0,493.90000000000003,0.49390000000000006,0.49390000000000006,45.26054140767962,1609.8693315190226,1255.2966587797255,186519743.5356142,1.0773000053583752,0.0,0.0,0.0,nan,0,nan,0,nan,nan,nan,nan,nan,nan
fog_size,15,150,135.0,9.0,10.0,2,44,spotis,,1376,10.0,118.32197529653985,88.24613999917385,335.77847033376185,550.0,0.7899709302325582,0.21002906976744184,0.0,0.5466348058926077,0.0,6.352058054279291,0.990689258121306,117947.71061459529,0.0,0.0,100.0,1.9801980198019802,91.75346534653465,0.09175346534653465,0.09175346534653465,89.8179544638376,1411.7045255509295,1355.130243605965,200418980.97409278,0.7294720659846368,98.01980198019803,0.0,0.0,nan,0,nan,0,10.465394948968685,24.17779160162915,7.268759767671816,27.4727367642103,21.725676401449086,8.88964051607096
fog_size,15,150,135.0,9.0,10.0,2,44,fu_serve,,1376,10.0,117.15718396348261,86.65998532016594,338.07904459184147,550.0,0.8015988372093024,0.19840116279069764,0.0,0.5232558139534883,0.0,6.055377906976419,0.9813372842391321,117953.24641553318,0.0,0.0,100.0,0.0,101.60000000000001,0.10160000000000001,0.10160000000000002,66.75606773674649,1500.4604002775243,1295.1154797234615,244679952.0495017,0.7010399445119688,0.0,0.0,0.0,nan,0,nan,0,nan,nan,nan,nan,nan,nan
fog_size,15,150,135.0,9.0,10.0,2,44,2dp_fhs,,1376,10.0,126.1185852141852,100.21329125750788,360.4451507803117,550.0,0.7456395348837209,0.2543604651162791,0.0,0.8990915230736316,0.0,22.451825318158413,1.054195263474466,117952.43573134222,62.0,45.05813953488372,1.5873015873015872,0.0,656.1999999999998,0.6561999999999998,0.6561999999999998,58.14434148399364,1472.3148022505172,1328.9958536475617,184931520.76942176,1.9172666736954342,0.0,0.0,0.0,nan,0,nan,0,nan,nan,nan,nan,nan,nan
fog_size,15,150,135.0,9.0,10.0,2,44,3d_pos,,1376,10.0,121.84213755891409,93.28205948895452,346.2789717902617,550.0,0.7754360465116279,0.2245639534883721,0.0,0.5548442216003249,0.0,13.140734863913288,1.005167800116812,117943.34543374207,33.0,23.982558139534884,2.9411764705882355,0.0,1028.7999999999995,1.0287999999999995,1.0287999999999995,59.568316527807205,1489.7353930909603,1287.6726235489064,175221093.6894366,1.4813717284004415,0.0,0.0,0.0,nan,0,nan,0,nan,nan,nan,nan,nan,nan
fog_size,20,200,180.0,9.0,10.0,2,44,spotis,,1843,10.0,120.90082288298632,90.53234389896447,349.6487845729735,550.0,0.8106348345089528,0.1893651654910472,0.0,0.5496027273049301,0.0,6.234816363195153,1.0074562779299585,157986.424904599,0.0,0.0,100.0,1.9801980198019802,103.35346534653466,0.10335346534653467,0.10335346534653467,96.30748790645038,2791.675813476885,2704.12304567327,201051136.94840607,0.7374817731573898,98.01980198019803,0.0,0.9900990099009901,nan,0,nan,0,12.598904713747652,22.48443625687099,7.381520107161005,22.115812272378665,25.67686680146189,9.742459848379799
fog_size,20,200,180.0,9.0,10.0,2,44,fu_serve,,1843,10.0,120.90242171071375,90.53234389896447,349.6601845420928,550.0,0.8106348345089528,0.1893651654910472,0.0,0.5496027273049301,0.0,6.255322649264241,1.0074815745064145,157986.4626976842,0.0,0.0,100.0,0.0,152.20000000000007,0.15220000000000009,0.15220000000000009,96.30747982104016,2791.675813476885,2704.12304567327,201095326.94840625,0.7753826073532837,0.0,0.0,0.0,nan,0,nan,0,nan,nan,nan,nan,nan,nan
fog_size,20,200,180.0,9.0,10.0,2,44,2dp_fhs,,1843,10.0,129.22776158337837,103.49863638343581,377.53241990499725,550.0,0.7563754747693977,0.2436245252306023,0.0,0.8549659742578924,0.0,21.686473666858774,1.0656493193633532,157966.80037656412,79.0,42.86489419424851,1.25,0.0,1070.8,1.0708,1.0708,49.584316485818654,1777.3122679447688,1820.665759763994,212603762.800084,2.354485064895674,0.0,0.0,0.0,nan,0,nan,0,nan,nan,nan,nan,nan,nan
fog_size,20,200,180.0,9.0,10.0,2,44,3d_pos,,1843,10.0,122.44812979738609,91.63058923894596,363.3926287947611,550.0,0.7867607162235486,0.2132392837764514,0.0,0.5490523188388781,0.0,8.668629080085452,1.036123138641396,157983.66377640163,12.0,6.511123168746609,7.6923076923076925,0.0,1766.200000000001,1.7662000000000009,1.7662000000000007,91.37620761277154,2685.8822285584333,2608.5764097133315,202813779.34598777,2.0247841445606567,0.0,0.0,0.0,nan,0,nan,0,nan,nan,nan,nan,nan,nan
fog_size,5,50,45.0,9.0,10.0,3,45,spotis,,484,10.0,118.8112017444614,99.24845815467236,249.04043152260593,550.0,0.7004132231404959,0.2995867768595041,0.0,0.44380165289256196,0.0,6.102229338842482,0.9118986077594752,39266.07742503627,0.0,0.0,100.0,2.9702970297029703,65.9683168316832,0.0659683168316832,0.0659683168316832,71.6526927238476,1919.8241347888747,2215.610021905937,237030942.8922911,0.655000880098265,97.02970297029702,0.0,0.0,nan,0,nan,0,6.311591849237967,23.64267818428652,6.571935806541185,44.396106251666794,13.676812407198028,5.400875501069503
fog_size,5,50,45.0,9.0,10.0,3,45,fu_serve,,484,10.0,118.62246471635218,96.54023195700456,251.78702408460498,550.0,0.7024793388429752,0.2975206611570248,0.0,0.5244407278873785,0.0,7.143799517100881,0.9035594508895916,39264.154010308266,0.0,0.0,100.0,0.0,18.40000000000001,0.01840000000000001,0.01840000000000001,72.11070664451887,2609.8809073445555,2783.0054554769117,181183599.49453887,0.7351946356340724,0.0,0.0,0.0,nan,0,nan,0,nan,nan,nan,nan,nan,nan
fog_size,5,50,45.0,9.0,10.0,3,45,2dp_fhs,,484,10.0,125.93652359081453,115.4150410089608,253.56420770356237,493.25432585172973,0.6673553719008265,0.3326446280991735,0.0,0.6940533288895042,0.0,48.35633586229061,1.0000386151027336,39279.956269683986,74.0,152.89256198347107,1.3333333333333333,0.0,112.79999999999994,0.11279999999999994,0.11279999999999994,46.269173415192654,2262.8424496429593,2514.6974713179306,127207371.520648,1.7902530044581653,0.0,0.0,0.0,nan,0,nan,0,nan,nan,nan,nan,nan,nan
fog_size,5,50,45.0,9.0,10.0,3,45,3d_pos,,484,10.0,118.64020103842087,96.54023195700456,251.84329580347077,550.0,0.7024793388429752,0.2975206611570248,0.0,0.5244407278873785,0.0,7.401760325995639,0.903926665688136,39264.27886333977,0.0,0.0,100.0,0.0,159.1,0.1591,0.1591,72.11067765823904,2609.8809073445555,2783.0054554769117,181332389.74453858,0.8602428997806308,0.0,0.0,0.0,nan,0,nan,0,nan,nan,nan,nan,nan,nan
fog_size,10,100,90.0,9.0,10.0,3,45,spotis,,917,10.0,122.1163746468631,95.9757399551444,321.5250336117121,550.0,0.7339149400218102,0.26608505997818976,0.0,0.49797984617674423,0.0,6.370420022908317,0.9942204186077038,78582.9979357346,0.0,0.0,100.0,3.9603960396039604,79.29108910891087,0.07929108910891086,0.07929108910891086,90.399193158372,1564.2022976277183,1413.3724262268472,370570708.2146073,0.7212904905508002,96.03960396039604,0.0,0.0,nan,0,nan,0,12.823355855597466,20.149923978496386,7.060454191211635,27.740298869563585,21.4912993224576,10.734667782673325
fog_size,10,100,90.0,9.0,10.0,3,45,fu_serve,,917,10.0,122.35643550298363,97.07602770530599,313.0095593422362,550.0,0.7350054525627044,0.26499454743729556,0.0,0.5904552263695513,0.0,7.567996619973441,0.9906494636495786,78581.58533251141,0.0,0.0,100.0,0.0,53.0,0.053,0.053,75.41885437537894,2016.1284861096021,1762.390803892862,166225969.1136242,0.8372497405252617,0.0,0.0,0.0,nan,0,nan,0,nan,nan,nan,nan,nan,nan
fog_size,10,100,90.0,9.0,10.0,3,45,2dp_fhs,,917,10.0,129.51912486865496,107.245730715888,352.81446889220456,550.0,0.6892039258451472,0.3107960741548528,0.0,0.7869814522232602,0.0,31.31190422585274,1.084200118084793,78599.10206864121,75.0,81.78844056706652,1.3157894736842106,0.0,322.09999999999985,0.32209999999999983,0.32209999999999983,65.57398797236722,1714.725906630322,1594.2560800442081,132125849.93348971,1.461501450923953,0.0,0.0,0.0,nan,0,nan,0,nan,nan,nan,nan,nan,nan
fog_size,10,100,90.0,9.0,10.0,3,45,3d_pos,,917,10.0,123.35639325540402,98.89637140730478,320.1959262675114,550.0,0.7350054525627044,0.26499454743729556,0.0,0.5859194782533038,0.0,10.254019871015386,1.0063442207169477,78592.16359877485,8.0,8.724100327153762,11.11111111111111,0.0,493.90000000000003,0.49390000000000006,0.49390000000000006,71.71864808332865,2034.8911745664893,1783.2715586140991,149939676.39763537,1.250575210336057,0.0,0.0,0.0,nan,0,nan,0,nan,nan,nan,nan,nan,nan
fog_size,15,150,135.0,9.0,10.0,3,45,spotis,,1349,10.0,118.718703516352,94.55914411700749,322.27495219372116,550.0,0.770941438102298,0.22905856189770202,0.0,0.5306723355560334,0.0,6.360882434436793,0.9979368045237915,119048.99958701756,0.0,0.0,100.0,1.9801980198019802,91.75346534653465,0.09175346534653465,0.09175346534653465,97.21173303741303,2484.6770040879956,2595.592267278651,312303597.92769384,0.7482298429659957,98.01980198019803,0.0,0.0,nan,0,nan,0,15.277173001866348,21.05937098042102,7.2144513329369016,19.053875843416186,25.091702798937497,12.303426042422046
fog_size,15,150,135.0,9.0,10.0,3,45,fu_serve,,1349,10.0,119.29180158680758,94.72956855793856,314.99331168378455,550.0,0.7687175685693106,0.23128243143068938,0.0,0.6487396816382256,0.0,7.668155440525916,1.0152892788397232,119064.00029246963,0.0,0.0,100.0,0.0,101.60000000000001,0.10160000000000001,0.10160000000000002,95.6708561698084,1139.8041572330976,1113.2916975973312,219675576.14517158,0.9216966613232068,0.0,0.0,0.0,nan,0,nan,0,nan,nan,nan,nan,nan,nan
fog_size,15,150,135.0,9.0,10.0,3,45,2dp_fhs,,1349,10.0,128.5693318195963,106.23131557795506,355.2881545990285,550.0,0.7116382505559674,0.2883617494440326,0.0,0.8795379460448236,0.0,26.342014804692987,1.1040522316788155,119071.0354527245,81.0,60.04447739065975,1.2195121951219512,0.0,656.1999999999998,0.6561999999999998,0.6561999999999998,74.33436783169206,1247.9139503957185,1248.3535777664654,148613757.06867698,1.9776299993558168,0.0,0.0,0.0,nan,0,nan,0,nan,nan,nan,nan,nan,nan
fog_size,15,150,135.0,9.0,10.0,3,45,3d_pos,,1349,10.0,124.6645914596419,100.59292523042006,344.35728218918445,550.0,0.7346182357301705,0.2653817642698295,0.0,0.6061157590916719,0.0,19.10938099391838,1.0553823869474879,119057.0292557778,59.0,43.73610081541883,1.6666666666666667,0.0,1028.7999999999995,1.0287999999999995,1.0287999999999995,84.41563962608402,1187.5670518528307,1162.653350123748,184910411.93741834,1.6834787438379744,0.0,0.0,0.0,nan,0,nan,0,nan,nan,nan,nan,nan,nan
fog_size,20,200,180.0,9.0,10.0,3,45,spotis,,1765,10.0,117.76834348529461,89.00280818150108,316.6445133770707,550.0,0.7869688385269121,0.21303116147308787,0.0,0.5546123592578244,0.0,6.353429213276275,1.0032149238678267,157877.4534154641,0.0,0.0,100.0,1.9801980198019802,103.35346534653466,0.10335346534653467,0.10335346534653467,91.00719484840867,1076.499267368472,944.24916334851,218720419.55823222,0.748450045583724,98.01980198019803,0.0,0.0,nan,0,nan,0,12.38189852720067,19.931233392894175,6.719657617264108,22.779124198648525,27.938235829956685,10.249850434035837
fog_size,20,200,180.0,9.0,10.0,3,45,fu_serve,,1765,10.0,117.77055938858922,89.00280818150108,316.6754821521815,550.0,0.7869688385269121,0.21303116147308787,0.0,0.5546123592578244,0.0,6.375239520710175,1.003242638189368,157877.4919106567,0.0,0.0,100.0,0.0,152.20000000000007,0.15220000000000009,0.15220000000000009,91.00718653205092,1076.499267368472,944.24916334851,218773268.60367897,0.7870600978933391,0.0,0.0,0.0,nan,0,nan,0,nan,nan,nan,nan,nan,nan
fog_size,20,200,180.0,9.0,10.0,3,45,2dp_fhs,,1765,10.0,127.23092336254966,103.26589318144119,359.77860927728574,550.0,0.7206798866855524,0.2793201133144476,0.0,0.7627315136073438,0.0,21.79307683228393,1.0708229249005412,157846.07464668516,84.0,47.59206798866855,1.1764705882352942,0.0,1070.8,1.0708,1.0708,73.1079923607229,1055.7178547422654,959.7976183170888,185603339.55655995,2.103868521589327,0.0,0.0,0.0,nan,0,nan,0,nan,nan,nan,nan,nan,nan
fog_size,20,200,180.0,9.0,10.0,3,45,3d_pos,,1765,10.0,121.81296502846166,94.51619399437084,354.0064637051432,550.0,0.7654390934844193,0.2345609065155807,0.0,0.5491750944971844,0.0,11.823903436627967,1.0254390598824497,157869.35605611285,32.0,18.13031161473088,3.0303030303030303,0.0,1766.200000000001,1.7662000000000009,1.7662000000000007,85.52200061851698,1065.8017565151513,938.6996460752139,207990617.68249938,2.0563144497299213,0.0,0.0,0.0,nan,0,nan,0,nan,nan,nan,nan,nan,nan
fog_size,5,50,45.0,9.0,10.0,4,46,spotis,,473,10.0,121.4120507210998,96.28159909444634,350.42328845033035,550.0,0.7209302325581395,0.2790697674418605,0.0,0.48285931955154027,0.0,6.419324163881002,0.941793112627772,39278.09524841187,0.0,0.0,100.0,3.9603960396039604,66.09108910891092,0.06609108910891093,0.06609108910891093,97.69829250759554,1352.0926077937804,876.7563260143669,190122558.02451423,0.6972782197718328,96.03960396039604,0.0,0.0,nan,0,nan,0,14.450803626736583,22.253791499790083,5.917562886276212,35.83344794928611,10.110965918036392,11.433428119874613
fog_size,5,50,45.0,9.0,10.0,4,46,fu_serve,,473,10.0,121.40597029511038,96.28159909444634,350.35628491702823,550.0,0.7209302325581395,0.2790697674418605,0.0,0.48285931955154027,0.0,6.339847799464945,0.9416828712190657,39278.0576560915,0.0,0.0,100.0,0.0,18.40000000000001,0.01840000000000001,0.01840000000000001,97.69830066329689,1352.0926077937804,876.7563260143669,190074768.0245143,0.6597606575514909,0.0,0.0,0.0,nan,0,nan,0,nan,nan,nan,nan,nan,nan
fog_size,5,50,45.0,9.0,10.0,4,46,2dp_fhs,,473,10.0,133.19196023996025,115.11790087491924,371.007544277412,550.0,0.6659619450317125,0.33403805496828753,0.0,0.7257189356409416,0.0,47.03751678119556,1.0463471621446185,39286.543153081366,70.0,147.99154334038056,1.408450704225352,0.0,112.79999999999994,0.11279999999999994,0.11279999999999994,73.292744855659,1174.5677193167812,962.9770521318952,130135793.9102612,1.5145880254482396,0.0,0.0,0.0,nan,0,nan,0,nan,nan,nan,nan,nan,nan
fog_size,5,50,45.0,9.0,10.0,4,46,3d_pos,,473,10.0,121.30677047402845,96.28159909444634,344.0394487511841,550.0,0.7209302325581395,0.2790697674418605,0.0,0.4865452778705536,0.0,8.7414594841768,0.929175310256945,39273.792577803426,4.0,8.456659619450317,20.0,0.0,159.1,0.1591,0.1591,96.47024909201151,1352.8912266273658,877.9449190725444,153569130.16691348,1.0236874215591663,0.0,0.0,0.0,nan,0,nan,0,nan,nan,nan,nan,nan,nan
fog_size,10,100,90.0,9.0,10.0,4,46,spotis,,943,10.0,120.50067102109973,92.77999726428999,338.41206512079765,550.0,0.7539766702014846,0.24602332979851538,0.0,0.489289501590668,0.0,6.063066808058964,0.9868360817729024,79267.87441686491,0.0,0.0,100.0,3.9603960396039604,79.29108910891087,0.07929108910891086,0.07929108910891086,84.77211877126187,966.772083504781,1090.346821951546,219682619.74176338,0.6850356643155402,96.03960396039604,0.0,0.0,nan,0,nan,0,12.248577308149613,22.17512455341782,7.28892605909583,28.012476314785168,20.001790305340016,10.273105459211559
fog_size,10,100,90.0,9.0,10.0,4,46,fu_serve,,943,10.0,120.49885622788658,92.77999726428999,338.40626012079775,550.0,0.7539766702014846,0.24602332979851538,0.0,0.489289501590668,0.0,6.042152704135344,0.9868088876800755,79267.85508186491,0.0,0.0,100.0,0.0,53.0,0.053,0.053,84.77212306440909,966.772083504781,1090.346821951546,219659980.24176338,0.6654066643155406,0.0,0.0,0.0,nan,0,nan,0,nan,nan,nan,nan,nan,nan
fog_size,10,100,90.0,9.0,10.0,4,46,2dp_fhs,,943,10.0,129.48695042383383,107.60167559789835,351.20714012420274,550.0,0.711558854718982,0.28844114528101805,0.0,0.7374445854913116,0.0,32.25341442543585,1.0600980091134407,79277.55972683949,85.0,90.13785790031814,1.1627906976744187,0.0,322.09999999999985,0.32209999999999983,0.32209999999999983,60.38284971658143,1235.529432461749,1368.1521563462745,170664790.72198215,1.3044535441736982,0.0,0.0,0.0,nan,0,nan,0,nan,nan,nan,nan,nan,nan
fog_size,10,100,90.0,9.0,10.0,4,46,3d_pos,,943,10.0,120.00646915413981,92.04126498704257,342.7371876645057,550.0,0.7497348886532343,0.25026511134676566,0.0,0.5459739180816436,0.0,7.170247094313465,0.9763028807142029,79256.48009938933,0.0,0.0,100.0,0.0,493.90000000000003,0.49390000000000006,0.49390000000000006,77.87185199634848,2340.266049029196,2306.898149256546,298794857.82232976,1.1211572755357837,0.0,0.0,0.0,nan,0,nan,0,nan,nan,nan,nan,nan,nan
fog_size,15,150,135.0,9.0,10.0,4,46,spotis,,1421,10.0,118.46351887183987,89.53415828321943,318.70549169222784,550.0,0.7755102040816326,0.22448979591836737,0.0,0.5062631949331455,0.0,6.045841842409144,0.9860869705197016,118589.3750063842,0.0,0.0,100.0,1.9801980198019802,91.75346534653465,0.09175346534653465,0.09175346534653465,84.21489377923355,1164.0224097834434,1029.0016156160586,296626229.87259245,0.7219609554736905,98.01980198019803,0.0,0.0,nan,0,nan,0,14.838332932567072,21.489227191826473,7.076145935548802,20.850668119164183,23.460297686710497,12.285328134182965
fog_size,15,150,135.0,9.0,10.0,4,46,fu_serve,,1421,10.0,119.38337115802601,90.47062674499485,335.26474430163523,550.0,0.7663617171006334,0.2336382828993666,0.0,0.5664469669083118,0.0,6.787093553248469,0.9991416866356753,118590.77246161774,0.0,0.0,100.0,0.0,101.60000000000001,0.10160000000000001,0.10160000000000002,92.92663311573448,1129.510128357799,989.7500774052628,325439579.8745182,0.8243535996859684,0.0,0.0,0.0,nan,0,nan,0,nan,nan,nan,nan,nan,nan
fog_size,15,150,135.0,9.0,10.0,4,46,2dp_fhs,,1421,10.0,130.56879600498374,107.34711263605945,366.384139383956,550.0,0.7079521463757917,0.29204785362420826,0.0,0.7363864151117818,0.0,25.897531978789797,1.0682868692312382,118577.4037553181,92.0,64.74313863476425,1.075268817204301,0.0,656.1999999999998,0.6561999999999998,0.6561999999999998,77.74017770892726,1254.3129996802093,1155.3134585401774,188109123.96065322,1.6894609247162764,0.0,0.0,0.0,nan,0,nan,0,nan,nan,nan,nan,nan,nan
fog_size,15,150,135.0,9.0,10.0,4,46,3d_pos,,1421,10.0,123.85164734578649,99.00638274510155,348.3189989805613,550.0,0.7424349049964813,0.25756509500351865,0.0,0.552625733108245,0.0,14.989935250850433,1.022234655382969,118581.16472630053,43.0,30.260380014074595,2.272727272727273,0.0,1028.7999999999995,1.0287999999999995,1.0287999999999995,83.58899391890245,1136.435181122203,999.7210091607637,233225435.160775,1.5674182052022416,0.0,0.0,0.0,nan,0,nan,0,nan,nan,nan,nan,nan,nan
fog_size,20,200,180.0,9.0,10.0,4,46,spotis,,1893,10.0,122.68962139753933,92.90440177038883,366.0956856388536,550.0,0.7776016904384575,0.2223983095615425,0.0,0.5175911251980981,0.0,6.040999999999699,1.0248244113043583,158019.41399859329,0.0,0.0,100.0,2.9702970297029703,103.480198019802,0.103480198019802,0.10348019801980202,84.9144276468502,1263.3808722112512,1216.3094256689192,402785040.10758024,0.7386177369924518,97.02970297029702,0.0,0.0,nan,0,nan,0,14.125173061189896,21.162221687884074,7.359856275996264,20.263498448983146,25.3015112433687,11.78773928257792
fog_size,20,200,180.0,9.0,10.0,4,46,fu_serve,,1893,10.0,123.50128436490819,91.35178716577875,360.1898411207554,550.0,0.7760169043845747,0.2239830956154253,0.0,0.6984012505876748,0.0,8.207288815130061,1.0334847587316853,158029.0615757301,0.0,0.0,100.0,0.0,152.20000000000007,0.15220000000000009,0.15220000000000009,92.13988222396264,1632.983390002307,1595.37035980121,199056144.90643716,1.0622917845223643,0.0,0.0,0.0,nan,0,nan,0,nan,nan,nan,nan,nan,nan
fog_size,20,200,180.0,9.0,10.0,4,46,2dp_fhs,,1893,10.0,133.60672596244692,112.2330481063365,384.9636799122225,550.0,0.7010036978341257,0.29899630216587425,0.0,0.7888457911908492,0.0,22.393167406502872,1.111491413864335,157985.82157135126,91.0,48.071843634442686,1.0869565217391304,0.0,1070.8,1.0708,1.0708,63.35985097502862,1403.375583152168,1359.5985129372968,209054808.9436223,2.2206090099869282,0.0,0.0,0.0,nan,0,nan,0,nan,nan,nan,nan,nan,nan
fog_size,20,200,180.0,9.0,10.0,4,46,3d_pos,,1893,10.0,125.86427842993666,98.14074126765249,366.5875651766257,550.0,0.7496038034865293,0.25039619651347067,0.0,0.5922646503058322,0.0,11.909781540713903,1.0631793442368267,158019.5239546253,30.0,15.847860538827259,3.225806451612903,0.0,1766.200000000001,1.7662000000000009,1.7662000000000007,76.61655770071117,1290.1101535293974,1225.194996686141,284893379.2096964,2.2989048453993384,0.0,0.0,0.0,nan,0,nan,0,nan,nan,nan,nan,nan,nan
fog_size,5,50,45.0,9.0,10.0,5,47,spotis,,485,10.0,126.58727295898295,99.28212313559203,327.841683410561,550.0,0.6824742268041237,0.31752577319587627,0.0,0.4354639175257731,0.0,6.102210309277848,1.0001742382041277,39288.00146985137,0.0,0.0,100.0,3.9603960396039604,66.09108910891092,0.06609108910891093,0.06609108910891093,68.46415130173631,1241.6931314135336,1109.9883886988612,250775730.33612922,0.6567124997746516,96.03960396039604,0.0,0.9900990099009901,nan,0,nan,0,8.604701626530295,20.842951193167494,7.249567323859049,42.11398300356646,13.815375863695392,7.373420989181308
fog_size,5,50,45.0,9.0,10.0,5,47,fu_serve,,485,10.0,126.58195625492017,99.28212313559203,327.75672341056156,550.0,0.6824742268041237,0.31752577319587627,0.0,0.4354639175257731,0.0,6.028453608246732,1.0000661656965746,39287.96569785137,0.0,0.0,100.0,0.0,18.40000000000001,0.01840000000000001,0.01840000000000001,68.46415898013352,1241.6931314135336,1109.9883886988612,250718328.33612907,0.6210334997746517,0.0,0.0,0.0,nan,0,nan,0,nan,nan,nan,nan,nan,nan
fog_size,5,50,45.0,9.0,10.0,5,47,2dp_fhs,,485,10.0,136.66687448337012,121.93201498045968,385.3008147385584,550.0,0.6103092783505155,0.3896907216494845,0.0,0.6143140059079737,0.0,48.7804345163305,1.1620147781274288,39300.90017133152,76.0,156.70103092783506,1.2987012987012987,0.0,112.79999999999994,0.11279999999999994,0.11279999999999994,59.08323140294968,1436.9456247221592,1250.4209494927431,123063613.74528693,1.3423809259605002,0.0,0.0,0.0,nan,0,nan,0,nan,nan,nan,nan,nan,nan
fog_size,5,50,45.0,9.0,10.0,5,47,3d_pos,,485,10.0,126.78528017868919,102.16769283109828,328.6648674168204,550.0,0.6721649484536083,0.3278350515463917,0.0,0.556273412039491,0.0,8.093090379773558,1.0238391372315598,39290.71535574329,0.0,0.0,100.0,0.0,159.1,0.1591,0.1591,58.90711147396357,1333.8006786539593,1075.215698283874,184088446.70698607,0.9429091805335069,0.0,0.0,0.0,nan,0,nan,0,nan,nan,nan,nan,nan,nan
fog_size,10,100,90.0,9.0,10.0,5,47,spotis,,928,10.0,120.01474233795453,90.3609255176465,321.43103937035903,550.0,0.7693965517241379,0.2306034482758621,0.0,0.4855603448275861,0.0,6.063885775861638,0.9860366772565125,78668.4412190402,0.0,0.0,100.0,1.9801980198019802,79.04554455445542,0.07904554455445542,0.07904554455445542,82.98021007419412,1431.9604673861459,1686.9766582308412,264451637.3255266,0.6634772039049145,98.01980198019803,0.0,0.0,nan,0,nan,0,11.149873983408474,21.50871656224476,7.746130936703432,30.06033949135616,20.084259888373076,9.450679137914095
fog_size,10,100,90.0,9.0,10.0,5,47,fu_serve,,928,10.0,119.93736133616167,92.28794529399764,313.8733719582048,550.0,0.7650862068965517,0.2349137931034483,0.0,0.7551605274846406,0.0,10.056407135850067,0.9984825910380397,78673.33367111607,3.0,3.2327586206896552,25.0,0.0,53.0,0.053,0.053,85.44109224345083,1852.4335788474978,1420.766780099651,155492167.65757802,0.9986972875606703,0.0,0.0,0.0,nan,0,nan,0,nan,nan,nan,nan,nan,nan
fog_size,10,100,90.0,9.0,10.0,5,47,2dp_fhs,,928,10.0,127.1828111414326,101.32357547867498,348.96047615394366,550.0,0.7241379310344828,0.27586206896551724,0.0,0.7469852467545522,0.0,30.487230406401252,1.0538929002089559,78672.62706041947,76.0,81.89655172413794,1.2987012987012987,0.0,322.09999999999985,0.32209999999999983,0.32209999999999983,69.71894606264985,1756.9293924941826,1474.5448385310747,155187940.5380509,1.297392630773819,0.0,0.0,0.0,nan,0,nan,0,nan,nan,nan,nan,nan,nan
fog_size,10,100,90.0,9.0,10.0,5,47,3d_pos,,928,10.0,120.16802423067159,90.15733115220792,323.6834572603903,550.0,0.7672413793103449,0.23275862068965514,0.0,0.5806946759411047,0.0,7.541744804265754,1.003838176013821,78679.1438128009,0.0,0.0,100.0,0.0,493.90000000000003,0.49390000000000006,0.49390000000000006,42.443552746539545,1709.34282730686,1320.9237246186028,187983784.97723338,1.1523760177673297,0.0,0.0,0.0,nan,0,nan,0,nan,nan,nan,nan,nan,nan
fog_size,15,150,135.0,9.0,10.0,5,47,spotis,,1387,10.0,118.08666495360576,88.805808295084,327.60661432289237,550.0,0.8053352559480894,0.1946647440519106,0.0,0.5147801009372747,0.0,6.049615717375374,0.9963270414579145,117979.77447138463,0.0,0.0,100.0,1.9801980198019802,91.75346534653465,0.09175346534653465,0.09175346534653465,70.78891798295555,1495.8649726558817,1438.6505281630455,246938292.2948253,0.6917646013929978,98.01980198019803,0.0,0.0,nan,0,nan,0,11.35562036755984,22.792144059228225,7.813004829757486,27.4455583738489,20.9987011622353,9.59497120737025
fog_size,15,150,135.0,9.0,10.0,5,47,fu_serve,,1387,10.0,119.32074304951567,91.03630704203213,330.2484340815609,550.0,0.7894736842105263,0.21052631578947367,0.0,1.033020908435472,0.0,12.108874641709413,1.0174465486458235,117980.9811368433,0.0,0.0,100.0,0.0,101.60000000000001,0.10160000000000001,0.10160000000000002,84.18033370949348,1656.8892879646553,1300.7659206505598,54767261.98910632,1.4546854733878993,0.0,0.0,0.0,nan,0,nan,0,nan,nan,nan,nan,nan,nan
fog_size,15,150,135.0,9.0,10.0,5,47,2dp_fhs,,1387,10.0,128.4106892320948,104.65254905282428,352.8396409881424,550.0,0.7375630857966835,0.2624369142033165,0.0,0.7605721190085496,0.0,26.2219717787691,1.0955301217085005,117987.60448058392,91.0,65.60922855082913,1.0869565217391304,0.0,656.1999999999998,0.6561999999999998,0.6561999999999998,65.54056211947828,1511.7226623811855,1280.8081800546875,176514733.65791008,1.6270259953616715,0.0,0.0,0.0,nan,0,nan,0,nan,nan,nan,nan,nan,nan
fog_size,15,150,135.0,9.0,10.0,5,47,3d_pos,,1387,10.0,122.88601164924516,96.79988985321586,337.2196054498963,550.0,0.7764960346070656,0.22350396539293438,0.0,0.6553078631821837,0.0,13.234380336458216,1.034894483430534,117981.4585247308,27.0,19.46647440519106,3.5714285714285716,0.0,1028.7999999999995,1.0287999999999995,1.0287999999999995,56.378737960945145,1474.7973279853302,1143.6547169967946,143818892.20746619,1.747403032487935,0.0,0.0,0.0,nan,0,nan,0,nan,nan,nan,nan,nan,nan
fog_size,20,200,180.0,9.0,10.0,5,47,spotis,,1835,10.0,119.96054099978916,87.95481837160341,359.0810368163146,550.0,0.8092643051771117,0.19073569482288832,0.0,0.5336239782016348,0.0,6.042295912806245,1.0271847807851866,157929.02190142058,0.0,0.0,100.0,2.9702970297029703,103.480198019802,0.103480198019802,0.10348019801980202,57.36288901767019,1798.2789636579785,1931.0613031446605,229644725.05590782,0.7094753519404668,97.02970297029702,0.0,0.9900990099009901,nan,0,nan,0,11.344521957266261,23.25444826978619,8.075985391709468,24.779635869523553,22.96536655488914,9.58004195682538
fog_size,20,200,180.0,9.0,10.0,5,47,fu_serve,,1835,10.0,120.83438044052922,92.20968356549886,349.6577760192869,550.0,0.8103542234332425,0.18964577656675752,0.0,0.9146566885067281,0.0,10.28335314102924,1.0505758883687792,157965.85884795897,0.0,0.0,100.0,0.0,152.20000000000007,0.15220000000000009,0.15220000000000009,84.35395475855229,1658.8675159505237,1748.9692443894603,147096087.68101293,1.3127447901632372,0.0,0.0,0.0,nan,0,nan,0,nan,nan,nan,nan,nan,nan
fog_size,20,200,180.0,9.0,10.0,5,47,2dp_fhs,,1835,10.0,129.41654594913382,104.22229929925031,370.1774192886374,550.0,0.7455040871934605,0.2544959128065395,0.0,0.7751928215908568,0.0,21.761062653124227,1.1277067489654855,157946.35533453937,87.0,47.41144414168937,1.1363636363636365,0.0,1070.8,1.0708,1.0708,73.12295349199454,1480.1848306910476,1511.7728603041369,220830010.80031255,2.085405175220345,0.0,0.0,0.0,nan,0,nan,0,nan,nan,nan,nan,nan,nan
fog_size,20,200,180.0,9.0,10.0,5,47,3d_pos,,1835,10.0,125.64034122122145,97.48096657121775,365.8206101728142,550.0,0.7760217983651226,0.22397820163487736,0.0,0.6157716300792488,0.0,16.355505890013863,1.0756921359419955,157935.438103536,60.0,32.69754768392371,1.639344262295082,0.0,1766.200000000001,1.7662000000000009,1.7662000000000007,58.375292841498435,2069.4787158405657,1966.6867643942244,191122148.43055633,2.2511669569328427,0.0,0.0,0.0,nan,0,nan,0,nan,nan,nan,nan,nan,nan
fog_size,5,50,45.0,9.0,10.0,6,48,spotis,,476,10.0,129.55549669065508,98.61264287142444,378.3946133367262,550.0,0.6953781512605042,0.3046218487394958,0.0,0.43991596638655456,0.0,6.104142857142352,0.9962680511602727,39286.708521939865,0.0,0.0,100.0,3.9603960396039604,66.09108910891092,0.06609108910891093,0.06609108910891093,46.74237392233208,1000.7887043232544,992.1700659881552,284022060.9061869,0.6529521321446076,96.03960396039604,0.0,0.0,nan,0,nan,0,8.710771861246132,17.960827814245654,5.687982783732477,49.549143557931046,10.778927145628344,7.3123468372163325
fog_size,5,50,45.0,9.0,10.0,6,48,fu_serve,,476,10.0,129.32048168261616,100.34713095762748,358.5966067769076,550.0,0.6974789915966386,0.3025210084033614,0.0,0.713132494948474,0.0,9.6624675444769,1.013333220578997,39293.370426238034,0.0,0.0,100.0,0.0,18.40000000000001,0.01840000000000001,0.01840000000000001,72.07198488588632,1229.7206532928776,1132.1495854287436,127842762.16359007,0.9942677185750287,0.0,0.0,0.0,nan,0,nan,0,nan,nan,nan,nan,nan,nan
fog_size,5,50,45.0,9.0,10.0,6,48,2dp_fhs,,476,10.0,138.40225679872395,121.75965845012549,376.0940454776649,550.0,0.6365546218487395,0.36344537815126055,0.0,0.6116081460652141,0.0,47.01367428383602,1.1566841296078967,39307.419088277005,72.0,151.26050420168067,1.36986301369863,0.0,112.79999999999994,0.11279999999999994,0.11279999999999994,67.9323699070528,1190.1329232644414,1223.0087702783474,167182148.63558283,1.1423503750764061,0.0,0.0,0.0,nan,0,nan,0,nan,nan,nan,nan,nan,nan
fog_size,5,50,45.0,9.0,10.0,6,48,3d_pos,,476,10.0,129.56783261502483,98.64770537142442,378.4647383367261,550.0,0.6953781512605042,0.3046218487394958,0.0,0.43991596638655456,0.0,6.250682773109057,0.9964766667191853,39286.77757368986,0.0,0.0,100.0,0.0,159.1,0.1591,0.1591,46.74235908149877,1000.7887043232544,992.1700659881552,284135663.40618694,0.7227981321446073,0.0,0.0,0.0,nan,0,nan,0,nan,nan,nan,nan,nan,nan
fog_size,10,100,90.0,9.0,10.0,6,48,spotis,,937,10.0,120.5571021326504,93.82647937128397,310.6539815613274,550.0,0.7566702241195304,0.24332977588046956,0.0,0.5084733158393321,0.0,6.243960917078734,1.0059087397695767,78627.07689050824,0.0,0.0,100.0,3.9603960396039604,79.29108910891087,0.07929108910891086,0.07929108910891086,97.23544910336507,2267.2866983184636,2162.5154955237504,194339213.54524282,0.6884741437989752,96.03960396039604,0.0,0.0,nan,0,nan,0,12.449265024419487,19.187697984311118,6.449897706292967,34.74830491680595,17.06649144074734,10.098342927423134
fog_size,10,100,90.0,9.0,10.0,6,48,fu_serve,,937,10.0,120.0324399187026,94.53172633296525,308.2638672946978,550.0,0.7566702241195304,0.24332977588046956,0.0,0.579968319369819,0.0,7.133305457578506,0.9957838469172011,78619.89834147591,0.0,0.0,100.0,0.0,53.0,0.053,0.053,71.45849684700863,1705.0965004183242,1818.0235943881114,169302330.6392677,0.7693563760184756,0.0,0.0,0.0,nan,0,nan,0,nan,nan,nan,nan,nan,nan
fog_size,10,100,90.0,9.0,10.0,6,48,2dp_fhs,,937,10.0,128.63800106009668,109.12924998468831,341.22099676014506,550.0,0.7225186766275347,0.27748132337246534,0.0,0.7609876907893522,0.0,31.402890039306364,1.0521351122789477,78626.18306502447,79.0,84.31163287086446,1.25,0.0,322.09999999999985,0.32209999999999983,0.32209999999999983,56.801267025934585,1891.6147501347907,1852.7000013629943,192391714.9599746,1.3401025369756934,0.0,0.0,0.0,nan,0,nan,0,nan,nan,nan,nan,nan,nan
fog_size,10,100,90.0,9.0,10.0,6,48,3d_pos,,937,10.0,120.53501509374698,92.18848772972964,316.463746601886,550.0,0.7609391675560299,0.23906083244397014,0.0,0.6253314423378666,0.0,8.107460510266776,0.9759854060591983,78609.76518853182,0.0,0.0,100.0,0.0,493.90000000000003,0.49390000000000006,0.49390000000000006,80.78618204369872,2814.3799898572242,2533.652385340078,160186110.1294298,1.2477997238810055,0.0,0.0,0.0,nan,0,nan,0,nan,nan,nan,nan,nan,nan
fog_size,15,150,135.0,9.0,10.0,6,48,spotis,,1351,10.0,117.97510905225008,91.39851245255848,313.70850888613836,546.2198171490256,0.7905255366395263,0.2094744633604737,0.0,0.531171382172205,0.0,6.212043015658518,1.0246719644928635,118577.93240585447,0.0,0.0,100.0,1.9801980198019802,91.75346534653465,0.09175346534653465,0.09175346534653465,79.52810366015359,1872.0991817967556,1743.0424053739916,247464988.99971345,0.7113258898560859,98.01980198019803,0.0,0.0,nan,0,nan,0,14.938734231867443,21.303142585858023,7.257155366815236,24.641993894615716,19.245026461244965,12.613947459598615
fog_size,15,150,135.0,9.0,10.0,6,48,fu_serve,,1351,10.0,117.47245071298154,91.53896362183822,298.90631297271943,530.713070643618,0.7957068837897854,0.20429311621021462,0.0,0.7505493090896931,0.0,8.695795743241366,1.008522528083665,118567.74446546604,0.0,0.0,100.0,0.0,101.60000000000001,0.10160000000000001,0.10160000000000002,85.77444409203135,2767.5651722763355,2800.1025581847457,153261779.66541404,1.0242989895814005,0.0,0.0,0.0,nan,0,nan,0,nan,nan,nan,nan,nan,nan
fog_size,15,150,135.0,9.0,10.0,6,48,2dp_fhs,,1351,10.0,126.89574576559009,105.47333371201218,340.5718205771833,550.0,0.7446336047372317,0.2553663952627683,0.0,0.827001562166493,0.0,25.882776846909817,1.0901820864645426,118580.30592675942,82.0,60.69578090303479,1.2048192771084338,0.0,656.1999999999998,0.6561999999999998,0.6561999999999998,59.96858921600071,1869.798461784194,1792.552552661066,192790279.87516093,1.79216103398551,0.0,0.0,0.0,nan,0,nan,0,nan,nan,nan,nan,nan,nan
fog_size,15,150,135.0,9.0,10.0,6,48,3d_pos,,1351,10.0,121.02692470337301,96.8842493934674,313.9281127851161,550.0,0.7809030347890451,0.2190969652109549,0.0,0.563419457701403,0.0,14.225204585633382,1.0252381776359338,118565.209025182,37.0,27.387120651369354,2.6315789473684212,0.0,1028.7999999999995,1.0287999999999995,1.0287999999999995,78.58692831351097,1842.0238243174742,1721.7833071023756,218074192.14100006,1.5082923199787888,0.0,0.0,0.0,nan,0,nan,0,nan,nan,nan,nan,nan,nan
fog_size,20,200,180.0,9.0,10.0,6,48,spotis,,1813,10.0,118.45291977941548,90.2626906183166,328.9539933524225,550.0,0.7997793712079426,0.20022062879205738,0.0,0.541136188624531,0.0,6.194791189742065,1.019192252624162,158616.61937134093,0.0,0.0,100.0,1.9801980198019802,103.35346534653466,0.10335346534653467,0.10335346534653467,71.71875060489243,1842.0981003428215,1827.1274416536035,288627641.5418421,0.7282919307819244,98.01980198019803,0.0,0.0,nan,0,nan,0,14.553963631974762,21.63062326720137,7.655771682932475,21.099666616779274,23.056704138297015,12.003270662815115
fog_size,20,200,180.0,9.0,10.0,6,48,fu_serve,,1813,10.0,120.21570192435311,94.87445467845035,322.3636453384196,550.0,0.7981246552675124,0.20187534473248758,0.0,1.0550468836183118,0.0,12.125294263650623,1.0362332161447545,158638.22006879732,0.0,0.0,100.0,0.0,152.20000000000007,0.15220000000000009,0.15220000000000009,75.93109282286412,1278.4411331377364,1321.5279096425124,72024874.70890214,1.5542907498375336,0.0,0.0,0.0,nan,0,nan,0,nan,nan,nan,nan,nan,nan
fog_size,20,200,180.0,9.0,10.0,6,48,2dp_fhs,,1813,10.0,128.409788735901,105.65842541497084,340.3010745382207,550.0,0.7495863210148924,0.2504136789851076,0.0,0.9487555186034087,0.0,22.549634273248376,1.086712314129267,158615.63263993754,76.0,41.919470490899066,1.2987012987012987,0.0,1070.8,1.0708,1.0708,73.84414954434976,1306.184726458564,1357.5075652956366,115387899.6722695,2.605204036720518,0.0,0.0,0.0,nan,0,nan,0,nan,nan,nan,nan,nan,nan
fog_size,20,200,180.0,9.0,10.0,6,48,3d_pos,,1813,10.0,125.44362288164358,100.89319715025091,334.78031929561087,550.0,0.7661334804191947,0.2338665195808053,0.0,0.6316428163731409,0.0,14.515925980133849,1.0720635000476602,158627.88680660207,44.0,24.269167126309984,2.2222222222222223,0.0,1766.200000000001,1.7662000000000009,1.7662000000000007,72.76152975911982,1699.8702747468187,1659.9255335474988,206005575.54850328,2.364367323284774,0.0,0.0,0.0,nan,0,nan,0,nan,nan,nan,nan,nan,nan
fog_size,5,50,45.0,9.0,10.0,7,49,spotis,,463,10.0,134.10545368591553,97.08081688586034,432.0132090253473,550.0,0.6803455723542117,0.31965442764578833,0.0,0.4341252699784017,0.0,6.107066954643098,1.0052007583938736,39273.58203589988,0.0,0.0,100.0,3.9603960396039604,66.09108910891092,0.06609108910891093,0.06609108910891093,40.294661976630714,1333.7699783575504,1960.7159692762984,124880701.57116854,0.6495240760626609,96.03960396039604,0.0,0.0,nan,0,nan,0,4.601234492988163,22.68084279629566,7.421837669132879,50.7395276870765,10.582407890635212,3.9741494638715844
fog_size,5,50,45.0,9.0,10.0,7,49,fu_serve,,463,10.0,134.0998320876434,97.08081688586034,432.0132090253473,550.0,0.6803455723542117,0.31965442764578833,0.0,0.4341252699784017,0.0,6.02980561555003,1.0050871964891115,39273.54626389988,0.0,0.0,100.0,0.0,18.40000000000001,0.01840000000000001,0.01840000000000001,40.29466973229744,1333.7699783575504,1960.7159692762984,124860244.57116838,0.613845076062661,0.0,0.0,0.0,nan,0,nan,0,nan,nan,nan,nan,nan,nan
fog_size,5,50,45.0,9.0,10.0,7,49,2dp_fhs,,463,10.0,143.31142352895228,121.12824191639837,435.3004200098259,550.0,0.6393088552915767,0.36069114470842334,0.0,0.6015800743557633,0.0,48.1789824776708,1.093588349182402,39280.645948363795,72.0,155.5075593952484,1.36986301369863,0.0,112.79999999999994,0.11279999999999994,0.11279999999999994,51.56360494066102,1657.2219178732187,2099.4257910316883,156230238.23822233,1.8384927006344347,0.0,0.0,0.0,nan,0,nan,0,nan,nan,nan,nan,nan,nan
fog_size,5,50,45.0,9.0,10.0,7,49,3d_pos,,463,10.0,138.78787812134098,116.180448337877,404.26356576109396,550.0,0.6436285097192225,0.3563714902807775,0.0,0.7376723281167366,0.0,32.66319080392936,1.1041237166606903,39285.97266457068,40.0,86.39308855291577,2.4390243902439024,0.0,159.1,0.1591,0.1591,58.36748184878148,2718.469026532821,2586.05795578719,86556915.88033164,1.5056979037310083,0.0,0.0,0.0,nan,0,nan,0,nan,nan,nan,nan,nan,nan
fog_size,10,100,90.0,9.0,10.0,7,49,spotis,,926,10.0,124.6121305461704,94.31438299819695,354.62047178185566,550.0,0.7613390928725702,0.23866090712742982,0.0,0.48596112311015105,0.0,6.064124190064358,0.9940143453332202,78614.66770747154,0.0,0.0,100.0,2.9702970297029703,79.16831683168314,0.07916831683168314,0.07916831683168314,39.73195233416239,1726.121413074711,1575.3733749740786,163965605.8793545,0.6785122500433474,97.02970297029702,0.0,0.0,nan,0,nan,0,8.216570411020975,22.71367362203962,8.019201800898864,33.17295391831665,20.835564456722707,7.042035791001176
fog_size,10,100,90.0,9.0,10.0,7,49,fu_serve,,926,10.0,125.5534142288852,96.64211469394701,352.7365413846105,550.0,0.7375809935205183,0.2624190064794817,0.0,0.6395358200073998,0.0,8.038228792426196,1.015563621067709,78607.51754720086,0.0,0.0,100.0,0.0,53.0,0.053,0.053,81.87610208850344,1655.220189561308,1511.6171135018494,234139712.97838974,0.8918823078614763,0.0,0.0,0.0,nan,0,nan,0,nan,nan,nan,nan,nan,nan
fog_size,10,100,90.0,9.0,10.0,7,49,2dp_fhs,,926,10.0,133.80119650674385,105.5988646160273,409.1628789606467,550.0,0.7181425485961123,0.28185745140388774,0.0,0.890441183019199,0.0,29.561600066065605,1.0833190419758245,78634.29475692552,66.0,71.2742980561555,1.492537313432836,0.0,322.09999999999985,0.32209999999999983,0.32209999999999983,57.88042994817305,1219.9403439204016,1269.8570618229664,96493867.29008284,1.6023455145217305,0.0,0.0,0.0,nan,0,nan,0,nan,nan,nan,nan,nan,nan
fog_size,10,100,90.0,9.0,10.0,7,49,3d_pos,,926,10.0,125.35493982675403,94.49505233192035,355.1349273660103,550.0,0.755939524838013,0.24406047516198703,0.0,0.48531317494600423,0.0,6.400026997839812,1.0048558540374775,78617.28669183784,0.0,0.0,100.0,0.0,493.90000000000003,0.49390000000000006,0.49390000000000006,39.73192939683712,1726.121413074711,1575.3733749740786,161947561.25020888,0.9896512500433475,0.0,0.0,0.0,nan,0,nan,0,nan,nan,nan,nan,nan,nan
fog_size,15,150,135.0,9.0,10.0,7,49,spotis,,1335,10.0,123.078476725585,91.35191193457715,375.50547530595003,550.0,0.7850187265917603,0.2149812734082397,0.0,0.5292249572729121,0.0,6.228949010144604,1.0323955168186334,118284.74767840754,0.0,0.0,100.0,2.9702970297029703,91.88019801980198,0.09188019801980198,0.09188019801980198,96.54098700246644,1987.7854453468642,1900.2164732995113,318338860.18419653,0.7190740609480887,97.02970297029702,0.0,0.0,nan,0,nan,0,15.72576975904168,19.678520877247802,7.035767698036153,23.476380627845963,21.1968120021271,12.8867490357013
fog_size,15,150,135.0,9.0,10.0,7,49,fu_serve,,1335,10.0,124.60115051277752,94.72605472949894,358.6578035405023,550.0,0.7842696629213484,0.21573033707865163,0.0,1.0435955056179773,0.0,12.113586516852914,1.054865621312037,118307.24148229531,0.0,0.0,100.0,0.0,101.60000000000001,0.10160000000000001,0.10160000000000002,92.11614217954107,2163.721937832818,2040.8280363994938,123539875.17254467,1.4690380131921148,0.0,0.0,0.0,nan,0,nan,0,nan,nan,nan,nan,nan,nan
fog_size,15,150,135.0,9.0,10.0,7,49,2dp_fhs,,1335,10.0,132.0940268262233,106.01576473521578,385.76325543187426,550.0,0.7318352059925094,0.2681647940074906,0.0,0.7592379461313012,0.0,26.587849567848505,1.1175932187687672,118294.68575151869,88.0,65.91760299625469,1.1235955056179776,0.0,656.1999999999998,0.6561999999999998,0.6561999999999998,81.99326878127994,2150.5424129586086,2146.301484896865,173039532.31940582,1.6836521335255252,0.0,0.0,0.0,nan,0,nan,0,nan,nan,nan,nan,nan,nan
fog_size,15,150,135.0,9.0,10.0,7,49,3d_pos,,1335,10.0,127.89009930422911,100.17513211565188,360.26694736933155,550.0,0.7558052434456929,0.2441947565543071,0.0,0.5432911288440513,0.0,13.013702483256107,1.0689923437271625,118281.4104516023,31.0,23.220973782771537,3.125,0.0,1028.7999999999995,1.0287999999999995,1.0287999999999995,94.7434905380386,1997.8211398966744,1911.8390285036573,195054991.67307836,1.4814620958536477,0.0,0.0,0.0,nan,0,nan,0,nan,nan,nan,nan,nan,nan
fog_size,20,200,180.0,9.0,10.0,7,49,spotis,,1749,10.0,122.65183071709615,93.43489243959979,347.1866804814189,550.0,0.7918810748999429,0.20811892510005714,0.0,0.537026561987387,0.0,6.2332266576071715,1.0428584507818415,158210.50205987156,0.0,0.0,100.0,2.9702970297029703,103.480198019802,0.103480198019802,0.10348019801980202,85.58113867705582,1311.0122621032483,1277.2534816756333,347043075.27567464,0.74182778849376,97.02970297029702,0.0,0.9900990099009901,nan,0,nan,0,13.973315970505102,21.10052324196214,7.489570764137069,19.282531801999212,26.581188754661017,11.572869466735456
fog_size,20,200,180.0,9.0,10.0,7,49,fu_serve,,1749,10.0,121.50089394384185,92.37808223273669,330.19090662934366,550.0,0.793596340766152,0.20640365923384796,0.0,0.6606229932980842,0.0,7.633804842984164,1.0392302898019246,158208.59474778373,0.0,0.0,100.0,0.0,152.20000000000007,0.15220000000000009,0.15220000000000009,92.66424864967146,1233.4072520900559,1196.4343573412784,185292413.061964,0.9654980897252043,0.0,0.0,0.0,nan,0,nan,0,nan,nan,nan,nan,nan,nan
fog_size,20,200,180.0,9.0,10.0,7,49,2dp_fhs,,1749,10.0,132.10413762383752,108.08228824352106,376.65445035483015,550.0,0.7238421955403087,0.2761578044596913,0.0,0.8558073645610133,0.0,22.523693313022726,1.1256646679564526,158191.23457517158,80.0,45.740423098913666,1.2345679012345678,0.0,1070.8,1.0708,1.0708,72.62952601549696,1251.6877167541202,1263.619054796798,112026211.11163668,2.395535888021682,0.0,0.0,0.0,nan,0,nan,0,nan,nan,nan,nan,nan,nan
fog_size,20,200,180.0,9.0,10.0,7,49,3d_pos,,1749,10.0,125.97078250703434,96.88063281129745,372.62466271920187,550.0,0.7810177244139508,0.2189822755860492,0.0,0.5788819518352245,0.0,12.567828086124923,1.0539591763563765,158205.8513404415,34.0,19.439679817038307,2.857142857142857,0.0,1766.200000000001,1.7662000000000009,1.7662000000000007,80.1258597384262,1324.3162052516263,1275.7484817910536,206796638.30983794,2.166940929947089,0.0,0.0,0.0,nan,0,nan,0,nan,nan,nan,nan,nan,nan
fog_size,5,50,45.0,9.0,10.0,8,50,spotis,,425,10.0,131.83357878912676,99.5697392847007,378.0717463720068,550.0,0.7058823529411765,0.2941176470588235,0.0,0.4291764705882352,0.0,6.116639999999439,0.9948267462699907,39255.391820886805,0.0,0.0,100.0,3.9603960396039604,66.09108910891092,0.06609108910891093,0.06609108910891093,47.616575141834,1521.4317207872105,1448.0766160519486,138683033.1818243,0.6553032765836412,96.03960396039604,0.0,0.0,nan,0,nan,0,8.506267999899292,21.919494048888343,7.541890242308176,40.42754221884623,14.345167643414673,7.259637846643279
fog_size,5,50,45.0,9.0,10.0,8,50,fu_serve,,425,10.0,132.8005778555882,102.247920533026,372.20622829748925,550.0,0.6964705882352941,0.30352941176470594,0.0,0.7949196983601309,0.0,11.284407893795851,1.0092559384893143,39255.68355479865,0.0,0.0,100.0,0.0,18.40000000000001,0.01840000000000001,0.01840000000000001,86.86932125807319,1123.2163766741069,1587.2318983686212,51926750.995606594,1.1697061304328695,0.0,0.0,0.0,nan,0,nan,0,nan,nan,nan,nan,nan,nan
fog_size,5,50,45.0,9.0,10.0,8,50,2dp_fhs,,425,10.0,142.4836664971299,118.73151366772383,445.90470688671934,550.0,0.6517647058823529,0.3482352941176471,0.0,0.7409002353442761,0.0,46.3444548284801,1.1374819266556846,39272.02629068943,60.0,141.1764705882353,1.639344262295082,0.0,112.79999999999994,0.11279999999999994,0.11279999999999994,73.18729554384713,1348.3351878487113,1640.2071095423476,129947076.57186022,1.4319047616019838,0.0,0.0,0.0,nan,0,nan,0,nan,nan,nan,nan,nan,nan
fog_size,5,50,45.0,9.0,10.0,8,50,3d_pos,,425,10.0,131.84654814206795,99.5697392847007,378.29614637200586,550.0,0.7058823529411765,0.2941176470588235,0.0,0.4291764705882352,0.0,6.28076470588214,0.9950592562699913,39255.46157388681,0.0,0.0,100.0,0.0,159.1,0.1591,0.1591,47.61656018706799,1521.4317207872105,1448.0766160519486,138735347.93182427,0.7251492765836409,0.0,0.0,0.0,nan,0,nan,0,nan,nan,nan,nan,nan,nan
fog_size,10,100,90.0,9.0,10.0,8,50,spotis,,893,10.0,125.38844011957138,96.82959414826087,348.46519229298525,550.0,0.7592385218365062,0.2407614781634938,0.0,0.4817469204927211,0.0,6.06649384098503,1.0169507712077883,78717.42873272211,0.0,0.0,100.0,2.9702970297029703,79.16831683168314,0.07916831683168314,0.07916831683168314,41.91278621574438,1269.2618645975144,1422.8123598567195,223154879.235301,0.6849826744650153,97.02970297029702,0.0,0.0,nan,0,nan,0,10.72038348419654,22.968159865372815,8.254925266850215,27.510740378764087,21.403755374778225,9.14203563003812
fog_size,10,100,90.0,9.0,10.0,8,50,fu_serve,,893,10.0,126.04670938526431,99.08601987053922,347.6794905940107,550.0,0.7536394176931691,0.2463605823068309,0.0,0.8702532955828556,0.0,10.90356444295431,1.0296186680891808,78720.86947346723,0.0,0.0,100.0,0.0,53.0,0.053,0.053,80.21851896747572,1483.422659966155,1517.5392256150344,70723610.60985948,1.2366313967725282,0.0,0.0,0.0,nan,0,nan,0,nan,nan,nan,nan,nan,nan
fog_size,10,100,90.0,9.0,10.0,8,50,2dp_fhs,,893,10.0,133.11633539834222,109.61488302160127,373.48504001919326,550.0,0.7110862262038073,0.28891377379619265,0.0,0.83870760881231,0.0,32.33483391180264,1.1085560903025344,78731.8692271853,75.0,83.98656215005599,1.3157894736842106,0.0,322.09999999999985,0.32209999999999983,0.32209999999999983,58.05666349276727,1390.7205035273641,1451.3089386716852,112768331.59697112,1.5206070474482853,0.0,0.0,0.0,nan,0,nan,0,nan,nan,nan,nan,nan,nan
fog_size,10,100,90.0,9.0,10.0,8,50,3d_pos,,893,10.0,127.14943524421322,99.43761546796637,364.8060934724074,550.0,0.7513997760358343,0.2486002239641657,0.0,0.533832878945109,0.0,10.01185875669037,1.0241884045222276,78715.16652927762,10.0,11.198208286674133,9.090909090909092,0.0,493.90000000000003,0.49390000000000006,0.49390000000000006,69.93610055774835,1318.7711411044445,1331.1799055318222,141598720.26704425,1.107665420368957,0.0,0.0,0.0,nan,0,nan,0,nan,nan,nan,nan,nan,nan
fog_size,15,150,135.0,9.0,10.0,8,50,spotis,,1333,10.0,123.6976540923792,93.34234850074697,362.8951747426146,550.0,0.7704426106526632,0.22955738934733683,0.0,0.5036759189797448,0.0,6.051697674418365,1.0261669046696857,119343.25058895256,0.0,0.0,100.0,2.9702970297029703,91.88019801980198,0.09188019801980198,0.09188019801980198,97.63911529262963,1464.7342784609716,1309.2953993133412,221051263.58278275,0.7056196172564081,97.02970297029702,0.0,0.0,nan,0,nan,0,18.541292215873373,19.232333351862835,7.373813901107185,17.65902538545634,22.41332224263005,14.780212903070208
fog_size,15,150,135.0,9.0,10.0,8,50,fu_serve,,1333,10.0,124.86792515349681,98.16285823189786,364.0537150889781,550.0,0.7629407351837959,0.2370592648162041,0.0,0.9965491372843209,0.0,12.113756939233747,1.0541260147791651,119361.4233348872,0.0,0.0,100.0,0.0,101.60000000000001,0.10160000000000001,0.10160000000000002,96.01148172861957,1263.720515697711,1111.5629593080241,69586600.52817146,1.4976330436302339,0.0,0.0,0.0,nan,0,nan,0,nan,nan,nan,nan,nan,nan
fog_size,15,150,135.0,9.0,10.0,8,50,2dp_fhs,,1333,10.0,131.58307081256243,106.50961132773307,371.8680564573351,550.0,0.7284321080270068,0.27156789197299325,0.0,0.8698898625468701,0.0,25.444748381424816,1.1227710587193735,119379.5878758733,75.0,56.264066016504124,1.3157894736842106,0.0,656.1999999999998,0.6561999999999998,0.6561999999999998,83.72472077648099,1284.083197165328,1194.2037417013662,159074656.72076863,1.983076985974985,0.0,0.0,0.0,nan,0,nan,0,nan,nan,nan,nan,nan,nan
fog_size,15,150,135.0,9.0,10.0,8,50,3d_pos,,1333,10.0,124.87958763788546,95.61801764133371,351.7126591300823,550.0,0.7659414853713429,0.23405851462865712,0.0,0.5562549291012082,0.0,9.642397324114835,1.0365320219196914,119347.67637223679,12.0,9.00225056264066,7.6923076923076925,0.0,1028.7999999999995,1.0287999999999995,1.0287999999999995,80.62430727514354,1339.189064824259,1175.5437515440783,142726751.4489438,1.567969223177341,0.0,0.0,0.0,nan,0,nan,0,nan,nan,nan,nan,nan,nan
fog_size,20,200,180.0,9.0,10.0,8,50,spotis,,1751,10.0,125.84529682365238,95.80437633204753,387.5730686629256,550.0,0.7852655625356939,0.2147344374643061,0.0,0.5682718982684173,0.0,6.603286643168027,1.0788385772980986,158171.8975335232,0.0,0.0,100.0,1.9801980198019802,103.35346534653466,0.10335346534653467,0.10335346534653467,94.10028524418489,2292.236628771781,2445.3640408483598,228033110.48743728,0.7751895665655719,98.01980198019803,0.0,0.0,nan,0,nan,0,15.68226096035373,20.534380249707258,7.652447288004298,18.14310420355392,24.97490322613966,13.012904072241133
fog_size,20,200,180.0,9.0,10.0,8,50,fu_serve,,1751,10.0,125.8076606737193,97.48431430150362,363.84386680859745,550.0,0.7818389491719018,0.21816105082809822,0.0,0.8709077174871525,0.0,10.141196271427706,1.0809553790257376,158168.32240362454,0.0,0.0,100.0,0.0,152.20000000000007,0.15220000000000009,0.15220000000000009,97.08380552084668,2185.9811448599326,2296.3634735276646,126765804.7522373,1.3010131844064594,0.0,0.0,0.0,nan,0,nan,0,nan,nan,nan,nan,nan,nan
fog_size,20,200,180.0,9.0,10.0,8,50,2dp_fhs,,1751,10.0,134.58286780054553,109.0568267017289,400.7985320880176,550.0,0.721302113078241,0.278697886921759,0.0,0.9314762553685783,0.0,24.432476919603243,1.171680452680142,158168.3269014733,85.0,48.54368932038835,1.1627906976744187,0.0,1070.8,1.0708,1.0708,69.34916284739188,2098.430412884251,2218.251304095728,132713630.14379185,2.6140030514313737,0.0,0.0,0.0,nan,0,nan,0,nan,nan,nan,nan,nan,nan
fog_size,20,200,180.0,9.0,10.0,8,50,3d_pos,,1751,10.0,132.45506310502518,104.18771096906454,392.1709017029689,550.0,0.7361507709880069,0.26384922901199315,0.0,0.6427610299022213,0.0,16.468231027660853,1.1638529421967356,158188.7009322299,53.0,30.268418046830384,1.8518518518518519,0.0,1766.200000000001,1.7662000000000009,1.7662000000000007,55.662358665097386,2395.440650293951,2502.783447581356,201508684.76078507,2.4443095092033915,0.0,0.0,0.0,nan,0,nan,0,nan,nan,nan,nan,nan,nan
fog_size,5,50,45.0,9.0,10.0,9,51,spotis,,436,10.0,125.21879816875672,94.21988393188654,348.2181321410152,550.0,0.7224770642201835,0.27752293577981646,0.0,0.4541284403669724,0.0,6.102962058622523,0.9297259083262552,39249.807458128584,0.0,0.0,100.0,4.9504950495049505,66.21386138613865,0.06621386138613865,0.06621386138613865,92.80122544740992,2252.4381471200554,2309.6391860220774,144171083.05067456,0.6543202753257137,95.04950495049505,0.0,0.0,nan,0,nan,0,13.471334544358884,19.14953526065835,5.7099707224185785,42.026622741259516,8.69446572405602,10.94807100724865
fog_size,5,50,45.0,9.0,10.0,9,51,fu_serve,,436,10.0,125.2135977100411,94.21988393188654,348.2181321410152,550.0,0.7224770642201835,0.27752293577981646,0.0,0.4541284403669724,0.0,6.020916187062694,0.9296134702310168,39249.77204012858,0.0,0.0,100.0,0.0,18.40000000000001,0.01840000000000001,0.01840000000000001,92.80123320417891,2252.4381471200554,2309.6391860220774,144146657.0506744,0.6185482753257135,0.0,0.0,0.0,nan,0,nan,0,nan,nan,nan,nan,nan,nan
fog_size,5,50,45.0,9.0,10.0,9,51,2dp_fhs,,436,10.0,134.24616560814948,114.4916574577436,368.4776626558656,550.0,0.6811926605504587,0.3188073394495413,0.0,0.6720561702237882,0.0,48.68692105034932,1.0593308994579775,39271.565074144826,68.0,155.96330275229357,1.4492753623188406,0.0,112.79999999999994,0.11279999999999994,0.11279999999999994,63.39661641784301,1862.5038228457593,2380.847692550513,107639226.65764797,2.028452467355814,0.0,0.0,0.0,nan,0,nan,0,nan,nan,nan,nan,nan,nan
fog_size,5,50,45.0,9.0,10.0,9,51,3d_pos,,436,10.0,128.89286651358287,104.2801822203736,365.5088585179433,550.0,0.6995412844036697,0.3004587155963303,0.0,0.5075230845340523,0.0,23.358256651574813,0.9952141933168648,39260.48412596746,28.0,64.22018348623853,3.4482758620689653,0.0,159.1,0.1591,0.1591,88.76676681726181,2386.334064366716,2436.258459001898,93319690.16352047,1.0695307494943298,0.0,0.0,0.0,nan,0,nan,0,nan,nan,nan,nan,nan,nan
fog_size,10,100,90.0,9.0,10.0,9,51,spotis,,884,10.0,114.57873079329092,80.83410321421391,340.1713539918339,550.0,0.8133484162895928,0.18665158371040724,0.0,0.5590736344309748,0.0,6.6017015055318335,0.915376945806237,78883.34917252095,0.0,0.0,100.0,2.9702970297029703,79.16831683168314,0.07916831683168314,0.07916831683168314,90.2212445115282,1284.4882875283772,1753.0733316415904,263011418.63835046,0.7330198500227021,97.02970297029702,0.0,0.0,nan,0,nan,0,9.051336965102404,23.684828708886954,6.470535348611895,37.75889918492909,15.428472932108422,7.6059268603612455
fog_size,10,100,90.0,9.0,10.0,9,51,fu_serve,,884,10.0,114.57559994401119,80.83410321421391,340.1176637578568,550.0,0.8133484162895928,0.18665158371040724,0.0,0.5590736344309748,0.0,6.577568776044209,0.9153478606421301,78883.32826028796,0.0,0.0,100.0,0.0,53.0,0.053,0.053,90.22124920058857,1284.4882875283772,1753.0733316415904,262970504.6383509,0.7117624672185116,0.0,0.0,0.0,nan,0,nan,0,nan,nan,nan,nan,nan,nan
fog_size,10,100,90.0,9.0,10.0,9,51,2dp_fhs,,884,10.0,123.47874256466206,97.03961328708877,352.66135265046864,550.0,0.755656108597285,0.24434389140271495,0.0,0.7007438870913875,0.0,33.15512731111424,1.0090144928746076,78899.21482972652,85.0,96.15384615384616,1.1627906976744187,0.0,322.09999999999985,0.32209999999999983,0.32209999999999983,66.24045553173193,1575.6108026741274,1977.8867363745421,176193168.15046266,1.401868491368556,0.0,0.0,0.0,nan,0,nan,0,nan,nan,nan,nan,nan,nan
fog_size,10,100,90.0,9.0,10.0,9,51,3d_pos,,884,10.0,111.48483716364714,80.2422847130133,314.54424158388923,550.0,0.8223981900452488,0.17760180995475117,0.0,0.518552036199095,0.0,6.419032805429526,0.9082652527023382,78885.50198720089,0.0,0.0,100.0,0.0,493.90000000000003,0.49390000000000006,0.49390000000000006,52.282759413466486,2693.8668801714193,2745.7431054589692,215568947.85293925,0.9836280607039665,0.0,0.0,0.0,nan,0,nan,0,nan,nan,nan,nan,nan,nan
fog_size,15,150,135.0,9.0,10.0,9,51,spotis,,1347,10.0,116.99423790338047,87.71820767734617,330.07762529840954,550.0,0.8121752041573868,0.18782479584261325,0.0,0.5709643632153734,0.0,6.573227929591657,0.975406989281577,119170.48885904391,0.0,0.0,100.0,2.9702970297029703,91.880198019802,0.09188019801980199,0.09188019801980199,96.76777639003261,1888.4336506042475,1958.8816351928147,209230037.8553388,0.7572459648093761,97.02970297029702,0.0,0.0,nan,0,nan,0,12.946471554058425,22.084767805089715,7.021231877594207,24.50559147580689,23.790904234933123,9.651033052517645
fog_size,15,150,135.0,9.0,10.0,9,51,fu_serve,,1347,10.0,116.99476610589997,87.71820767734617,330.07762529840954,550.0,0.8121752041573868,0.18782479584261325,0.0,0.5709643632153734,0.0,6.5791058048608315,0.9754142264826623,119170.4967765419,0.0,0.0,100.0,0.0,101.60000000000001,0.10160000000000001,0.10160000000000002,96.76777466882797,1888.4336506042475,1958.8816351928147,209241112.35533878,0.7652659988018976,0.0,0.0,0.0,nan,0,nan,0,nan,nan,nan,nan,nan,nan
fog_size,15,150,135.0,9.0,10.0,9,51,2dp_fhs,,1347,10.0,126.92282950935113,103.26934632919027,351.2829081628522,550.0,0.7557535263548627,0.2442464736451373,0.0,0.7257886582963683,0.0,26.12158671401717,1.0458726841915784,119168.0920052769,89.0,66.07275426874536,1.1111111111111112,0.0,656.1999999999998,0.6561999999999998,0.6561999999999998,63.97360260733912,1970.7141747286573,1995.1645035780596,187911408.92810443,1.5726716110810193,0.0,0.0,0.0,nan,0,nan,0,nan,nan,nan,nan,nan,nan
fog_size,15,150,135.0,9.0,10.0,9,51,3d_pos,,1347,10.0,122.82903201555673,96.23364812936508,338.781860520353,550.0,0.7646622123236823,0.23533778767631774,0.0,0.5731734127616765,0.0,16.5417197346595,1.0300351648092396,119164.32983252339,48.0,35.634743875278396,2.0408163265306123,0.0,1028.7999999999995,1.0287999999999995,1.0287999999999995,59.3233578139347,2297.237833962133,2199.6343166177153,215381401.31324908,1.5409287182285507,0.0,0.0,0.0,nan,0,nan,0,nan,nan,nan,nan,nan,nan
fog_size,20,200,180.0,9.0,10.0,9,51,spotis,,1803,10.0,118.49455163333538,87.91213476715765,343.8879479993893,550.0,0.8103161397670549,0.18968386023294515,0.0,0.5866719619112045,0.0,6.62531699118186,1.0043397978608344,158099.641066926,0.0,0.0,100.0,2.9702970297029703,103.480198019802,0.103480198019802,0.10348019801980202,96.86461409894456,1733.902597901435,1775.633276994911,320405805.8554035,0.7928885421708552,97.02970297029702,0.0,1.9801980198019802,nan,0,nan,0,13.39309543205959,22.519714795890806,7.146007104461061,23.073598941236774,22.834574310510373,11.033009415841391
fog_size,20,200,180.0,9.0,10.0,9,51,fu_serve,,1803,10.0,119.2221635331357,89.06318133616398,344.70014142950794,550.0,0.8097615085967831,0.1902384914032169,0.0,0.589225882143405,0.0,6.647519722551441,1.0213731241642734,158123.50538353116,0.0,0.0,100.0,0.0,152.20000000000007,0.15220000000000009,0.15220000000000009,96.86450208865305,1733.902597901435,1775.633276994911,280265237.4200232,0.833051551941989,0.0,0.0,0.0,nan,0,nan,0,nan,nan,nan,nan,nan,nan
fog_size,20,200,180.0,9.0,10.0,9,51,2dp_fhs,,1803,10.0,128.29311314657696,104.01788364436082,366.14053672822666,550.0,0.7509706045479756,0.2490293954520244,0.0,0.7748502853660564,0.0,21.853127375418925,1.0775204498348099,158091.26331132767,86.0,47.69828064337216,1.1494252873563218,0.0,1070.8,1.0708,1.0708,58.89661928391593,1719.6974236657427,1759.5136576405196,151126529.51614892,2.096603422591601,0.0,0.0,0.0,nan,0,nan,0,nan,nan,nan,nan,nan,nan
fog_size,20,200,180.0,9.0,10.0,9,51,3d_pos,,1803,10.0,125.56139602779649,96.81265533403227,356.92907164614275,550.0,0.7687188019966722,0.2312811980033278,0.0,0.6011843317486109,0.0,16.492388771252642,1.063909204081181,158106.87877910782,61.0,33.832501386577924,1.6129032258064515,0.0,1766.200000000001,1.7662000000000009,1.7662000000000007,62.43830872689365,1715.7682922685283,1743.6310981849135,282275118.70012593,2.2091024004304223,0.0,0.0,0.0,nan,0,nan,0,nan,nan,nan,nan,nan,nan
fog_size,5,50,45.0,9.0,10.0,10,52,spotis,,452,10.0,121.40837993150177,97.09444098544107,292.4663821915807,550.0,0.7013274336283186,0.2986725663716814,0.0,0.44734513274336274,0.0,6.1098783185835295,0.9475953755031804,39297.59476277765,0.0,0.0,100.0,4.9504950495049505,66.21386138613866,0.06621386138613866,0.06621386138613866,64.94132562389453,2142.0042758067443,2552.6788402839766,236627638.88970003,0.6653710850227202,95.04950495049505,0.0,0.0,nan,0,nan,0,6.1862952222580185,28.03312958868848,8.140551442311404,37.07654906729265,15.300428033614258,5.26304664583519
fog_size,5,50,45.0,9.0,10.0,10,52,fu_serve,,452,10.0,122.18426852283422,97.54733400864346,318.48927898502313,550.0,0.7057522123893806,0.2942477876106194,0.0,0.8832265414657069,0.0,11.766566411711144,0.9497310597757945,39300.17123681162,0.0,0.0,100.0,0.0,18.40000000000001,0.01840000000000001,0.01840000000000001,68.52223316986658,1901.349668176239,2381.723597236395,68644231.66928679,1.2485133214586677,0.0,0.0,0.0,nan,0,nan,0,nan,nan,nan,nan,nan,nan
fog_size,5,50,45.0,9.0,10.0,10,52,2dp_fhs,,452,10.0,132.0990592848911,116.2455053405944,315.62079241061866,550.0,0.6548672566371682,0.34513274336283184,0.0,0.6794347350662476,0.0,50.91042336712571,1.0765543453861444,39315.867114977445,75.0,165.92920353982302,1.3157894736842106,0.0,112.79999999999994,0.11279999999999994,0.11279999999999994,70.14127447419756,2019.8348668948304,2561.333315013558,148352321.85887435,1.890125009048355,0.0,0.0,0.0,nan,0,nan,0,nan,nan,nan,nan,nan,nan
fog_size,5,50,45.0,9.0,10.0,10,52,3d_pos,,452,10.0,122.1441366417226,95.04760369560583,329.47508483947655,550.0,0.7101769911504425,0.2898230088495575,0.0,0.5307885153232048,0.0,9.553038432061738,0.9537826916969416,39303.371272777855,4.0,8.849557522123893,20.0,0.0,159.1,0.1591,0.1591,78.46885845132653,3126.2256709512735,3515.151062500489,192018535.45503995,0.86137515451681,0.0,0.0,0.0,nan,0,nan,0,nan,nan,nan,nan,nan,nan
fog_size,10,100,90.0,9.0,10.0,10,52,spotis,,938,10.0,116.12987071091838,91.091773222423,296.61967504932176,550.0,0.7590618336886994,0.2409381663113006,0.0,0.4938166311300639,0.0,6.063402985074228,0.9613536107736651,78598.37136488246,0.0,0.0,100.0,3.9603960396039604,79.29108910891087,0.07929108910891086,0.07929108910891086,54.92154842617734,2161.6395967043622,2412.5247672334503,193983980.16132337,0.6651343228229081,96.03960396039604,0.0,0.0,nan,0,nan,0,13.646033932212848,18.93983477523382,6.266439009540903,33.54613647777577,16.26677871112825,11.334777094108421
fog_size,10,100,90.0,9.0,10.0,10,52,fu_serve,,938,10.0,116.56361624270346,91.46926264677452,308.0953341878091,550.0,0.7665245202558635,0.23347547974413652,0.0,0.5861421156416922,0.0,7.0802916010043715,0.9576804782982223,78602.45985790803,0.0,0.0,100.0,0.0,53.0,0.053,0.053,89.22507652671432,1867.3351179976532,1715.1872931411458,178277086.86814603,0.7586386645770615,0.0,0.0,0.0,nan,0,nan,0,nan,nan,nan,nan,nan,nan
fog_size,10,100,90.0,9.0,10.0,10,52,2dp_fhs,,938,10.0,125.17523726058714,102.34419846267983,334.48486256431255,550.0,0.7228144989339019,0.2771855010660981,0.0,0.7861713291980116,0.0,30.853522683796083,1.02526588238515,78609.01786226875,77.0,82.08955223880596,1.2820512820512822,0.0,322.09999999999985,0.32209999999999983,0.32209999999999983,69.61215362989518,1898.5680393325672,1807.0974334260306,145152565.9526841,1.3252081864850362,0.0,0.0,0.0,nan,0,nan,0,nan,nan,nan,nan,nan,nan
fog_size,10,100,90.0,9.0,10.0,10,52,3d_pos,,938,10.0,119.13237315091743,93.63212531655837,292.36836332230166,550.0,0.7473347547974414,0.2526652452025586,0.0,0.588387733998209,0.0,11.589599775415765,0.9739851560584545,78596.65118840858,15.0,15.991471215351812,6.25,0.0,493.90000000000003,0.49390000000000006,0.49390000000000006,83.65729908900255,1865.9982540450035,1724.3073391601858,174238671.39953545,1.1448501787919774,0.0,0.0,0.0,nan,0,nan,0,nan,nan,nan,nan,nan,nan
fog_size,15,150,135.0,9.0,10.0,10,52,spotis,,1411,10.0,112.94956559675093,88.05327731907386,296.08884684711575,544.2035628328078,0.8008504606661941,0.19914953933380586,0.0,0.5187810063784549,0.0,6.048771793054314,0.9494649596183391,118067.19522273097,0.0,0.0,100.0,1.9801980198019802,91.75346534653465,0.09175346534653465,0.09175346534653465,85.39717265896675,1874.8819135989945,2060.3502578917983,329562230.13230425,0.6759064162717722,98.01980198019803,0.0,0.0,nan,0,nan,0,12.664262466643054,21.235587835488182,6.838254057281564,30.543745432110658,18.26097405187175,10.457176156604797
fog_size,15,150,135.0,9.0,10.0,10,52,fu_serve,,1411,10.0,113.56620929682747,88.4907950177034,301.0195339806628,550.0,0.7973068745570517,0.20269312544294826,0.0,0.655441297354029,0.0,7.580468536992864,0.939986449183727,118051.78457369395,0.0,0.0,100.0,0.0,101.60000000000001,0.10160000000000001,0.10160000000000002,92.94482161922788,2708.167468322013,2884.4392784484835,125520982.85259204,0.8633849831606994,0.0,0.0,0.0,nan,0,nan,0,nan,nan,nan,nan,nan,nan
fog_size,15,150,135.0,9.0,10.0,10,52,2dp_fhs,,1411,10.0,121.57022306076212,101.50124007973815,309.8023647968486,550.0,0.7391920623671155,0.26080793763288446,0.0,0.7088896452281511,0.0,25.572243588627764,1.0246001232239357,118062.95774688483,91.0,64.49326718639263,1.0869565217391304,0.0,656.1999999999998,0.6561999999999998,0.6561999999999998,73.33045808726196,2136.0903674029514,2356.0700518678686,167312238.72608215,1.5293340905334196,0.0,0.0,0.0,nan,0,nan,0,nan,nan,nan,nan,nan,nan
fog_size,15,150,135.0,9.0,10.0,10,52,3d_pos,,1411,10.0,116.88395118638508,93.31436846494157,300.9294466535159,547.7373857183983,0.7767540751240255,0.2232459248759745,0.0,0.6143851447052906,0.0,14.632844332729524,0.9747624739338744,118062.63948979379,37.0,26.222537207654145,2.6315789473684212,0.0,1028.7999999999995,1.0287999999999995,1.0287999999999995,66.11587299265243,3224.2994382958923,3224.8894433890637,130118254.29579921,1.6315765643656601,0.0,0.0,0.0,nan,0,nan,0,nan,nan,nan,nan,nan,nan
fog_size,20,200,180.0,9.0,10.0,10,52,spotis,,1867,10.0,113.03142887580361,85.3655220111822,286.9252280031634,550.0,0.7953936797000536,0.2046063202999464,0.0,0.5283342260310657,0.0,6.041519550080053,0.9434951451103896,157683.23212259208,0.0,0.0,100.0,1.9801980198019802,103.35346534653466,0.10335346534653467,0.10335346534653467,85.08840565664438,1732.5166373663587,1595.7298472019147,326042270.4075734,0.7104849211174536,98.01980198019803,0.0,0.0,nan,0,nan,0,13.931728137980084,20.96394013152979,6.991439012941729,24.210452587662555,22.362092543042472,11.540347586843378
fog_size,20,200,180.0,9.0,10.0,10,52,fu_serve,,1867,10.0,114.36386806911014,87.54348748384145,300.5475578197642,550.0,0.7937868237814676,0.2062131762185324,0.0,1.057632565613283,0.0,12.118456614889418,0.9587490043961165,157703.00785661815,0.0,0.0,100.0,0.0,152.20000000000007,0.15220000000000009,0.15220000000000009,72.61172051809267,1588.9422213698924,1414.9424276493812,44798161.840371266,1.5901717605132393,0.0,0.0,0.0,nan,0,nan,0,nan,nan,nan,nan,nan,nan
fog_size,20,200,180.0,9.0,10.0,10,52,2dp_fhs,,1867,10.0,122.21810316666115,99.1106763449574,315.7036352354788,550.0,0.7546866630958757,0.24531333690412427,0.0,0.835791370492206,0.0,21.936714461266824,0.9976931236494956,157687.89144332526,83.0,44.456347080878416,1.1904761904761905,0.0,1070.8,1.0708,1.0708,60.93459337274321,1643.9078657427976,1493.5115530098055,122436827.02675684,2.3383724614508155,0.0,0.0,0.0,nan,0,nan,0,nan,nan,nan,nan,nan,nan
fog_size,20,200,180.0,9.0,10.0,10,52,3d_pos,,1867,10.0,117.85427214466834,91.03226513032237,318.4564403557255,550.0,0.7766470273165507,0.22335297268344934,0.0,0.6328152304845218,0.0,12.259888772782336,0.9682768879572979,157686.14331964124,30.0,16.06855918585967,3.225806451612903,0.0,1766.200000000001,1.7662000000000009,1.7662000000000007,48.767191631097575,1565.0424431306287,1395.358398692822,143675986.26570174,2.3604108796458685,0.0,0.0,0.0,nan,0,nan,0,nan,nan,nan,nan,nan,nan
fog_size,5,50,45.0,9.0,10.0,11,53,spotis,,448,10.0,138.90378927005563,103.22804869641922,442.53706252374747,550.0,0.6941964285714286,0.3058035714285714,0.0,0.44062499999999993,0.0,6.110651785713745,1.0724027376592908,39290.46104841784,0.0,0.0,100.0,3.9603960396039604,66.09108910891092,0.06609108910891093,0.06609108910891093,46.32583971315647,2352.5711298387596,2619.456763214395,267949127.19937575,0.6564398095789891,96.03960396039604,0.0,0.0,nan,0,nan,0,7.226171547717184,19.6820323280658,6.555324667710362,45.25104725555767,15.124918161047946,6.160506039901036
fog_size,5,50,45.0,9.0,10.0,11,53,fu_serve,,448,10.0,135.43721626744087,103.63558006244911,438.6418578534045,550.0,0.6964285714285714,0.3035714285714286,0.0,0.6607223081901238,0.0,9.01570375586132,1.0597939958294285,39287.599523704586,0.0,0.0,100.0,0.0,18.40000000000001,0.01840000000000001,0.01840000000000001,93.12550579319353,1990.5022873546666,2296.898998744192,140890627.79025552,0.9366876744989177,0.0,0.0,0.0,nan,0,nan,0,nan,nan,nan,nan,nan,nan
fog_size,5,50,45.0,9.0,10.0,11,53,2dp_fhs,,448,10.0,143.50721492594909,118.80548391390944,415.5449641254132,550.0,0.6383928571428571,0.3616071428571429,0.0,0.647464243926579,0.0,46.21841153876084,1.1864087378359482,39296.25669602689,65.0,145.08928571428572,1.5151515151515151,0.0,112.79999999999994,0.11279999999999994,0.11279999999999994,56.37713304989836,1933.9056428578456,2380.843698337241,136951809.1882701,1.2953936835195765,0.0,0.0,0.0,nan,0,nan,0,nan,nan,nan,nan,nan,nan
fog_size,5,50,45.0,9.0,10.0,11,53,3d_pos,,448,10.0,140.6784440790951,107.00032903201674,439.3526582592832,550.0,0.6763392857142857,0.3236607142857143,0.0,0.45583133271108,0.0,11.661373780529262,1.1080691017990698,39292.688734850926,9.0,20.089285714285715,10.0,0.0,159.1,0.1591,0.1591,50.97799453857746,2322.0791826915665,2592.881724235034,261810742.67973793,1.208168211213618,0.0,0.0,0.0,nan,0,nan,0,nan,nan,nan,nan,nan,nan
fog_size,10,100,90.0,9.0,10.0,11,53,spotis,,900,10.0,133.4316023690948,101.04018892041755,416.4733231098712,550.0,0.7366666666666667,0.2633333333333333,0.0,0.4739999999999999,0.0,6.065976666666253,1.0942833506267633,79126.35086967515,0.0,0.0,100.0,2.9702970297029703,79.16831683168314,0.07916831683168314,0.07916831683168314,95.64381814898114,1860.2163472482093,1694.0869672149688,257066657.68172267,0.6692270439419921,97.02970297029702,0.0,0.0,nan,0,nan,0,14.478715890121363,18.00311754343589,6.352443762894263,30.686529615450187,18.256866109723298,12.222327078375004
fog_size,10,100,90.0,9.0,10.0,11,53,fu_serve,,900,10.0,133.42970003576147,101.04018892041755,416.4733231098712,550.0,0.7366666666666667,0.2633333333333333,0.0,0.4739999999999999,0.0,6.044166666666279,1.0942540361471251,79126.33143417517,0.0,0.0,100.0,0.0,53.0,0.053,0.053,95.64382238209626,1860.2163472482093,1694.0869672149688,257036471.68172264,0.6496910439419922,0.0,0.0,0.0,nan,0,nan,0,nan,nan,nan,nan,nan,nan
fog_size,10,100,90.0,9.0,10.0,11,53,2dp_fhs,,900,10.0,144.07422057792513,118.65211080636095,440.81611694228513,550.0,0.6788888888888889,0.3211111111111111,0.0,0.778012924750824,0.0,32.65292988120426,1.228013894392425,79151.1574976834,79.0,87.77777777777777,1.25,0.0,322.09999999999985,0.32209999999999983,0.32209999999999983,76.34770702880172,1940.822412606068,1886.0079618226189,160193692.10259828,1.3885273539546006,0.0,0.0,0.0,nan,0,nan,0,nan,nan,nan,nan,nan,nan
fog_size,10,100,90.0,9.0,10.0,11,53,3d_pos,,900,10.0,140.57609790534153,110.74182219254558,427.11671254954535,550.0,0.6944444444444444,0.3055555555555556,0.0,0.5867115622254887,0.0,18.850183964468236,1.1716478547426998,79133.12091742382,38.0,42.22222222222222,2.5641025641025643,0.0,493.90000000000003,0.49390000000000006,0.49390000000000006,85.00510392427715,1950.6301519576507,1774.1318154653727,235961229.2197828,1.2178975309737539,0.0,0.0,0.0,nan,0,nan,0,nan,nan,nan,nan,nan,nan
fog_size,15,150,135.0,9.0,10.0,11,53,spotis,,1392,10.0,131.2606284747809,101.44415806753048,368.5141986136437,550.0,0.7507183908045977,0.24928160919540232,0.0,0.4870689655172414,0.0,6.049437499999752,1.0899476017034961,118606.12316862149,0.0,0.0,100.0,1.9801980198019802,91.75346534653465,0.09175346534653465,0.09175346534653465,96.78900800192969,1644.9056082092604,1734.1445370514932,279030319.41147333,0.7007942078915684,98.01980198019803,0.0,0.0,nan,0,nan,0,17.577628008374056,18.40108579662297,7.0276938769016,21.92248579489419,20.850291055795704,14.220815467411477
fog_size,15,150,135.0,9.0,10.0,11,53,fu_serve,,1392,10.0,133.77198724066923,103.86538211609242,394.7909496420319,550.0,0.7298850574712644,0.2701149425287356,0.0,0.6866875718721916,0.0,8.573905839457394,1.1454408292225147,118630.89580733138,0.0,0.0,100.0,0.0,101.60000000000001,0.10160000000000001,0.10160000000000002,81.85526638443672,1717.116977197347,1750.3929789561164,177448716.68672726,1.018595913282835,0.0,0.0,0.0,nan,0,nan,0,nan,nan,nan,nan,nan,nan
fog_size,15,150,135.0,9.0,10.0,11,53,2dp_fhs,,1392,10.0,142.6135629586597,119.17486495000229,416.95136407484296,550.0,0.6688218390804598,0.3311781609195402,0.0,0.8307248441229586,0.0,26.4527712888226,1.2474454913207336,118628.49967726093,84.0,60.3448275862069,1.1764705882352942,0.0,656.1999999999998,0.6561999999999998,0.6561999999999998,72.67414502927255,1699.2794973655532,1797.3541645479097,188199604.42708707,1.9173588589203172,0.0,0.0,0.0,nan,0,nan,0,nan,nan,nan,nan,nan,nan
fog_size,15,150,135.0,9.0,10.0,11,53,3d_pos,,1392,10.0,138.84550399652858,113.08050947533665,418.586905200471,550.0,0.7104885057471264,0.2895114942528736,0.0,0.6490714819231852,0.0,19.42781206987692,1.1742728763668515,118628.48379956812,57.0,40.94827586206897,1.7241379310344827,0.0,1028.7999999999995,1.0287999999999995,1.0287999999999995,67.49845022505198,1767.5247778655228,1803.5685241671924,224686370.54073966,1.8856184574103687,0.0,0.0,0.0,nan,0,nan,0,nan,nan,nan,nan,nan,nan
fog_size,20,200,180.0,9.0,10.0,11,53,spotis,,1878,10.0,124.31777119033825,93.5664294943912,365.1234928331002,550.0,0.7779552715654952,0.22204472843450485,0.0,0.5337235373395629,0.0,6.206803088002809,1.0508933453160794,158155.6022317823,0.0,0.0,100.0,1.9801980198019802,103.35346534653466,0.10335346534653467,0.10335346534653467,90.09173420471515,1671.244241064896,1631.6824288286725,317882615.39773774,0.738225516992354,98.01980198019803,0.0,0.0,nan,0,nan,0,13.429311436893347,24.37142082067804,7.866830193683777,20.479344250666138,22.55551513038445,11.297578167694255
fog_size,20,200,180.0,9.0,10.0,11,53,fu_serve,,1878,10.0,124.79961668412776,95.4780315887871,365.1234928331002,550.0,0.7811501597444089,0.21884984025559107,0.0,0.6609590529195641,0.0,8.108819005244312,1.0613200639167952,158177.20358804142,3.0,1.597444089456869,25.0,0.0,152.20000000000007,0.15220000000000009,0.15220000000000009,91.12725665580116,1650.4690104401293,1613.8853639625208,192300846.25520492,0.9722374007033605,0.0,0.0,0.0,nan,0,nan,0,nan,nan,nan,nan,nan,nan
fog_size,20,200,180.0,9.0,10.0,11,53,2dp_fhs,,1878,10.0,134.88229472095907,111.13165716111828,377.59039728345374,550.0,0.7028753993610224,0.2971246006389776,0.0,0.7462502248360265,0.0,22.291044584560687,1.1414205619075488,158126.92219599348,93.0,49.52076677316294,1.0638297872340425,0.0,1070.8,1.0708,1.0708,62.728686946540556,1543.9376317495744,1525.7761136646732,284129331.99394995,2.0781369337412654,0.0,0.0,0.0,nan,0,nan,0,nan,nan,nan,nan,nan,nan
fog_size,20,200,180.0,9.0,10.0,11,53,3d_pos,,1878,10.0,131.6355350203118,104.10924982279502,389.1532434162256,550.0,0.7396166134185304,0.26038338658146964,0.0,0.577391364416588,0.0,15.375065113218088,1.0985896265476125,158146.1880455501,57.0,30.35143769968051,1.7241379310344827,0.0,1766.200000000001,1.7662000000000009,1.7662000000000007,64.69956365147696,1530.0113490707486,1491.5722561791588,223138349.63134277,2.172188037039333,0.0,0.0,0.0,nan,0,nan,0,nan,nan,nan,nan,nan,nan
fog_size,5,50,45.0,9.0,10.0,12,54,spotis,,410,10.0,120.09069163759497,95.62629928308574,268.80499434719223,550.0,0.7390243902439024,0.26097560975609757,0.0,0.4756097560975609,0.0,6.120907317072596,0.9537204962532333,39245.92110737054,0.0,0.0,100.0,3.9603960396039604,66.09108910891092,0.06609108910891093,0.06609108910891093,51.92892902147616,3192.882136492753,2311.045347551668,202883841.94637242,0.6543151900939538,96.03960396039604,0.0,0.9900990099009901,nan,0,nan,0,8.385950535963913,18.89073153964526,5.692556018414677,50.914446066678565,9.020273426149206,7.09604241314837
fog_size,5,50,45.0,9.0,10.0,12,54,fu_serve,,410,10.0,120.55094309180245,96.37112070815252,269.0158925188033,550.0,0.7390243902439024,0.26097560975609757,0.0,0.636851734777813,0.0,8.149461233099943,0.9556490891002158,39246.505471003176,0.0,0.0,100.0,0.0,18.40000000000001,0.01840000000000001,0.01840000000000001,75.61881131047164,3188.8542007899655,2203.947672028499,81762648.69115297,0.8405747635934856,0.0,0.0,0.0,nan,0,nan,0,nan,nan,nan,nan,nan,nan
fog_size,5,50,45.0,9.0,10.0,12,54,2dp_fhs,,410,10.0,132.47839796464194,115.53441258085019,318.39674390954593,550.0,0.6707317073170732,0.3292682926829268,0.0,0.6621026125431111,0.0,52.408880477101526,1.0867198630954504,39255.79175935706,71.0,173.17073170731706,1.3888888888888888,0.0,112.79999999999994,0.11279999999999994,0.11279999999999994,69.05976328387773,2583.5794169019255,2326.765918513198,127205122.51789579,1.3293050738699959,0.0,0.0,0.0,nan,0,nan,0,nan,nan,nan,nan,nan,nan
fog_size,5,50,45.0,9.0,10.0,12,54,3d_pos,,410,10.0,120.70231854706019,96.69155874210728,269.0158925188033,550.0,0.7390243902439024,0.26097560975609757,0.0,0.6321425199989396,0.0,9.62519858736448,0.9583915119472555,39247.336425125824,2.0,4.878048780487805,33.333333333333336,0.0,159.1,0.1591,0.1591,74.67446231177246,3189.0556572140713,2208.2115814248696,73995942.37002413,0.973077857706029,0.0,0.0,0.0,nan,0,nan,0,nan,nan,nan,nan,nan,nan
fog_size,10,100,90.0,9.0,10.0,12,54,spotis,,831,10.0,112.16963366898032,84.9649431820989,293.3150895458119,550.0,0.8050541516245487,0.19494584837545126,0.0,0.5133574007220215,0.0,6.071454873645769,0.9529275616537108,78876.09037441679,0.0,0.0,100.0,2.9702970297029703,79.16831683168314,0.07916831683168314,0.07916831683168314,73.3872756556329,2016.5932635655292,2179.0832581704335,157070776.28361836,0.6688527076497084,97.02970297029702,0.0,0.9900990099009901,nan,0,nan,0,10.968157396569254,20.988962987494165,6.535164783124059,34.112314226054416,18.322723812980136,9.072676793777964
fog_size,10,100,90.0,9.0,10.0,12,54,fu_serve,,831,10.0,112.87464346833801,87.08435689692351,288.9554269527762,550.0,0.8062575210589651,0.1937424789410349,0.0,0.5703198893093759,0.0,7.617600246422608,0.9275542446402092,78860.0431795794,3.0,3.6101083032490973,25.0,0.0,53.0,0.053,0.053,87.05285834016362,2069.9024865047327,2103.264511825716,124541445.85117231,0.720921592999978,0.0,0.0,0.0,nan,0,nan,0,nan,nan,nan,nan,nan,nan
fog_size,10,100,90.0,9.0,10.0,12,54,2dp_fhs,,831,10.0,119.57919696031868,98.26502597997644,298.83551621798745,537.6294208032899,0.762936221419976,0.23706377858002403,0.0,0.81171718926755,0.0,33.85961858076746,0.99562856927089,78869.81034858819,77.0,92.65944645006017,1.2820512820512822,0.0,322.09999999999985,0.32209999999999983,0.32209999999999983,68.86866620809857,1911.2435549049533,2146.818724852374,121312870.1439043,1.3821730994359789,0.0,0.0,0.0,nan,0,nan,0,nan,nan,nan,nan,nan,nan
fog_size,10,100,90.0,9.0,10.0,12,54,3d_pos,,831,10.0,118.0698753732508,95.16785104313463,273.0483470926384,540.2230801866714,0.7677496991576414,0.23225030084235865,0.0,0.604234380522927,0.0,23.43335645018443,0.9934571614866169,78872.40750469892,51.0,61.371841155234655,1.9230769230769231,0.0,493.90000000000003,0.49390000000000006,0.49390000000000006,53.28218195425648,2178.5023191990417,2137.335313359833,133596239.4398406,1.162444491190133,0.0,0.0,0.0,nan,0,nan,0,nan,nan,nan,nan,nan,nan
fog_size,15,150,135.0,9.0,10.0,12,54,spotis,,1300,10.0,117.70748961947052,94.32553308738133,304.50394523270495,550.0,0.7923076923076923,0.20769230769230773,0.0,0.516,0.0,6.052936153845911,0.9942276761440414,119398.46610927742,0.0,0.0,100.0,1.9801980198019802,91.75346534653465,0.09175346534653465,0.09175346534653465,98.20790864048148,1488.2627797206885,1651.4476810989477,275694834.99612254,0.6927032213803018,98.01980198019803,0.0,0.0,nan,0,nan,0,15.47772641233631,19.022141169340465,7.204365663892667,22.437526989080407,23.47877635899452,12.379463406355637
fog_size,15,150,135.0,9.0,10.0,12,54,fu_serve,,1300,10.0,117.87081542370234,95.30027989062783,282.3718227891094,550.0,0.7776923076923077,0.22230769230769232,0.0,1.0002973011278513,0.0,11.826136492200108,1.0091649623386538,119394.67737977343,0.0,0.0,100.0,0.0,101.60000000000001,0.10160000000000001,0.10160000000000002,97.4728241068541,1074.2225450422584,990.1256566166393,45611333.36689,1.4141513256160403,0.0,0.0,0.0,nan,0,nan,0,nan,nan,nan,nan,nan,nan
fog_size,15,150,135.0,9.0,10.0,12,54,2dp_fhs,,1300,10.0,124.84524497281764,103.37463856583805,326.8525985096137,550.0,0.75,0.25,0.0,0.8711846248848178,0.0,24.73674963194469,1.0602655098805631,119408.1704749826,70.0,53.84615384615385,1.408450704225352,0.0,656.1999999999998,0.6561999999999998,0.6561999999999998,76.08151922933129,1136.251019918429,1062.5984737921442,130385570.5978067,1.9311591000952206,0.0,0.0,0.0,nan,0,nan,0,nan,nan,nan,nan,nan,nan
fog_size,15,150,135.0,9.0,10.0,12,54,3d_pos,,1300,10.0,120.570440080465,97.1373158052602,322.77520287250934,550.0,0.78,0.21999999999999997,0.0,0.651097574832741,0.0,14.46569748226359,1.019264673232811,119407.94598150715,31.0,23.846153846153847,3.125,0.0,1028.7999999999995,1.0287999999999995,1.0287999999999995,64.36696462104406,1231.783528497959,1078.823665580647,159755782.5969457,1.7637840003751495,0.0,0.0,0.0,nan,0,nan,0,nan,nan,nan,nan,nan,nan
fog_size,20,200,180.0,9.0,10.0,12,54,spotis,,1743,10.0,119.07999373685449,95.0538571780668,309.6415599626149,544.195872137127,0.7854274239816409,0.2145725760183591,0.0,0.5378354590239278,0.0,6.130345900509225,1.0460265053286226,158799.64082691146,0.0,0.0,100.0,1.9801980198019802,103.35346534653466,0.10335346534653467,0.10335346534653467,72.05302063054619,2641.05952068258,2684.7793548604363,310669051.573609,0.7294335520934366,98.01980198019803,0.0,0.0,nan,0,nan,0,16.03362088354701,19.15039125414063,6.884799868303519,18.014434940755926,26.767732522097944,13.149020531154976
fog_size,20,200,180.0,9.0,10.0,12,54,fu_serve,,1743,10.0,118.47489641658694,92.69419132638923,310.12394760404794,550.0,0.7963281698221457,0.20367183017785429,0.0,0.5922506716842568,0.0,6.80477122037262,1.0303157726460237,158797.70883354926,0.0,0.0,100.0,0.0,152.20000000000007,0.15220000000000009,0.15220000000000009,98.08421091023858,1887.8515998339662,1785.0639098519607,263776652.0113691,0.8549896283342195,0.0,0.0,0.0,nan,0,nan,0,nan,nan,nan,nan,nan,nan
fog_size,20,200,180.0,9.0,10.0,12,54,2dp_fhs,,1743,10.0,126.59311554223858,106.31302491786876,324.84805655340836,550.0,0.7269076305220884,0.2730923694779116,0.0,0.9037654968483133,0.0,22.55204116154311,1.1111907989006162,158775.50928332368,76.0,43.60298336201951,1.2987012987012987,0.0,1070.8,1.0708,1.0708,72.54023348889153,1916.7359305325685,1834.4801306052336,110933214.8272366,2.5254904093483335,0.0,0.0,0.0,nan,0,nan,0,nan,nan,nan,nan,nan,nan
fog_size,20,200,180.0,9.0,10.0,12,54,3d_pos,,1743,10.0,122.22723791744676,98.75002753342189,320.45725133450935,550.0,0.7687894434882386,0.23121055651176137,0.0,0.5991272914350925,0.0,13.170237738937871,1.0649087914199027,158794.60832161928,36.0,20.65404475043029,2.7027027027027026,0.0,1766.200000000001,1.7662000000000009,1.7662000000000007,83.3144319957323,1893.2685512915707,1793.930318243357,201356642.6683826,2.256368046100121,0.0,0.0,0.0,nan,0,nan,0,nan,nan,nan,nan,nan,nan
fog_size,5,50,45.0,9.0,10.0,13,55,spotis,,461,10.0,125.2949515639119,104.28043626892291,307.11056274587634,550.0,0.6919739696312365,0.3080260303687635,0.0,0.4386117136659436,0.0,6.107531453361717,0.9581207011406392,39262.584300669674,0.0,0.0,100.0,3.9603960396039604,66.09108910891092,0.06609108910891093,0.06609108910891093,64.5322596077705,2459.74839362506,2266.4178921913312,165307171.35718983,0.6560616354512946,96.03960396039604,0.0,0.0,nan,0,nan,0,9.261798320448527,23.521983075758264,6.800019044803538,41.28251428817785,11.298099580602647,7.835585690209163
fog_size,5,50,45.0,9.0,10.0,13,55,fu_serve,,461,10.0,126.10125140689962,105.57301478931169,324.0470161149798,550.0,0.6789587852494577,0.32104121475054226,0.0,0.4959827910383237,0.0,6.85932679651887,0.9797972896818121,39263.62034867621,0.0,0.0,100.0,0.0,18.40000000000001,0.01840000000000001,0.01840000000000001,85.77748622398695,1450.0446628349166,1651.7598589404622,171398575.2255762,0.7072883494874337,0.0,0.0,0.0,nan,0,nan,0,nan,nan,nan,nan,nan,nan
fog_size,5,50,45.0,9.0,10.0,13,55,2dp_fhs,,461,10.0,135.47888084521497,121.14691355223675,332.41714014610795,550.0,0.6550976138828634,0.34490238611713664,0.0,0.6975433511259391,0.0,46.94819028674894,1.0680731698543866,39279.50189430183,68.0,147.5054229934924,1.4492753623188406,0.0,112.79999999999994,0.11279999999999994,0.11279999999999994,56.376207132776955,1709.6359205262625,1843.8117469582874,125648003.69165857,1.7288802761187996,0.0,0.0,0.0,nan,0,nan,0,nan,nan,nan,nan,nan,nan
fog_size,5,50,45.0,9.0,10.0,13,55,3d_pos,,461,10.0,125.30708041423729,104.28043626892291,307.11056274587634,550.0,0.6919739696312365,0.3080260303687635,0.0,0.4386117136659436,0.0,6.258839479392412,0.958339362582646,39262.65405366968,0.0,0.0,100.0,0.0,159.1,0.1591,0.1591,64.5322447054433,2459.74839362506,2266.4178921913312,165382906.35718971,0.7259076354512943,0.0,0.0,0.0,nan,0,nan,0,nan,nan,nan,nan,nan,nan
fog_size,10,100,90.0,9.0,10.0,13,55,spotis,,930,10.0,123.5616695154731,97.08053447886255,318.7657801567281,550.0,0.7440860215053764,0.2559139784946236,0.0,0.4806451612903225,0.0,6.0639483870963415,1.0035952831062407,78608.37552992112,0.0,0.0,100.0,3.9603960396039604,79.29108910891087,0.07929108910891086,0.07929108910891086,90.19256225295148,2116.1719831185605,2120.168983406991,230336973.56119567,0.6856548127386484,96.03960396039604,0.0,0.9900990099009901,nan,0,nan,0,15.848068223189276,20.994802239513668,7.407118194039304,23.94416052437953,18.60845854772419,13.197392271154035
fog_size,10,100,90.0,9.0,10.0,13,55,fu_serve,,930,10.0,123.3950617368173,97.31980611995266,334.82439278911363,550.0,0.7473118279569892,0.25268817204301075,0.0,0.5804089252809014,0.0,7.257931525492905,1.0107403181795092,78616.35211514636,0.0,0.0,100.0,0.0,53.0,0.053,0.053,80.75869476456974,1441.879794249539,1522.4180374559633,200641829.75094068,0.8043414595490717,0.0,0.0,0.0,nan,0,nan,0,nan,nan,nan,nan,nan,nan
fog_size,10,100,90.0,9.0,10.0,13,55,2dp_fhs,,930,10.0,134.39779365466774,115.47504302568035,374.13902439954325,550.0,0.6795698924731183,0.3204301075268817,0.0,0.8119147564765338,0.0,32.556745159387,1.113924438207693,78617.88783895888,80.0,86.02150537634408,1.2345679012345678,0.0,322.09999999999985,0.32209999999999983,0.32209999999999983,62.78259823023989,1657.0025278612945,1750.9373994633936,131269568.5087151,1.5126603644777312,0.0,0.0,0.0,nan,0,nan,0,nan,nan,nan,nan,nan,nan
fog_size,10,100,90.0,9.0,10.0,13,55,3d_pos,,930,10.0,123.88012937220957,98.57027923277609,319.18606890672845,550.0,0.7408602150537634,0.2591397849462366,0.0,0.48336273928768614,0.0,6.967027393827484,1.0093018014091424,78609.29653518251,2.0,2.150537634408602,33.333333333333336,0.0,493.90000000000003,0.49390000000000006,0.49390000000000006,90.09648225731547,2109.592383404974,2114.4501918233345,221981102.86858135,0.998652466123687,0.0,0.0,0.0,nan,0,nan,0,nan,nan,nan,nan,nan,nan
fog_size,15,150,135.0,9.0,10.0,13,55,spotis,,1371,10.0,123.02094249165746,95.89041101692786,340.09606813786684,550.0,0.7702407002188184,0.2297592997811816,0.0,0.5050328227571116,0.0,6.050264770240443,1.0374105618897183,118507.23526700825,0.0,0.0,100.0,2.9702970297029703,91.88019801980198,0.09188019801980198,0.09188019801980198,94.11781143780416,2347.7194919671483,2356.3024864796985,194897240.0247649,0.7044655289235427,97.02970297029702,0.0,0.0,nan,0,nan,0,14.185417086955981,21.731829089125704,7.674500268534288,23.799740267484616,20.821059053779017,11.787454234120398
fog_size,15,150,135.0,9.0,10.0,13,55,fu_serve,,1371,10.0,123.76900047877075,96.8632284561668,346.32662564938136,550.0,0.7687819110138585,0.2312180889861415,0.0,0.8068412651382288,0.0,9.56631235165019,1.0524280035869904,118520.98882943338,0.0,0.0,100.0,0.0,101.60000000000001,0.10160000000000001,0.10160000000000002,89.52748144978506,1274.341070518461,1295.1363879670464,166747648.38286933,1.1623673790229423,0.0,0.0,0.0,nan,0,nan,0,nan,nan,nan,nan,nan,nan
fog_size,15,150,135.0,9.0,10.0,13,55,2dp_fhs,,1371,10.0,133.3595332901872,110.60002995121732,402.1210083707634,550.0,0.7133479212253829,0.28665207877461707,0.0,0.814938607176481,0.0,26.940059000242023,1.1239704806652362,118510.9728437433,89.0,64.91611962071481,1.1111111111111112,0.0,656.1999999999998,0.6561999999999998,0.6561999999999998,64.64481577471219,1456.2343099645564,1494.9074871177736,158076106.26698294,1.8196600697299852,0.0,0.0,0.0,nan,0,nan,0,nan,nan,nan,nan,nan,nan
fog_size,15,150,135.0,9.0,10.0,13,55,3d_pos,,1371,10.0,127.99336805172489,99.8271914153035,372.29041806411396,550.0,0.7439824945295405,0.25601750547045954,0.0,0.5302462337326446,0.0,14.206101140179664,1.0801283620319944,118513.46064292532,39.0,28.446389496717725,2.5,0.0,1028.7999999999995,1.0287999999999995,1.0287999999999995,86.97534490473102,2318.315626902304,2332.485738174814,200599027.80454776,1.4546104211246635,0.0,0.0,0.0,nan,0,nan,0,nan,nan,nan,nan,nan,nan
fog_size,20,200,180.0,9.0,10.0,13,55,spotis,,1789,10.0,116.81770975026879,87.5094565925929,330.2864010544933,550.0,0.8127445500279485,0.18725544997205146,0.0,0.5272219116825041,0.0,6.043065654282309,0.9871942720839652,157301.06024091723,0.0,0.0,100.0,2.9702970297029703,103.480198019802,0.103480198019802,0.10348019801980202,88.32973230576519,1094.7744492749,989.1322513227841,283203376.3581924,0.727130359566421,97.02970297029702,0.0,0.0,nan,0,nan,0,14.412017018150935,21.73709568791314,7.559148099972463,20.611573607473222,23.64269004458265,12.037475541907588
fog_size,20,200,180.0,9.0,10.0,13,55,fu_serve,,1789,10.0,118.22209895476244,91.11369083605148,320.764252342856,550.0,0.7982112912241476,0.20178870877585242,0.0,1.0692006707657906,0.0,12.123303496651863,1.015555107988056,157315.89246351406,0.0,0.0,100.0,0.0,152.20000000000007,0.15220000000000009,0.15220000000000009,89.3164796554543,1063.759629663796,923.256822045453,21701842.75501822,1.5967384356748504,0.0,0.0,0.0,nan,0,nan,0,nan,nan,nan,nan,nan,nan
fog_size,20,200,180.0,9.0,10.0,13,55,2dp_fhs,,1789,10.0,124.75441255778556,98.15013060008226,349.8020142035267,550.0,0.7562884292901062,0.2437115707098938,0.0,0.9557126632735211,0.0,21.27829846608559,1.0732690972044374,157317.81285782473,67.0,37.45108999441028,1.4705882352941178,0.0,1070.8,1.0708,1.0708,57.692694693668614,995.1411958975863,893.4407289470622,57590208.38187376,2.642118950275903,0.0,0.0,0.0,nan,0,nan,0,nan,nan,nan,nan,nan,nan
fog_size,20,200,180.0,9.0,10.0,13,55,3d_pos,,1789,10.0,118.31778793731937,91.91779249831811,338.8755209332035,530.321974794547,0.8077138065958636,0.19228619340413644,0.0,0.6011926909798638,0.0,8.502333445223721,1.0162409672467518,157334.1479669787,6.0,3.3538289547233093,14.285714285714286,0.0,1766.200000000001,1.7662000000000009,1.7662000000000007,55.20545352801173,1148.958812402412,997.7217192247189,185379117.26105988,2.239167499739805,0.0,0.0,0.0,nan,0,nan,0,nan,nan,nan,nan,nan,nan
fog_size,5,50,45.0,9.0,10.0,14,56,spotis,,458,10.0,134.1213003407872,97.40014476954318,434.1687628967071,550.0,0.7183406113537117,0.28165938864628826,0.0,0.4649449787899496,0.0,6.265671807380754,0.997144354354627,39603.43688994456,0.0,0.0,100.0,4.9504950495049505,66.21386138613865,0.06621386138613865,0.06621386138613865,71.49461403861132,1663.1366239481454,1213.0087049623498,228083510.99297535,0.683667165742128,95.04950495049505,0.0,0.9900990099009901,nan,0,nan,0,4.988143545904848,28.436835888714906,6.3421439204274055,42.56616132265908,13.874591910177783,3.792123412115979
fog_size,5,50,45.0,9.0,10.0,14,56,fu_serve,,458,10.0,134.63110231836205,97.91773351933664,508.8343706082762,550.0,0.7336244541484717,0.26637554585152834,0.0,0.9379912663755456,0.0,12.059960698688771,0.9721866050787076,39602.03109666833,0.0,0.0,100.0,0.0,18.40000000000001,0.01840000000000001,0.01840000000000001,85.26189938383044,1320.9970402086035,875.0919631438084,92400481.62942196,1.2837256473196452,0.0,0.0,0.0,nan,0,nan,0,nan,nan,nan,nan,nan,nan
fog_size,5,50,45.0,9.0,10.0,14,56,2dp_fhs,,458,10.0,143.38834118713274,110.35405651367802,544.7748315901878,550.0,0.6921397379912664,0.3078602620087336,0.0,0.8064725724144848,0.0,43.186566365146064,1.0312297875320626,39602.27624000955,59.0,128.82096069868996,1.6666666666666667,0.0,112.79999999999994,0.11279999999999994,0.11279999999999994,79.4036726149173,1415.323888510693,951.7804536908916,149363612.7579952,1.507254731589235,0.0,0.0,0.0,nan,0,nan,0,nan,nan,nan,nan,nan,nan
fog_size,5,50,45.0,9.0,10.0,14,56,3d_pos,,458,10.0,133.41214936553925,97.51481604053036,428.7593234567325,550.0,0.7248908296943232,0.27510917030567683,0.0,0.46627121207282474,0.0,6.956139205359963,0.9972335093571385,39606.45792246846,1.0,2.183406113537118,50.0,0.0,159.1,0.1591,0.1591,61.149700419739894,1525.8880484535473,1099.1525411978766,217584914.9496303,0.752887197645914,0.0,0.0,0.0,nan,0,nan,0,nan,nan,nan,nan,nan,nan
fog_size,10,100,90.0,9.0,10.0,14,56,spotis,,904,10.0,128.16350193851912,91.96028902010589,417.55688161178864,550.0,0.7688053097345132,0.23119469026548678,0.0,0.49712389380530964,0.0,6.0656847345128435,1.0234312966712937,78625.17234519815,0.0,0.0,100.0,2.9702970297029703,79.16831683168314,0.07916831683168314,0.07916831683168314,61.35514372150097,2192.8834105262326,2472.610961818633,253371310.53440747,0.6884330778344574,97.02970297029702,0.0,0.9900990099009901,nan,0,nan,0,6.0064256629540855,26.504639921182992,7.786424468378993,32.645042840699894,21.88937020314201,5.168096903642033
fog_size,10,100,90.0,9.0,10.0,14,56,fu_serve,,904,10.0,128.16175785666073,91.95061402010585,417.55688161178864,550.0,0.7688053097345132,0.23119469026548678,0.0,0.49712389380530964,0.0,6.043971238937654,1.0234033319230924,78625.15290969815,0.0,0.0,100.0,0.0,53.0,0.053,0.053,61.35514796868659,2192.8834105262326,2472.610961818633,253343469.03440744,0.6688970778344577,0.0,0.0,0.0,nan,0,nan,0,nan,nan,nan,nan,nan,nan
fog_size,10,100,90.0,9.0,10.0,14,56,2dp_fhs,,904,10.0,139.5462576575972,112.30252127045348,417.88876354264306,550.0,0.7201327433628318,0.27986725663716816,0.0,0.723563930999112,0.0,33.57191901163216,1.126991633066086,78647.55914713762,86.0,95.13274336283186,1.1494252873563218,0.0,322.09999999999985,0.32209999999999983,0.32209999999999983,60.17192588994932,2018.373850478184,2266.48935911188,216899222.1252119,1.2805146720283895,0.0,0.0,0.0,nan,0,nan,0,nan,nan,nan,nan,nan,nan
fog_size,10,100,90.0,9.0,10.0,14,56,3d_pos,,904,10.0,130.39811024379614,94.4310345875935,423.890539026593,550.0,0.7477876106194691,0.2522123893805309,0.0,0.5289051213712718,0.0,9.5183530939751,1.0662733194896135,78634.6883579866,9.0,9.955752212389381,10.0,0.0,493.90000000000003,0.49390000000000006,0.49390000000000006,39.86170918562363,2657.9325524769124,2830.1707094471412,160000236.7801946,1.0853742097236276,0.0,0.0,0.0,nan,0,nan,0,nan,nan,nan,nan,nan,nan
fog_size,15,150,135.0,9.0,10.0,14,56,spotis,,1365,10.0,129.23652888253568,97.24194510283812,427.63229696557744,550.0,0.7604395604395604,0.2395604395604396,0.0,0.49626373626373627,0.0,6.0504153846151345,1.0800385527256606,119002.87366861835,0.0,0.0,100.0,1.9801980198019802,91.75346534653465,0.09175346534653465,0.09175346534653465,65.24631541924857,2499.859558416396,2720.6659189983598,218107574.78960106,0.6869360960312935,98.01980198019803,0.0,0.0,nan,0,nan,0,8.302362610867558,23.97892240294833,8.066361724130008,28.204376678289478,24.406208609746223,7.0417679740184065
fog_size,15,150,135.0,9.0,10.0,14,56,fu_serve,,1365,10.0,130.0660819689298,97.0048378065571,412.25052446024625,550.0,0.7597069597069597,0.24029304029304033,0.0,0.5538346980776503,0.0,6.704844063681866,1.0781417043399126,118999.82659828963,0.0,0.0,100.0,0.0,101.60000000000001,0.10160000000000001,0.10160000000000002,57.56465887596116,1652.7108868224784,1461.6127786148293,231813506.26577595,0.7725098305877026,0.0,0.0,0.0,nan,0,nan,0,nan,nan,nan,nan,nan,nan
fog_size,15,150,135.0,9.0,10.0,14,56,2dp_fhs,,1365,10.0,137.74365203709127,111.86950172933675,431.834012076253,550.0,0.7135531135531136,0.28644688644688643,0.0,0.8067230340003417,0.0,27.498575267388784,1.1493439943906145,119001.2547014256,92.0,67.3992673992674,1.075268817204301,0.0,656.1999999999998,0.6561999999999998,0.6561999999999998,60.65949928338612,1727.624478681575,1650.6176290147246,223812503.04408225,1.7650171206854162,0.0,0.0,0.0,nan,0,nan,0,nan,nan,nan,nan,nan,nan
fog_size,15,150,135.0,9.0,10.0,14,56,3d_pos,,1365,10.0,132.99401364836433,100.19491406324987,420.9191133251228,550.0,0.7391941391941392,0.26080586080586077,0.0,0.5504507643028345,0.0,13.551404823426322,1.0956352601933896,118987.28962842427,33.0,24.175824175824175,2.9411764705882355,0.0,1028.7999999999995,1.0287999999999995,1.0287999999999995,54.48571679877864,1655.9401306202367,1474.0706422293924,218744885.2912764,1.542563117553566,0.0,0.0,0.0,nan,0,nan,0,nan,nan,nan,nan,nan,nan
fog_size,20,200,180.0,9.0,10.0,14,56,spotis,,1816,10.0,132.08606074389968,98.87897330190043,423.6219595271904,550.0,0.7483480176211453,0.25165198237885467,0.0,0.5045154185022025,0.0,6.042738436123056,1.1212332651714778,157363.09649306958,0.0,0.0,100.0,2.9702970297029703,103.480198019802,0.103480198019802,0.10348019801980202,74.62985767629752,2091.314717357267,2089.903406793476,308948483.46922183,0.7216410268381253,97.02970297029702,0.0,1.9801980198019802,nan,0,nan,0,11.326702623805785,22.578336364714744,8.501494846839478,19.273012988865442,28.65552473364546,9.66492844212909
fog_size,20,200,180.0,9.0,10.0,14,56,fu_serve,,1816,10.0,132.17177860868358,100.55176807811605,425.73180709668327,550.0,0.7560572687224669,0.24394273127753308,0.0,0.5679835343613093,0.0,7.068235790024375,1.121727039129878,157379.47171042685,2.0,1.1013215859030836,33.333333333333336,0.0,152.20000000000007,0.15220000000000009,0.15220000000000009,78.70436767906973,1619.134820397832,1566.341953793598,297819717.9118849,0.8573064134014983,0.0,0.0,0.0,nan,0,nan,0,nan,nan,nan,nan,nan,nan
fog_size,20,200,180.0,9.0,10.0,14,56,2dp_fhs,,1816,10.0,139.4656655360133,111.98843727034058,421.5874718867773,550.0,0.7037444933920705,0.29625550660792954,0.0,0.8252511680357547,0.0,22.583519330620387,1.1840175914284472,157352.5149675471,85.0,46.80616740088106,1.1627906976744187,0.0,1070.8,1.0708,1.0708,62.90526881834001,1545.594941539513,1523.5604117312428,175932011.70485577,2.3625315481096525,0.0,0.0,0.0,nan,0,nan,0,nan,nan,nan,nan,nan,nan
fog_size,20,200,180.0,9.0,10.0,14,56,3d_pos,,1816,10.0,133.403067754897,101.20293013846694,422.1847349587538,550.0,0.7494493392070485,0.2505506607929515,0.0,0.598810108351997,0.0,11.429886054700086,1.134734851640004,157383.71461878353,24.0,13.215859030837004,4.0,0.0,1766.200000000001,1.7662000000000009,1.7662000000000007,66.02711707893314,1511.5442925054067,1438.682050859824,193931626.5608461,2.3382353252598516,0.0,0.0,0.0,nan,0,nan,0,nan,nan,nan,nan,nan,nan
fog_size,5,50,45.0,9.0,10.0,15,57,spotis,,478,10.0,131.8097217128757,104.22952805266128,416.6865556487946,550.0,0.6652719665271967,0.33472803347280333,0.0,0.41924686192468613,0.0,6.102445794757428,0.9649649698316826,39794.181451734956,0.0,0.0,100.0,3.9603960396039604,66.09108910891092,0.06609108910891093,0.06609108910891093,73.75323281001407,2437.0014285531865,1810.9852334544692,243711468.13163632,0.6568959006818247,96.03960396039604,0.0,0.0,nan,0,nan,0,6.692344689934952,21.070146964590183,6.093331024635173,45.00095804690492,15.564492922429762,5.578726351504999
fog_size,5,50,45.0,9.0,10.0,15,57,fu_serve,,478,10.0,131.54745508237795,105.53276560536284,413.8561017769991,550.0,0.6673640167364017,0.33263598326359833,0.0,0.8510460251046024,0.0,12.031085962120736,0.9884179983004675,39802.62793278633,0.0,0.0,100.0,0.0,18.40000000000001,0.01840000000000001,0.01840000000000001,63.86841017109146,1414.63332974343,1390.0244976023737,59435182.462232545,1.2700426757207868,0.0,0.0,0.0,nan,0,nan,0,nan,nan,nan,nan,nan,nan
fog_size,5,50,45.0,9.0,10.0,15,57,2dp_fhs,,478,10.0,141.37906127772874,121.31166773802559,477.5860803456397,550.0,0.6317991631799164,0.36820083682008364,0.0,0.665780671573851,0.0,43.4792641826481,1.0930416293518528,39817.42116339275,64.0,133.89121338912133,1.5384615384615385,0.0,112.79999999999994,0.11279999999999994,0.11279999999999994,64.20443457860279,1701.968109146167,1529.5755040203126,133843088.79742092,1.4519391461295625,0.0,0.0,0.0,nan,0,nan,0,nan,nan,nan,nan,nan,nan
fog_size,5,50,45.0,9.0,10.0,15,57,3d_pos,,478,10.0,133.06683824275683,106.24880094934718,413.99279643354265,550.0,0.6673640167364017,0.33263598326359833,0.0,0.45012301959135914,0.0,14.147467393321488,0.964955438407739,39795.14337618055,14.0,29.288702928870293,6.666666666666667,0.0,159.1,0.1591,0.1591,77.61378576039809,2443.617703731204,1823.8323996656604,179756909.80853513,0.7844598909402065,0.0,0.0,0.0,nan,0,nan,0,nan,nan,nan,nan,nan,nan
fog_size,10,100,90.0,9.0,10.0,15,57,spotis,,909,10.0,124.26366247242457,92.48141512602182,358.23872021131876,550.0,0.7513751375137514,0.2486248624862486,0.0,0.48561946109484816,0.0,6.163441183994953,0.9817341276945998,78584.41200322703,0.0,0.0,100.0,2.9702970297029703,79.16831683168314,0.07916831683168314,0.07916831683168314,66.78931303607976,1186.208753847943,1136.8737282361583,252945554.4956109,0.6959144144379209,97.02970297029702,0.0,0.0,nan,0,nan,0,7.487525226099781,24.368009103913153,7.52010460684648,30.917478632579048,23.27503783048827,6.431844600073265
fog_size,10,100,90.0,9.0,10.0,15,57,fu_serve,,909,10.0,124.90838807623892,90.66748651245061,385.8147794438648,550.0,0.7381738173817382,0.26182618261826185,0.0,0.6071731956240408,0.0,7.687612159120632,1.0000341380284938,78584.91050062873,0.0,0.0,100.0,0.0,53.0,0.053,0.053,82.66841243494328,1170.4545107541562,1123.3546833331377,207985925.93361387,0.8521988661868315,0.0,0.0,0.0,nan,0,nan,0,nan,nan,nan,nan,nan,nan
fog_size,10,100,90.0,9.0,10.0,15,57,2dp_fhs,,909,10.0,132.34274569963105,105.21894576412816,415.4649090500505,550.0,0.7062706270627063,0.29372937293729373,0.0,0.8534515928904899,0.0,28.96105653064092,1.0463795808788112,78585.6632849358,64.0,70.40704070407041,1.5384615384615385,0.0,322.09999999999985,0.32209999999999983,0.32209999999999983,46.51476417096709,1216.5144687122408,1199.4626382859062,115796632.97004072,1.5665060636377452,0.0,0.0,0.0,nan,0,nan,0,nan,nan,nan,nan,nan,nan
fog_size,10,100,90.0,9.0,10.0,15,57,3d_pos,,909,10.0,130.3027304221655,98.19732310348695,406.7458220208791,550.0,0.7183718371837183,0.28162816281628167,0.0,0.5495728905576425,0.0,19.709307554727246,1.0233622779594802,78582.14316151917,44.0,48.40484048404841,2.2222222222222223,0.0,493.90000000000003,0.49390000000000006,0.49390000000000006,74.46242137504694,1192.142089361517,1143.7270651157316,178056728.23585275,1.142774817486184,0.0,0.0,0.0,nan,0,nan,0,nan,nan,nan,nan,nan,nan
fog_size,15,150,135.0,9.0,10.0,15,57,spotis,,1367,10.0,127.39921901349042,98.83799016722605,362.09072899869136,550.0,0.737381126554499,0.26261887344550106,0.0,0.49921105189452053,0.0,6.133353871386088,1.0701246625577772,118557.75688477828,0.0,0.0,100.0,3.9603960396039604,92.00693069306931,0.09200693069306931,0.09200693069306931,96.08902601134523,1438.4558206299134,1321.155760637239,218913677.64936292,0.7048973580225254,96.03960396039604,0.0,2.9702970297029703,nan,0,nan,0,15.512223717785822,19.766004665932495,6.9327469075359165,23.047591459992898,22.036112241716257,12.705321007036611
fog_size,15,150,135.0,9.0,10.0,15,57,fu_serve,,1367,10.0,128.12976257359063,100.93140195753381,371.3440424383668,550.0,0.7286027798098025,0.2713972201901975,0.0,0.6960041093986621,0.0,9.275432795540162,1.0786366408111268,118553.39331916794,3.0,2.194586686174104,25.0,0.0,101.60000000000001,0.10160000000000001,0.10160000000000002,80.4052769152493,1583.0264487228849,1363.5626247672858,182231529.2415382,1.0358276467041874,0.0,0.0,0.0,nan,0,nan,0,nan,nan,nan,nan,nan,nan
fog_size,15,150,135.0,9.0,10.0,15,57,2dp_fhs,,1367,10.0,133.83628583440293,111.22411862724063,401.1039138180455,550.0,0.6971470373079737,0.30285296269202633,0.0,0.8797597955243431,0.0,22.94462550806251,1.1549915654183094,118579.7781867637,62.0,45.35479151426481,1.5873015873015872,0.0,656.1999999999998,0.6561999999999998,0.6561999999999998,75.79702767290892,1619.6467501382526,1496.2862518351901,101989828.39549966,2.0406032556227043,0.0,0.0,0.0,nan,0,nan,0,nan,nan,nan,nan,nan,nan
fog_size,15,150,135.0,9.0,10.0,15,57,3d_pos,,1367,10.0,130.83935679138762,103.1368737870082,388.0312816531112,550.0,0.7059253840526701,0.29407461594732986,0.0,0.6547221094506411,0.0,13.31667382950491,1.1109942718522863,118551.1806972575,24.0,17.55669348939283,4.0,0.0,1028.7999999999995,1.0287999999999995,1.0287999999999995,67.7682840313011,1541.4902546706755,1331.2514934275532,148620455.984313,1.8850757206045368,0.0,0.0,0.0,nan,0,nan,0,nan,nan,nan,nan,nan,nan
fog_size,20,200,180.0,9.0,10.0,15,57,spotis,,1768,10.0,125.90547032528342,96.86753430002004,369.30596110143114,550.0,0.7613122171945701,0.2386877828054299,0.0,0.5080316742081447,0.0,6.0438987556558015,1.0584833290915714,158404.71763808257,0.0,0.0,100.0,2.9702970297029703,103.480198019802,0.103480198019802,0.10348019801980202,93.42863758823762,1233.370824274943,1270.0876259995357,361685490.74186647,0.7204994659002644,97.02970297029702,0.0,1.9801980198019802,nan,0,nan,0,15.520217166963345,20.245464162316242,7.442699495779527,18.997308377559506,24.96564836830935,12.828662429072022
fog_size,20,200,180.0,9.0,10.0,15,57,fu_serve,,1768,10.0,124.97322378157403,96.87682999033552,351.67172633920086,550.0,0.751131221719457,0.248868778280543,0.0,0.6225393497109879,0.0,7.471263128380957,1.0487563609436776,158372.74752445854,0.0,0.0,100.0,0.0,152.20000000000007,0.15220000000000009,0.15220000000000009,95.88171724220335,1050.301584552314,1061.190302884478,193942303.8648371,0.94790438547444,0.0,0.0,0.0,nan,0,nan,0,nan,nan,nan,nan,nan,nan
fog_size,20,200,180.0,9.0,10.0,15,57,2dp_fhs,,1768,10.0,134.70833034947225,116.52751130646558,378.2153050881137,550.0,0.6889140271493213,0.31108597285067874,0.0,0.753057691272018,0.0,23.310886385238355,1.1448523867577483,158374.42928419623,93.0,52.60180995475113,1.0638297872340425,0.0,1070.8,1.0708,1.0708,74.76706156694165,1181.9476562097564,1195.1809480590755,171847314.90518084,2.1697072764002714,0.0,0.0,0.0,nan,0,nan,0,nan,nan,nan,nan,nan,nan
fog_size,20,200,180.0,9.0,10.0,15,57,3d_pos,,1768,10.0,131.35492873319717,107.92784477905282,364.3546282784864,550.0,0.7194570135746606,0.28054298642533937,0.0,0.6277987259127819,0.0,16.32882804774968,1.120909135378023,158405.79549732615,54.0,30.542986425339368,1.8181818181818181,0.0,1766.200000000001,1.7662000000000009,1.7662000000000007,63.771574586505295,1597.9743316332128,1594.2229298911457,252422305.84537303,2.4323139222932597,0.0,0.0,0.0,nan,0,nan,0,nan,nan,nan,nan,nan,nan
fog_size,5,50,45.0,9.0,10.0,16,58,spotis,,459,10.0,112.53317033448529,91.28090508883079,251.71242255036287,448.7364916400337,0.7276688453159041,0.27233115468409586,0.0,0.445751633986928,0.0,6.107999999999473,0.8995626788841126,39257.397731753095,0.0,0.0,100.0,3.9603960396039604,66.09108910891092,0.06609108910891093,0.06609108910891093,81.61865600466818,2058.4729410799464,2878.047336229929,161351604.6378599,0.6647396931537677,96.03960396039604,0.0,0.0,nan,0,nan,0,11.788242633095406,26.055074368769482,7.2407881733313655,30.6809893978044,14.377106165177125,9.857799261822239
fog_size,5,50,45.0,9.0,10.0,16,58,fu_serve,,459,10.0,113.00854635737794,92.04338263033574,245.74386255035756,464.24943519233216,0.7276688453159041,0.27233115468409586,0.0,0.8888888888888887,0.0,12.059830065358303,0.9015549414782057,39258.06314745953,0.0,0.0,100.0,0.0,18.40000000000001,0.01840000000000001,0.01840000000000001,61.96152507133157,2313.5665678609257,2616.565234491054,74037869.39642642,1.273295716294279,0.0,0.0,0.0,nan,0,nan,0,nan,nan,nan,nan,nan,nan
fog_size,5,50,45.0,9.0,10.0,16,58,2dp_fhs,,459,10.0,124.5996452988237,110.05932072653101,293.7779598587595,496.9357763540241,0.6753812636165577,0.3246187363834423,0.0,0.67257173763905,0.0,46.784222372693634,1.0180726188491094,39272.54630884903,68.0,148.14814814814815,1.4492753623188406,0.0,112.79999999999994,0.11279999999999994,0.11279999999999994,72.68104905275473,2114.897898463852,2681.154496809063,125806620.11216465,1.0578709252179896,0.0,0.0,0.0,nan,0,nan,0,nan,nan,nan,nan,nan,nan
fog_size,5,50,45.0,9.0,10.0,16,58,3d_pos,,459,10.0,113.0030903312374,91.68841446555298,245.4107723193496,469.298924774479,0.7320261437908496,0.2679738562091504,0.0,0.644044076745691,0.0,9.043554908884971,0.8989321440744589,39258.98499741483,0.0,0.0,100.0,0.0,159.1,0.1591,0.1591,37.686172871046374,2346.8396863671164,2670.6886900887066,135284294.19831932,1.0679226309036516,0.0,0.0,0.0,nan,0,nan,0,nan,nan,nan,nan,nan,nan
fog_size,10,100,90.0,9.0,10.0,16,58,spotis,,905,10.0,107.57610204888772,80.44508824891756,265.40920692901636,550.0,0.8044198895027624,0.19558011049723756,0.0,0.5419768884796798,0.0,6.292732631930847,0.8762846075800269,79240.80821689543,0.0,0.0,100.0,4.9504950495049505,79.41386138613859,0.0794138613861386,0.0794138613861386,74.18172832205867,2208.1079539661905,2516.06015071584,122820859.59065579,0.7024192289549118,95.04950495049505,0.0,0.0,nan,0,nan,0,8.429324171977251,26.548838931020313,7.120567912658429,33.240228838433936,17.833593730102272,6.827446415807794
fog_size,10,100,90.0,9.0,10.0,16,58,fu_serve,,905,10.0,106.91658795747466,80.86303152881236,268.66476842689036,550.0,0.8187845303867404,0.18121546961325963,0.0,0.5610636499711393,0.0,6.49907301861665,0.8610621548968518,79240.92007935574,0.0,0.0,100.0,0.0,53.0,0.053,0.053,79.31001707360748,2425.3295102272255,2574.6648759437558,118665858.04283948,0.7075696949816469,0.0,0.0,0.0,nan,0,nan,0,nan,nan,nan,nan,nan,nan
fog_size,10,100,90.0,9.0,10.0,16,58,2dp_fhs,,905,10.0,114.33146686975509,91.41696261522458,294.1007302187084,528.0727437160206,0.7856353591160221,0.21436464088397789,0.0,0.7217185127259347,0.0,30.838868080414723,0.9363678685231052,79268.63057709711,78.0,86.1878453038674,1.2658227848101267,0.0,322.09999999999985,0.32209999999999983,0.32209999999999983,53.814343299770826,1944.934223936984,2211.1139597584315,145780576.2334904,1.343948293307123,0.0,0.0,0.0,nan,0,nan,0,nan,nan,nan,nan,nan,nan
fog_size,10,100,90.0,9.0,10.0,16,58,3d_pos,,905,10.0,107.10639804829121,81.71927973516424,268.66476842689036,550.0,0.8143646408839779,0.18563535911602214,0.0,0.5575046687542867,0.0,8.566570381789075,0.8709728718185249,79244.78002910742,6.0,6.629834254143646,14.285714285714286,0.0,493.90000000000003,0.49390000000000006,0.49390000000000006,76.16587984936137,2397.328626856872,2549.267259259619,128797284.80694301,1.0580327192821752,0.0,0.0,0.0,nan,0,nan,0,nan,nan,nan,nan,nan,nan
fog_size,15,150,135.0,9.0,10.0,16,58,spotis,,1341,10.0,109.66764740690108,85.4429411524329,279.84872296588304,509.5331429375282,0.8232662192393736,0.1767337807606264,0.0,0.5351230425055927,0.0,6.0514608501116,0.9332745232019172,118638.74157256412,0.0,0.0,100.0,3.9603960396039604,92.00693069306931,0.09200693069306931,0.09200693069306931,74.21769468596783,2186.1681672637906,2186.186958796061,182392028.26253656,0.7165788278638633,96.03960396039604,0.0,2.9702970297029703,nan,0,nan,0,9.212863623981814,27.05820049961161,8.222856355825636,23.239252491019204,24.503524442736055,7.763302586825683
fog_size,15,150,135.0,9.0,10.0,16,58,fu_serve,,1341,10.0,109.57729383854787,85.23141343249563,276.3137572993175,509.75126404565356,0.819537658463833,0.18046234153616703,0.0,0.685843725413953,0.0,7.769100022951504,0.9196166600793181,118619.06520837637,0.0,0.0,100.0,0.0,101.60000000000001,0.10160000000000001,0.10160000000000002,83.94327395578424,1332.838188691202,1429.3865536409598,200511207.22887078,0.9420179496946995,0.0,0.0,0.0,nan,0,nan,0,nan,nan,nan,nan,nan,nan
fog_size,15,150,135.0,9.0,10.0,16,58,2dp_fhs,,1341,10.0,118.9775989142074,99.2382496074029,285.0248591267013,550.0,0.7591349739000746,0.24086502609992544,0.0,0.7892972604583861,0.0,27.1485325245714,1.0019377163839203,118628.37909422803,91.0,67.85980611483967,1.0869565217391304,0.0,656.1999999999998,0.6561999999999998,0.6561999999999998,72.96162082017689,1451.9330616319626,1531.826670648135,141033795.56418324,1.7469227401928438,0.0,0.0,0.0,nan,0,nan,0,nan,nan,nan,nan,nan,nan
fog_size,15,150,135.0,9.0,10.0,16,58,3d_pos,,1341,10.0,109.31906416733288,85.16586736724064,266.3524780341371,499.4787574700465,0.8187919463087249,0.18120805369127513,0.0,0.5340513354251412,0.0,6.968759617964896,0.9394655544040093,118639.9396776848,2.0,1.4914243102162565,33.333333333333336,0.0,1028.7999999999995,1.0287999999999995,1.0287999999999995,74.21819434987027,2185.367462392741,2186.0506804903607,208902614.5309526,1.4200952819443544,0.0,0.0,0.0,nan,0,nan,0,nan,nan,nan,nan,nan,nan
fog_size,20,200,180.0,9.0,10.0,16,58,spotis,,1837,10.0,111.62650339773226,85.39267488142066,305.8413999637942,544.5549902295901,0.8209036472509527,0.17909635274904734,0.0,0.5762535216782897,0.0,6.394884479866099,0.9371906973597998,157426.14699217217,0.0,0.0,100.0,2.9702970297029703,103.480198019802,0.103480198019802,0.10348019801980202,85.14465949181242,2712.662879843913,2742.1202770366385,277764442.2175368,0.7510199318728118,97.02970297029702,0.0,0.0,nan,0,nan,0,11.619927137326016,23.281411017055373,7.073037442847258,24.983682394222566,23.289084480309533,9.752857528239256
fog_size,20,200,180.0,9.0,10.0,16,58,fu_serve,,1837,10.0,112.61014178131319,86.24428440461517,321.0921457926422,524.6574516413586,0.8149156232988568,0.1850843767011432,0.0,0.7976172049236732,0.0,9.322993345015531,0.9463436719127454,157429.53989740697,3.0,1.633097441480675,25.0,0.0,152.20000000000007,0.15220000000000009,0.15220000000000009,86.96315323481986,2165.92435300808,2154.721799487558,176186889.22444138,1.1293694226243383,0.0,0.0,0.0,nan,0,nan,0,nan,nan,nan,nan,nan,nan
fog_size,20,200,180.0,9.0,10.0,16,58,2dp_fhs,,1837,10.0,120.84452116925237,98.45629235733443,330.4574740543267,546.8193702081842,0.7610234077299945,0.23897659227000545,0.0,0.8867982170027653,0.0,22.205762986550376,1.018765501032387,157437.09759099685,82.0,44.63799673380512,1.2048192771084338,0.0,1070.8,1.0708,1.0708,69.5321643883373,1437.2560664190066,1398.7924720353858,175464200.257672,2.379533820804309,0.0,0.0,0.0,nan,0,nan,0,nan,nan,nan,nan,nan,nan
fog_size,20,200,180.0,9.0,10.0,16,58,3d_pos,,1837,10.0,113.30366685789238,87.83819477399834,302.6631515810765,538.2455370937776,0.8051170386499727,0.19488296135002725,0.0,0.575540199138065,0.0,9.455581590845824,0.9543360869225195,157424.326493112,16.0,8.709853021230266,5.882352941176471,0.0,1766.200000000001,1.7662000000000009,1.7662000000000007,57.803312558678996,1462.9363480069844,1403.0031335221,178363459.83881205,2.085112280800168,0.0,0.0,0.0,nan,0,nan,0,nan,nan,nan,nan,nan,nan
fog_size,5,50,45.0,9.0,10.0,17,59,spotis,,440,10.0,109.92138420415081,88.57968203984123,252.54769276940627,533.7251248980388,0.7704545454545455,0.2295454545454545,0.0,0.48272727272727267,0.0,6.112874999999462,0.8504062797005317,39669.78970021406,0.0,0.0,100.0,4.9504950495049505,66.21386138613865,0.06621386138613865,0.06621386138613865,67.93345200094507,1496.705577524346,1281.9836403179431,131287301.88308553,0.6624553333563292,95.04950495049505,0.0,0.0,nan,0,nan,0,7.86363518906053,28.49340099727886,6.385432344203454,39.37577699523287,11.28195532182323,6.599799152401055
fog_size,5,50,45.0,9.0,10.0,17,59,fu_serve,,440,10.0,109.91609871001502,88.57968203984123,252.54769276940627,533.7251248980388,0.7704545454545455,0.2295454545454545,0.0,0.48272727272727267,0.0,6.031363636362893,0.8503004832403545,39669.75383521406,0.0,0.0,100.0,0.0,18.40000000000001,0.01840000000000001,0.01840000000000001,67.93345976543203,1496.705577524346,1281.9836403179431,131265224.88308534,0.6266833333563294,0.0,0.0,0.0,nan,0,nan,0,nan,nan,nan,nan,nan,nan
fog_size,5,50,45.0,9.0,10.0,17,59,2dp_fhs,,440,10.0,122.2739715423504,103.66441459641007,277.8852060914557,550.0,0.6954545454545454,0.30454545454545456,0.0,0.5798378051771067,0.0,48.41001764579451,0.9558762268633894,39674.000096815784,71.0,161.36363636363637,1.3888888888888888,0.0,112.79999999999994,0.11279999999999994,0.11279999999999994,53.742039559404056,1457.9496249449612,1414.153338646746,157239313.03198323,1.0086329710293378,0.0,0.0,0.0,nan,0,nan,0,nan,nan,nan,nan,nan,nan
fog_size,5,50,45.0,9.0,10.0,17,59,3d_pos,,440,10.0,109.93168017005988,88.57968203984123,252.54769276940627,533.7251248980388,0.7704545454545455,0.2295454545454545,0.0,0.48272727272727267,0.0,6.271193181817973,0.850611766426196,39669.85936021406,0.0,0.0,100.0,0.0,159.1,0.1591,0.1591,67.93343708206662,1496.705577524346,1281.9836403179431,131328539.88308546,0.7322083333563291,0.0,0.0,0.0,nan,0,nan,0,nan,nan,nan,nan,nan,nan
fog_size,10,100,90.0,9.0,10.0,17,59,spotis,,940,10.0,119.07421055400464,93.11986890866775,306.3031046886654,550.0,0.7606382978723404,0.23936170212765961,0.0,0.5055319148936169,0.0,6.063268085105975,0.9903369448456862,79768.33376044738,0.0,0.0,100.0,3.9603960396039604,79.29108910891087,0.07929108910891086,0.07929108910891086,62.68170464116912,1431.3237418668714,2072.1273218283923,173269937.21285385,0.6968923606617117,96.03960396039604,0.0,2.9702970297029703,nan,0,nan,0,13.466766409439115,25.19804170469577,7.333155161524404,26.312830261332714,16.649736487650664,11.039469975357338
fog_size,10,100,90.0,9.0,10.0,17,59,fu_serve,,940,10.0,119.1980539030525,93.57316575021035,353.73076256410513,550.0,0.7755319148936171,0.22446808510638294,0.0,0.577398057725693,0.0,6.883813096184014,0.9660449395102001,79764.48960578565,0.0,0.0,100.0,0.0,53.0,0.053,0.053,95.05608079087385,3063.1568555700046,2863.739144654397,192843022.9342,0.775331486662306,0.0,0.0,0.0,nan,0,nan,0,nan,nan,nan,nan,nan,nan
fog_size,10,100,90.0,9.0,10.0,17,59,2dp_fhs,,940,10.0,130.6455871170589,110.31338821945269,364.14919774311045,550.0,0.7138297872340426,0.28617021276595744,0.0,0.7944129747034198,0.0,32.094834145142784,1.053154636731304,79766.90960612941,81.0,86.17021276595744,1.2195121951219512,0.0,322.09999999999985,0.32209999999999983,0.32209999999999983,62.741217564918614,1601.9867151412068,2004.093647818978,188030154.96036696,1.3967865637709522,0.0,0.0,0.0,nan,0,nan,0,nan,nan,nan,nan,nan,nan
fog_size,10,100,90.0,9.0,10.0,17,59,3d_pos,,940,10.0,119.47755207467303,94.06211380297603,360.6824667270157,550.0,0.774468085106383,0.225531914893617,0.0,0.5766708561416557,0.0,7.2841020986055325,0.9725600923599624,79768.26659212075,0.0,0.0,100.0,0.0,493.90000000000003,0.49390000000000006,0.49390000000000006,95.05642041184986,3063.1568555700046,2863.739144654397,198838467.12746468,1.1520637212847595,0.0,0.0,0.0,nan,0,nan,0,nan,nan,nan,nan,nan,nan
fog_size,15,150,135.0,9.0,10.0,17,59,spotis,,1411,10.0,117.35933371756296,88.09766948831754,316.1422102415399,550.0,0.7965981573352232,0.2034018426647768,0.0,0.5221828490432316,0.0,6.048839829907626,0.9665755074161986,118072.46807788174,0.0,0.0,100.0,2.9702970297029703,91.88019801980198,0.09188019801980198,0.09188019801980198,89.0264904371409,1473.143194644166,1559.347057336423,278851856.9817344,0.7044800919757208,97.02970297029702,0.0,0.0,nan,0,nan,0,13.050618819072799,23.380387283248314,7.509865955515576,23.611856317414286,21.597720303941266,10.849551320807754
fog_size,15,150,135.0,9.0,10.0,17,59,fu_serve,,1411,10.0,117.52343759720011,88.99723280561832,325.25556666932096,548.4059721669519,0.8036853295535081,0.19631467044649187,0.0,0.5636112877653373,0.0,6.5289518550352446,0.9747435944591384,118091.39644366261,0.0,0.0,100.0,0.0,101.60000000000001,0.10160000000000001,0.10160000000000002,95.11144529484893,1301.081268221999,1412.130747020518,296386876.1145301,0.7716210884359844,0.0,0.0,0.0,nan,0,nan,0,nan,nan,nan,nan,nan,nan
fog_size,15,150,135.0,9.0,10.0,17,59,2dp_fhs,,1411,10.0,127.62415422129465,102.72841938592236,368.7843549726331,550.0,0.7420269312544295,0.25797306874557047,0.0,0.7693357181197926,0.0,25.007740526726316,1.0346588497754448,118069.32502326084,85.0,60.24096385542169,1.1627906976744187,0.0,656.1999999999998,0.6561999999999998,0.6561999999999998,60.94477836392409,1581.8810346601067,1651.7844655190775,202804973.33467603,1.7037549316733966,0.0,0.0,0.0,nan,0,nan,0,nan,nan,nan,nan,nan,nan
fog_size,15,150,135.0,9.0,10.0,17,59,3d_pos,,1411,10.0,118.86792823038292,90.39203698332088,322.4828110154549,550.0,0.7902197023387668,0.20978029766123318,0.0,0.6356067067556723,0.0,10.149691481554992,0.9994865453182717,118100.46470557583,12.0,8.504606661941885,7.6923076923076925,0.0,1028.7999999999995,1.0287999999999995,1.0287999999999995,56.929371535491754,1355.9309830932386,1432.2130539680902,144517744.25269052,1.7180409721352488,0.0,0.0,0.0,nan,0,nan,0,nan,nan,nan,nan,nan,nan
fog_size,20,200,180.0,9.0,10.0,17,59,spotis,,1864,10.0,116.38585261479396,87.80341535888826,338.79802235498516,550.0,0.8074034334763949,0.19259656652360513,0.0,0.5401287553648068,0.0,6.04163787553619,0.9674991646869282,158004.60866932748,0.0,0.0,100.0,2.9702970297029703,103.480198019802,0.103480198019802,0.10348019801980202,91.236583064631,1614.79974899792,1805.331489334172,229532402.37633654,0.7216270631618366,97.02970297029702,0.0,0.0,nan,0,nan,0,11.426249968403665,24.940575091840252,7.528969859328032,22.48450085271433,25.06851497221626,8.55118925549746
fog_size,20,200,180.0,9.0,10.0,17,59,fu_serve,,1864,10.0,115.37134838287344,88.72947799670605,319.74376657764253,550.0,0.8181330472103004,0.18186695278969955,0.0,0.8266866727990385,0.0,9.172765574245682,0.9690810916676382,158026.3710912668,0.0,0.0,100.0,0.0,152.20000000000007,0.15220000000000009,0.15220000000000009,82.81788621574283,1517.474527260298,1573.6288685823727,179021018.27760625,1.1781950750491703,0.0,0.0,0.0,nan,0,nan,0,nan,nan,nan,nan,nan,nan
fog_size,20,200,180.0,9.0,10.0,17,59,2dp_fhs,,1864,10.0,124.17084055548963,99.35624297100911,350.70040999177843,550.0,0.7618025751072961,0.2381974248927039,0.0,0.820356079547864,0.0,21.41618621703801,1.0216347845911824,157999.2438205931,82.0,43.99141630901288,1.2048192771084338,0.0,1070.8,1.0708,1.0708,59.47753567372974,1670.8657406464304,1734.2671543336148,155114491.23593432,2.230254510085509,0.0,0.0,0.0,nan,0,nan,0,nan,nan,nan,nan,nan,nan
fog_size,20,200,180.0,9.0,10.0,17,59,3d_pos,,1864,10.0,115.7648956972057,87.25951576982783,329.4400967660429,550.0,0.8202789699570815,0.1797210300429185,0.0,0.6210288735127052,0.0,7.95998500091782,0.9635049819918675,158021.72154393923,2.0,1.0729613733905579,33.333333333333336,0.0,1766.200000000001,1.7662000000000009,1.7662000000000007,33.91457398201145,3485.305002005052,3335.856293090079,284047645.55427396,2.2585305165860263,0.0,0.0,0.0,nan,0,nan,0,nan,nan,nan,nan,nan,nan
fog_size,5,50,45.0,9.0,10.0,18,60,spotis,,442,10.0,122.67815200200539,93.84105566483925,347.5184166982201,550.0,0.6968325791855203,0.30316742081447967,0.0,0.44253393665158364,0.0,6.112153846153302,0.9440111898438853,39247.69924347772,0.0,0.0,100.0,3.9603960396039604,66.09108910891092,0.06609108910891093,0.06609108910891093,48.55155523861647,1546.634669524331,1330.3964900612825,170371446.15852758,0.651049390572599,96.03960396039604,0.0,0.0,nan,0,nan,0,4.0916394626390975,21.566317519802727,6.137058539258411,53.72871516932083,10.94567376015512,3.5305955488238103
fog_size,5,50,45.0,9.0,10.0,18,60,fu_serve,,442,10.0,123.91801385883988,96.40567734296684,330.3792857914628,550.0,0.7036199095022625,0.2963800904977375,0.0,0.6715908980902197,0.0,9.2093365823426,0.9454926029924784,39250.99199653647,0.0,0.0,100.0,0.0,18.40000000000001,0.01840000000000001,0.01840000000000001,77.60187891545434,1427.082643937878,1217.7770794380751,108815008.15025733,0.9421134240404109,0.0,0.0,0.0,nan,0,nan,0,nan,nan,nan,nan,nan,nan
fog_size,5,50,45.0,9.0,10.0,18,60,2dp_fhs,,442,10.0,135.66888470711123,121.87280546598322,363.91919921246733,550.0,0.6357466063348416,0.3642533936651584,0.0,0.6813617879409809,0.0,49.66180856215806,1.1111944994314342,39269.189451346036,70.0,158.3710407239819,1.408450704225352,0.0,112.79999999999994,0.11279999999999994,0.11279999999999994,58.33908587224402,1689.2149380172577,1555.198124932804,120080069.72655173,1.92228078549628,0.0,0.0,0.0,nan,0,nan,0,nan,nan,nan,nan,nan,nan
fog_size,5,50,45.0,9.0,10.0,18,60,3d_pos,,442,10.0,126.25430500270116,103.0220680964556,341.8580821723602,550.0,0.6832579185520362,0.3167420814479638,0.0,0.6152250646752513,0.0,15.100204316158827,1.00404125432714,39260.164255812604,11.0,24.8868778280543,8.333333333333334,0.0,159.1,0.1591,0.1591,71.16501354858036,1456.983475018731,1244.0112147309346,111471206.38957801,1.0287091602788667,0.0,0.0,0.0,nan,0,nan,0,nan,nan,nan,nan,nan,nan
fog_size,10,100,90.0,9.0,10.0,18,60,spotis,,858,10.0,126.59550852021293,100.01264174055957,361.08640100786766,550.0,0.7342657342657343,0.26573426573426573,0.0,0.4817462233471446,0.0,6.240474950978352,1.0539707915768364,78577.88919270501,0.0,0.0,100.0,3.9603960396039604,79.29108910891087,0.07929108910891086,0.07929108910891086,71.47172429236967,2289.3920986297426,2088.684465690794,212389828.02742088,0.6844537067918608,96.03960396039604,0.0,0.9900990099009901,nan,0,nan,0,9.01574810271983,22.103680550755094,7.79170392467095,33.739567340844,19.634103647233392,7.715196433776733
fog_size,10,100,90.0,9.0,10.0,18,60,fu_serve,,858,10.0,127.096804133436,101.2749771822773,350.6242483107468,550.0,0.7296037296037297,0.27039627039627034,0.0,0.8435414838843354,0.0,10.631529917618796,1.0945469401421477,78599.07397854059,0.0,0.0,100.0,0.0,53.0,0.053,0.053,94.12239839020637,1210.0351599126088,1213.299603193992,131945971.76390253,1.1558708712164127,0.0,0.0,0.0,nan,0,nan,0,nan,nan,nan,nan,nan,nan
fog_size,10,100,90.0,9.0,10.0,18,60,2dp_fhs,,858,10.0,132.82792860867843,111.14474982101763,349.44659719319367,550.0,0.696969696969697,0.303030303030303,0.0,0.8552479218784627,0.0,28.00241418062324,1.1153959689517052,78580.89438344474,56.0,65.26806526806527,1.7543859649122806,0.0,322.09999999999985,0.32209999999999983,0.32209999999999983,64.95141102155537,1297.169086166266,1303.8456614593426,92675476.6454367,1.561180802516732,0.0,0.0,0.0,nan,0,nan,0,nan,nan,nan,nan,nan,nan
fog_size,10,100,90.0,9.0,10.0,18,60,3d_pos,,858,10.0,131.4970434480445,107.9878277215789,351.0243553223077,550.0,0.696969696969697,0.303030303030303,0.0,0.659762665023443,0.0,21.443514121306897,1.1180601033333442,78582.48753580495,42.0,48.95104895104895,2.3255813953488373,0.0,493.90000000000003,0.49390000000000006,0.49390000000000006,60.8304037388825,2176.723893002226,1982.3448314715993,153086124.55944622,1.3463274512161332,0.0,0.0,0.0,nan,0,nan,0,nan,nan,nan,nan,nan,nan
fog_size,15,150,135.0,9.0,10.0,18,60,spotis,,1298,10.0,120.03986423858927,94.37289300584406,317.8612568123669,550.0,0.7773497688751926,0.22265023112480742,0.0,0.5070878274268104,0.0,6.050264270921619,1.0098542484705384,117944.39834288458,0.0,0.0,100.0,2.9702970297029703,91.88019801980198,0.09188019801980198,0.09188019801980198,37.28151684792784,1350.2071159976615,1306.5834801358044,223356478.79491818,0.6895528726854245,97.02970297029702,0.0,0.9900990099009901,nan,0,nan,0,9.734914615113933,20.91592566944744,7.567680227052173,29.7573922723959,23.771071225305683,8.253015990684867
fog_size,15,150,135.0,9.0,10.0,18,60,fu_serve,,1298,10.0,120.28701956674806,94.48483381638749,329.9632940316993,550.0,0.775808936825886,0.22419106317411397,0.0,0.5990426707673022,0.0,7.1018401308602135,1.0183252423367835,117950.90892521096,0.0,0.0,100.0,0.0,101.60000000000001,0.10160000000000001,0.10160000000000002,86.6629524682492,1218.1138811675849,1111.3936612087807,208039216.33424065,0.8214427372208405,0.0,0.0,0.0,nan,0,nan,0,nan,nan,nan,nan,nan,nan
fog_size,15,150,135.0,9.0,10.0,18,60,2dp_fhs,,1298,10.0,127.56047143838043,108.40871526770911,334.91710404470115,526.2693009009722,0.7203389830508474,0.2796610169491526,0.0,0.7705035221018989,0.0,26.61196536861713,1.0899133206561964,117944.52436099136,85.0,65.48536209553158,1.1627906976744187,0.0,656.1999999999998,0.6561999999999998,0.6561999999999998,62.30812727891825,1223.43044960494,1161.143413216577,166235975.50367445,1.6864765014926903,0.0,0.0,0.0,nan,0,nan,0,nan,nan,nan,nan,nan,nan
fog_size,15,150,135.0,9.0,10.0,18,60,3d_pos,,1298,10.0,123.99312562132623,99.56042050787684,345.4100561166673,550.0,0.75115562403698,0.24884437596302,0.0,0.6796997038234791,0.0,14.573839125180651,1.0621126906725742,117961.01527958359,29.0,22.34206471494607,3.3333333333333335,0.0,1028.7999999999995,1.0287999999999995,1.0287999999999995,60.04302768498335,1199.9633540482698,1091.4107263180622,136535838.77018073,1.8728643207792228,0.0,0.0,0.0,nan,0,nan,0,nan,nan,nan,nan,nan,nan
fog_size,20,200,180.0,9.0,10.0,18,60,spotis,,1725,10.0,120.75874971593528,92.76678418787566,322.7508316816308,537.9735650657095,0.7756521739130435,0.22434782608695647,0.0,0.5140869565217391,0.0,6.044993043477965,1.048392029601098,158510.3614470491,0.0,0.0,100.0,2.9702970297029703,103.480198019802,0.103480198019802,0.10348019801980202,65.56482369104378,1645.7932758651302,1758.11573966117,262563694.25046107,0.7098646079125936,97.02970297029702,0.0,0.0,nan,0,nan,0,11.32447659133662,21.241656838408815,8.239977795148542,22.761908775772984,26.89451936622616,9.537460633106878
fog_size,20,200,180.0,9.0,10.0,18,60,fu_serve,,1725,10.0,121.44813448179579,93.2079847488766,321.8413603114166,548.2603638096899,0.7710144927536232,0.22898550724637678,0.0,0.8506415748363411,0.0,10.023488347200095,1.0527103783249308,158507.71771461496,0.0,0.0,100.0,0.0,152.20000000000007,0.15220000000000009,0.15220000000000009,93.08171231356127,1695.4671230367708,1811.1897271040768,117040119.77414437,1.2692583811485119,0.0,0.0,0.0,nan,0,nan,0,nan,nan,nan,nan,nan,nan
fog_size,20,200,180.0,9.0,10.0,18,60,2dp_fhs,,1725,10.0,132.08470656196124,109.85971632628465,362.6736669484068,550.0,0.7084057971014492,0.29159420289855076,0.0,0.8575610565846933,0.0,23.766951879574773,1.1288392548748647,158487.0544808999,85.0,49.27536231884058,1.1627906976744187,0.0,1070.8,1.0708,1.0708,63.40942986566196,1794.7691973346757,1920.681228594079,133600338.2656851,2.417668023433262,0.0,0.0,0.0,nan,0,nan,0,nan,nan,nan,nan,nan,nan
fog_size,20,200,180.0,9.0,10.0,18,60,3d_pos,,1725,10.0,127.91501898746266,104.05771698358812,351.8972148334895,550.0,0.7339130434782609,0.2660869565217391,0.0,0.7300303721988235,0.0,16.980488121994714,1.0960550303248928,158495.21857983415,47.0,27.246376811594203,2.0833333333333335,0.0,1766.200000000001,1.7662000000000009,1.7662000000000007,71.8726817585803,3339.2582969698956,3311.8542667424877,149305033.17488372,2.8078580066419176,0.0,0.0,0.0,nan,0,nan,0,nan,nan,nan,nan,nan,nan
fog_size,5,50,45.0,9.0,10.0,19,61,spotis,,430,10.0,123.30661475621712,92.68621058697255,329.36746752768624,550.0,0.7209302325581395,0.2790697674418605,0.0,0.49170664354648413,0.0,6.671353473264457,0.9457318541580374,39754.22310345046,0.0,0.0,100.0,2.9702970297029703,65.9683168316832,0.0659683168316832,0.0659683168316832,84.87744682237026,1885.870401677343,1449.174380438215,135387678.028794,0.7094055052270147,97.02970297029702,0.0,0.0,nan,0,nan,0,7.457368339342631,19.596783173268435,5.729058880078848,48.21966478453137,12.77375512205951,6.223369700719219
fog_size,5,50,45.0,9.0,10.0,19,61,fu_serve,,430,10.0,123.12723511249463,95.22174488848556,323.20471480819157,550.0,0.7209302325581395,0.2790697674418605,0.0,0.9181395348837208,0.0,12.063865116277812,0.9745107399606174,39763.14455804926,0.0,0.0,100.0,0.0,18.40000000000001,0.01840000000000001,0.01840000000000001,85.79434981330606,1057.5880806914975,1120.4740502019888,48675574.83042768,1.2394078851570163,0.0,0.0,0.0,nan,0,nan,0,nan,nan,nan,nan,nan,nan
fog_size,5,50,45.0,9.0,10.0,19,61,2dp_fhs,,430,10.0,132.68290684775295,108.08935372031435,364.2531598754927,550.0,0.686046511627907,0.313953488372093,0.0,0.7965300864352439,0.0,42.296128353616254,1.0603917854666334,39773.86180537412,54.0,125.5813953488372,1.8181818181818181,0.0,112.79999999999994,0.11279999999999994,0.11279999999999994,75.90040698000233,1175.7709102171084,1177.0534436732416,96662099.20657152,1.7041439322007994,0.0,0.0,0.0,nan,0,nan,0,nan,nan,nan,nan,nan,nan
fog_size,5,50,45.0,9.0,10.0,19,61,3d_pos,,430,10.0,123.32269931018733,92.76271625881381,329.47075018467194,550.0,0.7209302325581395,0.2790697674418605,0.0,0.49170664354648413,0.0,6.848437056957236,0.9459774862257403,39754.29924939145,0.0,0.0,100.0,0.0,159.1,0.1591,0.1591,84.8774299203806,1885.870401677343,1449.174380438215,135440271.77879378,0.7857082529333559,0.0,0.0,0.0,nan,0,nan,0,nan,nan,nan,nan,nan,nan
fog_size,10,100,90.0,9.0,10.0,19,61,spotis,,877,10.0,114.09906894988045,85.01092032522183,310.0960067940233,550.0,0.8209806157354618,0.17901938426453823,0.0,0.5233751425313568,0.0,6.067812998859309,0.9148520370039311,79106.17175005445,0.0,0.0,100.0,3.9603960396039604,79.29108910891087,0.07929108910891086,0.07929108910891086,82.93933225936443,1462.4073953968718,1289.7332698645916,246054033.42438138,0.6646235313300278,96.03960396039604,0.0,0.0,nan,0,nan,0,10.33303075109219,20.11547483210345,5.441043840702208,39.59316889268701,16.047010421207204,8.47027126220793
fog_size,10,100,90.0,9.0,10.0,19,61,fu_serve,,877,10.0,114.35991090670746,85.87577691823822,311.6808423273799,550.0,0.8015963511972634,0.19840364880273664,0.0,0.57184374541108,0.0,7.613315503980977,0.9264016899851932,79098.73867147122,3.0,3.420752565564424,25.0,0.0,53.0,0.053,0.053,91.07535589774922,1140.5348053812968,1129.5225702128032,197435738.98929346,0.7223839850465543,0.0,0.0,0.0,nan,0,nan,0,nan,nan,nan,nan,nan,nan
fog_size,10,100,90.0,9.0,10.0,19,61,2dp_fhs,,877,10.0,121.05733064269583,96.7940013486812,312.82671548689507,550.0,0.7628278221208666,0.23717217787913336,0.0,0.7827128687965651,0.0,27.41917091050753,0.9946967618279632,79112.93041707452,62.0,70.69555302166476,1.5873015873015872,0.0,322.09999999999985,0.32209999999999983,0.32209999999999983,59.22957799340919,1154.428449530314,1136.5867575326142,115931263.5254355,1.3334843864835995,0.0,0.0,0.0,nan,0,nan,0,nan,nan,nan,nan,nan,nan
fog_size,10,100,90.0,9.0,10.0,19,61,3d_pos,,877,10.0,114.15117691725216,84.81685767852376,313.4499891171211,550.0,0.8198403648802737,0.18015963511972632,0.0,0.5226909920182439,0.0,6.422377423032706,0.9109769160657596,79102.47068606291,0.0,0.0,100.0,0.0,493.90000000000003,0.49390000000000006,0.49390000000000006,82.93944964829156,1462.4073953968718,1289.7332698645916,203964587.23432934,0.9756695313300281,0.0,0.0,0.0,nan,0,nan,0,nan,nan,nan,nan,nan,nan
fog_size,15,150,135.0,9.0,10.0,19,61,spotis,,1325,10.0,119.09563017787363,88.42479306525242,336.92707762544023,550.0,0.7924528301886793,0.2075471698113207,0.0,0.5248301886792451,0.0,6.051937358490308,1.0180643666882219,118673.39673055228,0.0,0.0,100.0,1.9801980198019802,91.75346534653465,0.09175346534653465,0.09175346534653465,61.00789929528614,2473.2812063333295,2474.0047172473146,211642301.57174137,0.6790134823113465,98.01980198019803,0.0,0.0,nan,0,nan,0,8.465239187662418,22.234542035232366,7.4935290478858825,30.37068334334067,24.2578778663924,7.178128519486269
fog_size,15,150,135.0,9.0,10.0,19,61,fu_serve,,1325,10.0,118.93115152264753,89.2625400561915,344.9065239335839,550.0,0.7954716981132075,0.2045283018867925,0.0,0.8722435428746497,0.0,10.119303735911881,1.0146182030780269,118673.83673157387,0.0,0.0,100.0,0.0,101.60000000000001,0.10160000000000001,0.10160000000000002,82.37101819716928,1945.685691558496,1982.2354382953533,174919057.16206905,1.1908626927697952,0.0,0.0,0.0,nan,0,nan,0,nan,nan,nan,nan,nan,nan
fog_size,15,150,135.0,9.0,10.0,19,61,2dp_fhs,,1325,10.0,127.36720673618724,102.93953483627583,356.3120669575037,550.0,0.7388679245283019,0.26113207547169814,0.0,0.8150523516630254,0.0,25.311257786925065,1.0771125650913744,118658.92234675409,78.0,58.867924528301884,1.2658227848101267,0.0,656.1999999999998,0.6561999999999998,0.6561999999999998,68.29624440687638,2062.3132578467744,2083.994111219786,159746743.98847678,1.746782751682919,0.0,0.0,0.0,nan,0,nan,0,nan,nan,nan,nan,nan,nan
fog_size,15,150,135.0,9.0,10.0,19,61,3d_pos,,1325,10.0,123.9098962516013,94.82052763722581,342.1209428154395,550.0,0.7683018867924528,0.23169811320754718,0.0,0.5908268257480608,0.0,15.747203027040314,1.0420586595979495,118665.24486100033,42.0,31.69811320754717,2.3255813953488373,0.0,1028.7999999999995,1.0287999999999995,1.0287999999999995,62.467134596595066,2211.06005249047,2176.7606901218937,194723108.1212248,1.5677671037680625,0.0,0.0,0.0,nan,0,nan,0,nan,nan,nan,nan,nan,nan
fog_size,20,200,180.0,9.0,10.0,19,61,spotis,,1784,10.0,117.65097239102157,87.86044719317044,329.43161232466315,550.0,0.7993273542600897,0.20067264573991028,0.0,0.5310538116591927,0.0,6.0435050448427505,0.9915015270277181,158123.6641205407,0.0,0.0,100.0,2.9702970297029703,103.480198019802,0.103480198019802,0.10348019801980202,82.60227256092713,1108.9558625983614,1096.7104261810518,303667989.0726968,0.7182376290263437,97.02970297029702,0.0,0.9900990099009901,nan,0,nan,0,12.27642491158,22.199864758465193,7.538562255128313,22.772495038307973,24.92507369048928,10.287579346029252
fog_size,20,200,180.0,9.0,10.0,19,61,fu_serve,,1784,10.0,118.90376540412072,87.39280538262673,344.83800422078144,550.0,0.8015695067264574,0.19843049327354256,0.0,0.6811164261489185,0.0,7.752788603356988,1.0040092770712852,158145.5162092111,0.0,0.0,100.0,0.0,152.20000000000007,0.15220000000000009,0.15220000000000009,94.17164534039978,926.4625366263223,826.1691833927794,171838055.3559055,0.9857479054711058,0.0,0.0,0.0,nan,0,nan,0,nan,nan,nan,nan,nan,nan
fog_size,20,200,180.0,9.0,10.0,19,61,2dp_fhs,,1784,10.0,128.554924175181,102.15260795523616,352.79730773123265,550.0,0.7438340807174888,0.2561659192825112,0.0,0.7836698493508634,0.0,22.141008325316825,1.0744454449596512,158135.57204846063,87.0,48.766816143497756,1.1363636363636365,0.0,1070.8,1.0708,1.0708,53.05090203979055,885.4950472588928,799.2437260480827,131729597.23940971,2.1358575050851414,0.0,0.0,0.0,nan,0,nan,0,nan,nan,nan,nan,nan,nan
fog_size,20,200,180.0,9.0,10.0,19,61,3d_pos,,1784,10.0,122.58248826794093,93.6516502532001,349.7430242203272,550.0,0.7769058295964125,0.22309417040358748,0.0,0.6431411610253794,0.0,12.482232138243889,1.0224674170008057,158126.92278296233,30.0,16.816143497757846,3.225806451612903,0.0,1766.200000000001,1.7662000000000009,1.7662000000000007,55.16427550817566,811.9597746787535,722.4367934052789,196416168.04731938,2.3742949556575588,0.0,0.0,0.0,nan,0,nan,0,nan,nan,nan,nan,nan,nan
