study_axis,n_fog,n_iot,arrival_rate,arrival_rate_per_fog,episode_seconds,trial,seed,policy,head_failure_s,n_tasks,duration_s,mean_delay_ms,p50_delay_ms,p95_delay_ms,p99_delay_ms,success_rate,deadline_miss_rate,mean_control_delay_ms,mean_selector_delay_ms,mean_handover_delay_ms,control_energy_mj_per_task,nonprop_energy_j_per_delivered_task,whole_swarm_energy_j,head_changes,head_changes_per_1000_tasks,mean_head_tenure_ticks,selector_run_pct,mean_selector_runtime_us,mean_stage1_ms_per_tick,stage1_cpu_share_pct,mean_head_soc_pct,mean_head_iot_distance_m,mean_head_fog_distance_m,mean_head_workload_cycles,mean_head_control_service_ms,kl_gate_pct,tenure_block_pct,switch_cost_block_pct,head_recovery_ticks,tasks_dropped_in_gap,delay_spike_ms,control_jobs_lost,decision_power_0_pct,decision_power_1_pct,decision_power_2_pct,decision_power_3_pct,decision_power_4_pct,decision_power_5_pct
fog_size,10,100,90.0,9.0,10.0,0,42,spotis,,954,10.0,128.05482649819402,96.63035745697135,396.551460888349,550.0,0.7316561844863732,0.26834381551362685,0.0,0.4823899371069182,0.0,6.047767845911716,1.0443710588300776,78920.79532694229,0.0,0.0,100.0,4.9504950495049505,60.76009900990098,0.06076009900990098,0.06076009900990099,75.46614233387515,959.9361366570866,1117.8204585879714,299039383.5886457,0.6569023457696769,95.04950495049505,0.0,0.0,nan,0,nan,0,10.537012735899504,23.435525653292657,7.154695352926402,30.679177338545305,19.325580567163744,8.8680083521724
fog_size,10,100,90.0,9.0,10.0,0,42,fu_serve,,954,10.0,130.2079610404629,101.22918732907316,429.1808303096801,550.0,0.7232704402515723,0.2767295597484277,0.0,0.9446986081409948,0.0,11.944008298762641,1.0456353419211728,78913.31271380451,0.0,0.0,100.0,0.0,65.5,0.0655,0.0655,74.44775399556168,1048.173519766488,1145.0105940429892,63841863.400670625,1.3372767935974286,0.0,0.0,0.0,nan,0,nan,0,nan,nan,nan,nan,nan,nan
fog_size,10,100,90.0,9.0,10.0,0,42,2dp_fhs,,954,10.0,137.44923522352605,116.91512507885315,426.8823868438512,550.0,0.6645702306079665,0.3354297693920335,0.0,0.804871216006818,0.0,29.944766189474894,1.1091602940127026,78895.03195428297,73.0,76.51991614255765,1.3513513513513513,0.0,369.69999999999976,0.36969999999999975,0.36969999999999975,64.66249289063155,1163.536723001347,1281.7871476058885,174643000.691917,1.477945051406546,0.0,0.0,0.0,nan,0,nan,0,nan,nan,nan,nan,nan,nan
fog_size,10,100,90.0,9.0,10.0,0,42,3d_pos,,954,10.0,130.33248306892182,101.96941242666199,404.87108083819373,550.0,0.7159329140461216,0.2840670859538784,0.0,0.6348190550278766,0.0,12.481496629510536,1.0533097528538324,78911.23488907807,15.0,15.723270440251572,6.25,0.0,547.3000000000003,0.5473000000000003,0.5473000000000003,84.58713757249569,1564.8183973336907,1661.9941059419382,165806083.0355342,1.3507353791609773,0.0,0.0,0.0,nan,0,nan,0,nan,nan,nan,nan,nan,nan
fog_size,20,200,180.0,9.0,10.0,0,42,spotis,,1843,10.0,123.40509068300955,91.35322389188971,380.0501524761435,550.0,0.7797069994574064,0.2202930005425936,0.0,0.5476367019847738,0.0,6.343575173013655,1.0293532194070274,158315.0458369535,0.0,0.0,100.0,2.9702970297029703,64.43825742574255,0.06443825742574255,0.06443825742574255,65.41712298191923,1677.7631276864588,1716.6651327310753,243651128.88598365,0.7187581623855831,97.02970297029702,0.0,1.9801980198019802,nan,0,nan,0,10.310918761029972,21.809897172712926,7.291002389601347,24.471931747971087,27.413861841625643,8.702388087059015
fog_size,20,200,180.0,9.0,10.0,0,42,fu_serve,,1843,10.0,124.28980675985206,94.5021671491304,359.65280954233066,550.0,0.769397721106891,0.23060227889310903,0.0,1.0180703726756424,0.0,11.914662789440852,1.0375520945113859,158307.11413068275,0.0,0.0,100.0,0.0,199.59999999999988,0.1995999999999999,0.19959999999999992,86.76518923040746,1062.5017082192792,916.9097268367549,98046840.6893293,1.620006516968162,0.0,0.0,0.0,nan,0,nan,0,nan,nan,nan,nan,nan,nan
fog_size,20,200,180.0,9.0,10.0,0,42,2dp_fhs,,1843,10.0,133.38428771920888,108.23781764474472,397.2931415250187,550.0,0.7102550189907759,0.2897449810092241,0.0,0.8917529801660423,0.0,22.62307423947819,1.132571821164891,158318.40177457046,81.0,43.95008138903961,1.2195121951219512,0.0,1295.8,1.2958,1.2958,75.22839927641658,1129.7617712545568,1002.8782853610646,202309059.5811983,2.7963044698990815,0.0,0.0,0.0,nan,0,nan,0,nan,nan,nan,nan,nan,nan
fog_size,20,200,180.0,9.0,10.0,0,42,3d_pos,,1843,10.0,128.5617446217377,100.43529395865636,398.73474148917853,550.0,0.7433532284319045,0.25664677156809546,0.0,0.6156406441359625,0.0,13.317635155277372,1.0710294348322738,158303.17558638583,37.0,20.075963103635377,2.6315789473684212,0.0,1972.7999999999995,1.9727999999999994,1.9727999999999994,55.72462760341295,1079.6077377124152,914.9380250986826,243268212.47611913,2.5161885295467026,0.0,0.0,0.0,nan,0,nan,0,nan,nan,nan,nan,nan,nan
fog_size,40,400,360.0,9.0,10.0,0,42,spotis,,3598,10.0,125.65704480778709,94.83378810952036,377.14710695442824,550.0,0.7846025569760978,0.21539744302390218,0.0,0.546136742634797,0.0,6.015371919121502,1.107654562556919,315960.64048490394,0.0,0.0,100.0,2.9702970297029703,73.74378217821783,0.07374378217821782,0.07374378217821782,93.61300110167062,2255.2855050871467,2155.509466974344,563629843.5121751,0.745611192633591,97.02970297029702,0.0,1.9801980198019802,nan,0,nan,0,13.163292511426427,20.87670321143461,7.664448108360386,15.271124563315924,31.96161367848741,11.062817926975235
fog_size,40,400,360.0,9.0,10.0,0,42,fu_serve,,3598,10.0,125.81082290666428,98.01454825749545,371.71570870953576,550.0,0.7701500833796554,0.2298499166203446,0.0,0.9499157056141344,0.0,10.874272272967259,1.1076475070786975,315903.02289692085,3.0,0.8337965536409117,25.0,0.0,692.6999999999998,0.6926999999999999,0.6926999999999999,91.10664655718023,2169.2395607662493,2131.934413900496,99974465.72438592,2.325404676930889,0.0,0.0,0.0,nan,0,nan,0,nan,nan,nan,nan,nan,nan
fog_size,40,400,360.0,9.0,10.0,0,42,2dp_fhs,,3598,10.0,137.44934644194615,116.71331600187918,406.2177209038293,550.0,0.6862145636464703,0.31378543635352973,0.0,0.9492610605350525,0.0,18.95286149184259,1.2090989107033534,315818.99686533236,89.0,24.73596442468038,1.1111111111111112,0.0,4741.400000000002,4.741400000000002,4.741400000000002,69.89978426346377,1762.8863729129903,1694.4232741083977,149690761.2666908,7.562515590109599,0.0,0.0,0.0,nan,0,nan,0,nan,nan,nan,nan,nan,nan
fog_size,40,400,360.0,9.0,10.0,0,42,3d_pos,,3598,10.0,132.13009137681786,105.79730695747875,391.8632236958037,550.0,0.7381878821567538,0.2618121178432462,0.0,0.6461598377287315,0.0,13.238270196913442,1.1600431441983787,315914.8062457967,56.0,15.56420233463035,1.7543859649122806,0.0,7364.199999999996,7.364199999999996,7.364199999999996,66.51597445592984,1971.2298626762904,1850.5106983716146,224738758.11721474,7.352646213578438,0.0,0.0,0.0,nan,0,nan,0,nan,nan,nan,nan,nan,nan
fog_size,80,800,720.0,9.0,10.0,0,42,spotis,,7195,10.0,125.6330859347577,96.0917756044326,367.88528012666717,550.0,0.768589298123697,0.23141070187630297,0.0,0.5528839471855453,0.0,6.009074239054782,1.1184942569379168,631366.1489104315,0.0,0.0,100.0,2.9702970297029703,87.05168316831683,0.08705168316831682,0.08705168316831682,86.75207563812403,1097.4779804346244,962.2878955479241,716342652.8899955,0.8996923228805684,97.02970297029702,0.0,0.0,nan,0,nan,0,13.997841884515461,20.48567272332073,7.937145373400231,7.59753179818037,37.845987784326915,12.135820436256296
fog_size,80,800,720.0,9.0,10.0,0,42,fu_serve,,7195,10.0,128.53410238969448,100.8923416544878,382.1713495475608,550.0,0.7392633773453787,0.2607366226546213,0.0,0.7859039950122185,0.0,8.977295956580983,1.1423511808026818,631257.0416002544,3.0,0.41695621959694235,25.0,0.0,2499.099999999999,2.499099999999999,2.499099999999999,86.88105497111343,1027.3278728169141,866.9038068643633,284359637.751168,4.211654960743621,0.0,0.0,0.0,nan,0,nan,0,nan,nan,nan,nan,nan,nan
fog_size,80,800,720.0,9.0,10.0,0,42,2dp_fhs,,7195,10.0,159.77725651570663,150.0,449.33075428579315,550.0,0.4569840166782488,0.5430159833217512,0.0,0.9942225081667966,0.0,17.927522119553394,1.4628171327191106,629990.6184019453,99.0,13.759555246699097,1.0,0.0,18068.0,18.068,18.068,72.89368184538996,1001.934550910075,843.0474888065532,61519312.26994889,36.64344345895748,0.0,0.0,0.0,nan,0,nan,0,nan,nan,nan,nan,nan,nan
fog_size,80,800,720.0,9.0,10.0,0,42,3d_pos,,7195,10.0,144.88159551939347,140.7314474067072,422.5231399171586,550.0,0.5987491313412092,0.4012508686587908,0.0,0.676270541679244,0.0,13.346293515309096,1.2780938937188877,630686.9041637059,59.0,8.200138985406532,1.6666666666666667,0.0,28617.999999999996,28.617999999999995,28.617999999999995,75.25140858175104,1025.491153505612,862.5456315330572,352811590.18156034,27.38743224935656,0.0,0.0,0.0,nan,0,nan,0,nan,nan,nan,nan,nan,nan
arrival_rate,20,200,60.0,3.0,10.0,0,42,spotis,,632,10.0,100.25042911375093,67.77957510225974,319.83384302102627,476.56832015278,0.939873417721519,0.060126582278481,0.0,0.6096124996755659,0.0,6.396425231664367,0.9309569482606588,157388.85368793242,0.0,0.0,100.0,1.9801980198019802,64.42550495049503,0.06442550495049502,0.06442550495049502,65.42486840053658,1677.7631276864588,1716.6651327310753,76824974.23638226,0.699956517439843,98.01980198019803,0.0,0.9900990099009901,nan,0,nan,0,6.6437253429066425,16.08304930787995,4.699732081292981,23.210857277445136,43.764287646103966,5.598348344371322
arrival_rate,20,200,60.0,3.0,10.0,0,42,fu_serve,,632,10.0,100.6057077122415,68.2573783458108,326.3771233141167,469.09495987065674,0.9367088607594937,0.06329113924050633,0.0,1.1328449202280784,0.0,12.218129352925017,0.9349705260980132,157389.3678121156,0.0,0.0,100.0,0.0,199.59999999999988,0.1995999999999999,0.19959999999999992,86.78478506520716,1062.5017082192792,916.9097268367549,0.0,1.5166837220535505,0.0,0.0,0.0,nan,0,nan,0,nan,nan,nan,nan,nan,nan
arrival_rate,20,200,60.0,3.0,10.0,0,42,2dp_fhs,,632,10.0,104.27697965062232,73.34386100855505,318.01434178668404,472.47616611773407,0.930379746835443,0.069620253164557,0.0,0.847441717170036,0.0,32.11853598488069,0.9584390358447124,157399.42741374226,51.0,80.69620253164557,1.9230769230769231,0.0,1295.8,1.2958,1.2958,62.30219806999992,1038.3819530236015,886.91719740491,45725947.26056966,2.556751454751128,0.0,0.0,0.0,nan,0,nan,0,nan,nan,nan,nan,nan,nan
arrival_rate,20,200,60.0,3.0,10.0,0,42,3d_pos,,632,10.0,100.55000206693687,68.9705248581447,319.9377356123293,468.6414007873648,0.935126582278481,0.064873417721519,0.0,0.7214642211820325,0.0,13.710648509262544,0.9380657085255096,157390.2620944042,8.0,12.658227848101266,11.11111111111111,0.0,1972.7999999999995,1.9727999999999994,1.9727999999999994,61.71250848750569,1065.1197607215202,897.9385471703022,31836059.073650766,2.6169258120079446,0.0,0.0,0.0,nan,0,nan,0,nan,nan,nan,nan,nan,nan
arrival_rate,20,200,120.0,6.0,10.0,0,42,spotis,,1268,10.0,111.99856444816375,78.77793451097492,334.88196300258704,550.0,0.8730283911671924,0.12697160883280756,0.0,0.5922481430110728,0.0,6.356086379655881,0.9875031676327019,157929.031267235,0.0,0.0,100.0,2.9702970297029703,64.43825742574255,0.06443825742574255,0.06443825742574255,65.4192122071624,1677.7631276864588,1716.6651327310753,258362283.49989766,0.7224863820759657,97.02970297029702,0.0,0.9900990099009901,nan,0,nan,0,9.744730865786206,21.36547871162304,6.883073691888847,20.505939758190625,33.26150494834536,8.239272024165919
arrival_rate,20,200,120.0,6.0,10.0,0,42,fu_serve,,1268,10.0,112.03478134030163,79.67798973817276,330.36908287094604,550.0,0.8746056782334385,0.1253943217665615,0.0,1.099602409243571,0.0,11.986480635037168,0.9789412885755328,157921.51114969587,0.0,0.0,100.0,0.0,199.59999999999988,0.1995999999999999,0.19959999999999992,86.77846536285031,1062.5017082192792,916.9097268367549,24057896.25022216,1.5843963975211284,0.0,0.0,0.0,nan,0,nan,0,nan,nan,nan,nan,nan,nan
arrival_rate,20,200,120.0,6.0,10.0,0,42,2dp_fhs,,1268,10.0,119.1863884365958,87.46836678262085,344.8113031775465,550.0,0.8351735015772871,0.1648264984227129,0.0,0.9601840129080176,0.0,25.36557617905458,1.0328139116551052,157929.6151931084,67.0,52.8391167192429,1.4705882352941178,0.0,1295.8,1.2958,1.2958,75.08631494523102,1067.9763373316239,925.188544089293,78713982.3437415,2.7744492738329605,0.0,0.0,0.0,nan,0,nan,0,nan,nan,nan,nan,nan,nan
arrival_rate,20,200,120.0,6.0,10.0,0,42,3d_pos,,1268,10.0,115.10364405021683,83.66890843259279,346.1639077309487,550.0,0.863564668769716,0.13643533123028395,0.0,0.6748456033739036,0.0,15.020678771830326,0.9995281324448622,157930.34856569272,31.0,24.44794952681388,3.125,0.0,1972.7999999999995,1.9727999999999994,1.9727999999999994,57.38888229615192,1075.235989388035,909.7296020305562,167371435.16533974,2.5519148546106307,0.0,0.0,0.0,nan,0,nan,0,nan,nan,nan,nan,nan,nan
arrival_rate,20,200,180.0,9.0,10.0,0,42,spotis,,1843,10.0,123.40509068300955,91.35322389188971,380.0501524761435,550.0,0.7797069994574064,0.2202930005425936,0.0,0.5476367019847738,0.0,6.343575173013655,1.0293532194070274,158315.0458369535,0.0,0.0,100.0,2.9702970297029703,64.43825742574255,0.06443825742574255,0.06443825742574255,65.41712298191923,1677.7631276864588,1716.6651327310753,243651128.88598365,0.7187581623855831,97.02970297029702,0.0,1.9801980198019802,nan,0,nan,0,10.310918761029972,21.809897172712926,7.291002389601347,24.471931747971087,27.413861841625643,8.702388087059015
arrival_rate,20,200,180.0,9.0,10.0,0,42,fu_serve,,1843,10.0,124.28980675985206,94.5021671491304,359.65280954233066,550.0,0.769397721106891,0.23060227889310903,0.0,1.0180703726756424,0.0,11.914662789440852,1.0375520945113859,158307.11413068275,0.0,0.0,100.0,0.0,199.59999999999988,0.1995999999999999,0.19959999999999992,86.76518923040746,1062.5017082192792,916.9097268367549,98046840.6893293,1.620006516968162,0.0,0.0,0.0,nan,0,nan,0,nan,nan,nan,nan,nan,nan
arrival_rate,20,200,180.0,9.0,10.0,0,42,2dp_fhs,,1843,10.0,133.38428771920888,108.23781764474472,397.2931415250187,550.0,0.7102550189907759,0.2897449810092241,0.0,0.8917529801660423,0.0,22.62307423947819,1.132571821164891,158318.40177457046,81.0,43.95008138903961,1.2195121951219512,0.0,1295.8,1.2958,1.2958,75.22839927641658,1129.7617712545568,1002.8782853610646,202309059.5811983,2.7963044698990815,0.0,0.0,0.0,nan,0,nan,0,nan,nan,nan,nan,nan,nan
arrival_rate,20,200,180.0,9.0,10.0,0,42,3d_pos,,1843,10.0,128.5617446217377,100.43529395865636,398.73474148917853,550.0,0.7433532284319045,0.25664677156809546,0.0,0.6156406441359625,0.0,13.317635155277372,1.0710294348322738,158303.17558638583,37.0,20.075963103635377,2.6315789473684212,0.0,1972.7999999999995,1.9727999999999994,1.9727999999999994,55.72462760341295,1079.6077377124152,914.9380250986826,243268212.47611913,2.5161885295467026,0.0,0.0,0.0,nan,0,nan,0,nan,nan,nan,nan,nan,nan
arrival_rate,20,200,240.0,12.0,10.0,0,42,spotis,,2445,10.0,137.3690035903744,113.59715136841864,458.5471278660941,550.0,0.656441717791411,0.34355828220858897,0.0,0.4820297939705594,0.0,6.336782069477809,1.0774077094971748,158565.10463440858,0.0,0.0,100.0,2.9702970297029703,64.43825742574255,0.06443825742574255,0.06443825742574255,65.4160978478358,1677.7631276864588,1716.6651327310753,473866615.8636638,0.7415869644975608,97.02970297029702,0.0,0.9900990099009901,nan,0,nan,0,11.987027205767006,25.49646216459814,8.509247306557066,20.240224418157077,23.630066999331927,10.136971905588798
arrival_rate,20,200,240.0,12.0,10.0,0,42,fu_serve,,2445,10.0,139.18910946485843,120.25411351961424,431.2465310455288,550.0,0.6331288343558282,0.36687116564417177,0.0,0.8967475935772086,0.0,11.87566846420841,1.118025763511701,158566.56914258172,0.0,0.0,100.0,0.0,199.59999999999988,0.1995999999999999,0.19959999999999992,86.76110747459806,1062.5017082192792,916.9097268367549,130771361.96818738,1.7310087420934681,0.0,0.0,0.0,nan,0,nan,0,nan,nan,nan,nan,nan,nan
arrival_rate,20,200,240.0,12.0,10.0,0,42,2dp_fhs,,2445,10.0,146.25883228186763,146.38037230840519,448.25554799999554,550.0,0.5725971370143149,0.4274028629856851,0.0,0.7578329469255646,0.0,19.97278274110404,1.2129000987487681,158533.92539891385,93.0,38.03680981595092,1.0638297872340425,0.0,1295.8,1.2958,1.2958,68.40232282417567,1167.754476238831,1043.2629249547301,306206582.2638459,2.6257150151291113,0.0,0.0,0.0,nan,0,nan,0,nan,nan,nan,nan,nan,nan
arrival_rate,20,200,240.0,12.0,10.0,0,42,3d_pos,,2445,10.0,143.48173161768045,133.04691694389848,468.91404761543805,550.0,0.6016359918200409,0.3983640081799591,0.0,0.5566757238461353,0.0,12.917897788001776,1.1659638597045385,158550.998098291,48.0,19.631901840490798,2.0408163265306123,0.0,1972.7999999999995,1.9727999999999994,1.9727999999999994,54.72008709591501,1081.1397973204525,917.0711611666602,352629670.0629066,2.5238075078305107,0.0,0.0,0.0,nan,0,nan,0,nan,nan,nan,nan,nan,nan
arrival_rate,20,200,300.0,15.0,10.0,0,42,spotis,,3021,10.0,149.96414928534296,150.0,521.2256959486604,550.0,0.5183714001986097,0.4816285998013903,0.0,0.41604801829378263,0.0,6.3328168353446985,1.172063164418783,158671.3161761454,0.0,0.0,100.0,2.9702970297029703,64.43825742574255,0.06443825742574255,0.06443825742574255,65.4153533151641,1677.7631276864588,1716.6651327310753,557579795.7450122,0.7594766020145333,97.02970297029702,0.0,0.9900990099009901,nan,0,nan,0,12.558689306984522,26.103756432230462,8.960738923584751,17.27117348338026,24.48909789975786,10.616543954062152
arrival_rate,20,200,300.0,15.0,10.0,0,42,fu_serve,,3021,10.0,149.7852234922224,150.0,524.5481428604295,550.0,0.5220125786163522,0.4779874213836478,0.0,0.7872549585461847,0.0,11.852906904842476,1.1649718482888463,158673.02586541712,0.0,0.0,100.0,0.0,199.59999999999988,0.1995999999999999,0.19959999999999992,86.75911983336125,1062.5017082192792,916.9097268367549,183086480.4963541,1.835287938229306,0.0,0.0,0.0,nan,0,nan,0,nan,nan,nan,nan,nan,nan
arrival_rate,20,200,300.0,15.0,10.0,0,42,2dp_fhs,,3021,10.0,156.92161454140196,150.0,510.2738304766929,550.0,0.4574644157563721,0.5425355842436279,0.0,0.6407128616571378,0.0,17.119538883652055,1.3139440078315587,158651.7358794888,87.0,28.798411122144984,1.1363636363636365,0.0,1295.8,1.2958,1.2958,66.38412797284253,1195.9536420032316,1091.0315923801638,344933260.697243,2.5748413637822027,0.0,0.0,0.0,nan,0,nan,0,nan,nan,nan,nan,nan,nan
arrival_rate,20,200,300.0,15.0,10.0,0,42,3d_pos,,3021,10.0,153.6036097432492,150.0,510.3036556236188,550.0,0.48427672955974843,0.5157232704402516,0.0,0.48544935361465236,0.0,11.542862366278419,1.242630840733913,158653.83418065932,45.0,14.895729890764647,2.1739130434782608,0.0,1972.7999999999995,1.9727999999999994,1.9727999999999994,56.10217076312591,1087.3951198280574,921.3719193576902,355019610.78242797,2.5644894595993617,0.0,0.0,0.0,nan,0,nan,0,nan,nan,nan,nan,nan,nan
head_failure,20,200,180.0,9.0,10.0,0,42,spotis,5.0,1843,10.0,125.15409906294994,94.41614796834763,373.8273466281933,550.0,0.7552902875746066,0.2447097124253934,0.0,0.5632696404816491,0.0,6.680444251671097,1.0400038960704032,158283.5506839956,1.0,0.5425935973955507,50.0,3.9603960396039604,64.45100990099007,0.06445100990099008,0.06445100990099008,75.33316917370358,1389.7216895831036,1348.2580838013898,257019310.86465272,0.7432013716812945,96.03960396039604,0.0,1.9801980198019802,1.0,0,59.71957442474725,0,10.575808453435977,22.27540287407323,7.472446476268269,24.565398130772525,26.18638560294682,8.924558462503187
head_failure,20,200,180.0,9.0,10.0,0,42,fu_serve,5.0,1843,10.0,125.60040540263479,97.77900851092537,360.0426263277293,550.0,0.7514921323928377,0.24850786760716226,0.0,0.9871119154439384,0.0,11.713818434781842,1.0483248733260278,158287.79521022216,1.0,0.5425935973955507,50.0,0.0,199.59999999999988,0.1995999999999999,0.19959999999999992,84.72546602989283,1101.070380360831,939.7254340633527,85496483.76955903,1.56147621172831,0.0,0.0,0.0,1.0,0,74.07144553314137,0,nan,nan,nan,nan,nan,nan
head_failure,20,200,180.0,9.0,10.0,0,42,2dp_fhs,5.0,1843,10.0,134.97887229342655,112.43695595009729,406.7776925938512,550.0,0.695604991861096,0.30439500813890397,0.0,0.8524584527586231,0.0,23.16526964419406,1.1377882457910362,158294.5097917697,88.0,47.748236570808466,1.1235955056179776,0.0,1295.8,1.2958,1.2958,73.30717488648767,1113.0762806412463,982.2831663419248,234509805.3762009,2.64091137262007,0.0,0.0,0.0,1.0,0,55.883234157127404,0,nan,nan,nan,nan,nan,nan
head_failure,20,200,180.0,9.0,10.0,0,42,3d_pos,5.0,1843,10.0,131.15050151054473,103.57197212049485,406.84584549021537,550.0,0.7173087357569181,0.2826912642430819,0.0,0.5987597384879343,0.0,13.839016187795584,1.0953611345444767,158283.93268053338,42.0,22.78893109061313,2.3255813953488373,0.0,1972.7999999999995,1.9727999999999994,1.9727999999999994,55.68961754101222,1102.6148828900618,934.8288317485558,240452319.01893914,2.4329343557725696,0.0,0.0,0.0,1.0,0,75.81221667316196,0,nan,nan,nan,nan,nan,nan
fog_size,10,100,90.0,9.0,10.0,1,43,spotis,,922,10.0,118.23274130770514,87.25264073528349,329.88995796094775,550.0,0.7863340563991323,0.21366594360086766,0.0,0.5101952277657266,0.0,6.049405981561628,0.9683200763500762,79496.67323618144,0.0,0.0,100.0,2.9702970297029703,60.736059405940594,0.060736059405940596,0.060736059405940596,75.48232139369405,1994.8386460752947,1761.7979315055552,165495530.89094985,0.6568510250931524,97.02970297029702,0.0,0.0,nan,0,nan,0,12.104004133438025,23.024515580848746,6.515326866143299,30.5657731818514,17.84382815339199,9.946552084326536
fog_size,10,100,90.0,9.0,10.0,1,43,fu_serve,,922,10.0,121.06820591286416,91.15046451480563,360.14259343664315,550.0,0.7711496746203904,0.2288503253796096,0.0,0.8739763923181608,0.0,10.369032281205182,1.015628124327493,79516.7527772245,0.0,0.0,100.0,0.0,65.5,0.0655,0.0655,96.9763713361178,1609.3588153310525,1424.8686060163507,116037807.7528875,1.156426394067921,0.0,0.0,0.0,nan,0,nan,0,nan,nan,nan,nan,nan,nan
fog_size,10,100,90.0,9.0,10.0,1,43,2dp_fhs,,922,10.0,131.76000585840436,107.5333442652786,374.4896551904742,550.0,0.7299349240780911,0.27006507592190887,0.0,0.812735358326474,0.0,33.86615639741773,1.0826252665858074,79523.24798523988,86.0,93.27548806941432,1.1494252873563218,0.0,369.69999999999976,0.36969999999999975,0.36969999999999975,61.18725200131654,1658.587844776204,1537.3492294595992,210912372.43035328,1.552207728515764,0.0,0.0,0.0,nan,0,nan,0,nan,nan,nan,nan,nan,nan
fog_size,10,100,90.0,9.0,10.0,1,43,3d_pos,,922,10.0,124.0072779625461,95.10919521971095,337.03927010044356,550.0,0.7527114967462039,0.24728850325379614,0.0,0.5416374780991675,0.0,16.99289171031456,1.0136553435798494,79498.11798927204,36.0,39.04555314533623,2.7027027027027026,0.0,547.3000000000003,0.5473000000000003,0.5473000000000003,70.7564462366933,1976.06921715294,1737.0090257557808,192655104.7807546,1.2215965918050544,0.0,0.0,0.0,nan,0,nan,0,nan,nan,nan,nan,nan,nan
fog_size,20,200,180.0,9.0,10.0,1,43,spotis,,1804,10.0,116.79901723956613,83.54083805222679,347.19615520411224,550.0,0.8242793791574279,0.17572062084257212,0.0,0.5523323188033383,0.0,6.09736044432984,1.0026879957119619,158737.5009263608,0.0,0.0,100.0,2.9702970297029703,64.43825742574255,0.06443825742574255,0.06443825742574255,93.96628639256569,1413.9960376143201,1468.2382637860844,374047058.5795152,0.685427964642634,97.02970297029702,0.0,0.0,nan,0,nan,0,14.29313641785382,21.80319245899328,6.652214974555755,25.137943931146257,20.630298809130892,11.48321340832
fog_size,20,200,180.0,9.0,10.0,1,43,fu_serve,,1804,10.0,117.41002489173847,85.60360438409175,347.9506262253411,550.0,0.8259423503325942,0.17405764966740578,0.0,0.9323081872465604,0.0,10.286020390145952,0.9945174754539404,158728.33491516352,0.0,0.0,100.0,0.0,199.59999999999988,0.1995999999999999,0.19959999999999992,96.01769600655732,2218.2095639537906,2272.187639671926,91578851.3577704,1.3738727472725842,0.0,0.0,0.0,nan,0,nan,0,nan,nan,nan,nan,nan,nan
fog_size,20,200,180.0,9.0,10.0,1,43,2dp_fhs,,1804,10.0,127.09005948960386,101.6110392450813,364.71021643768916,550.0,0.761640798226164,0.23835920177383596,0.0,0.7658766140500997,0.0,22.442261611478425,1.0740445437519126,158722.24107985228,91.0,50.44345898004435,1.0869565217391304,0.0,1295.8,1.2958,1.2958,65.51617187204953,1614.955432002862,1688.4017776635646,190114768.5633568,2.2664488216687375,0.0,0.0,0.0,nan,0,nan,0,nan,nan,nan,nan,nan,nan
fog_size,20,200,180.0,9.0,10.0,1,43,3d_pos,,1804,10.0,122.04873388994496,93.87782959336533,350.569620683667,524.3253195518893,0.7899113082039911,0.21008869179600886,0.0,0.6119326319604177,0.0,14.396487176052897,1.0390012096603176,158727.0806005031,46.0,25.49889135254989,2.127659574468085,0.0,1972.7999999999995,1.9727999999999994,1.9727999999999994,77.94732082964065,2006.5797958219034,1993.1040400703484,160367919.80802554,2.36589632534189,0.0,0.0,0.0,nan,0,nan,0,nan,nan,nan,nan,nan,nan
fog_size,40,400,360.0,9.0,10.0,1,43,spotis,,3607,10.0,116.03001544222568,84.10341559134183,349.0072824261465,549.8433076537574,0.8281120044358192,0.17188799556418077,0.0,0.5615747158303298,0.0,6.014700682983057,0.9934759778845382,315359.5822482485,0.0,0.0,100.0,1.9801980198019802,73.72918811881188,0.07372918811881188,0.07372918811881188,91.29814715845592,1513.5650113055954,1564.1630009084977,212370240.38306662,0.7287380387216393,98.01980198019803,0.0,0.0,nan,0,nan,0,14.809708665853591,22.51429625157655,6.95212598291932,16.035878196693158,27.472003809005805,12.215987093951576
fog_size,40,400,360.0,9.0,10.0,1,43,fu_serve,,3607,10.0,117.06894218024202,86.82317429150999,346.13665142469216,550.0,0.8206265594677017,0.1793734405322983,0.0,0.6914208822644505,0.0,7.554347973176715,1.00286230631275,315360.5419289931,0.0,0.0,100.0,0.0,692.6999999999998,0.6926999999999999,0.6926999999999999,96.10627406490593,1309.7255039010024,1271.3998349768244,287519480.959543,1.4954010217336167,0.0,0.0,0.0,nan,0,nan,0,nan,nan,nan,nan,nan,nan
fog_size,40,400,360.0,9.0,10.0,1,43,2dp_fhs,,3607,10.0,128.30809772160032,105.63647797277476,360.80609897441997,550.0,0.731078458552814,0.26892154144718605,0.0,0.877550679224729,0.0,17.544029099847023,1.085081833993662,315253.4302985486,87.0,24.119767119489882,1.1363636363636365,0.0,4741.400000000002,4.741400000000002,4.741400000000002,60.001007021703536,1242.3432633260659,1212.8266124339823,104399741.96682179,6.691693308547664,0.0,0.0,0.0,nan,0,nan,0,nan,nan,nan,nan,nan,nan
fog_size,40,400,360.0,9.0,10.0,1,43,3d_pos,,3607,10.0,120.84722756030736,92.67726973714296,348.8913467507022,550.0,0.7890213473800942,0.21097865261990578,0.0,0.5917186035924218,0.0,10.768496961035803,1.0225109700676371,315302.13572311995,37.0,10.25783199334627,2.6315789473684212,0.0,7364.199999999996,7.364199999999996,7.364199999999996,74.93291854209525,1276.9146536340222,1224.8361239916512,299314232.51669276,6.542282521170684,0.0,0.0,0.0,nan,0,nan,0,nan,nan,nan,nan,nan,nan
fog_size,80,800,720.0,9.0,10.0,1,43,spotis,,7214,10.0,120.50581734748265,91.78936230222301,349.8706972739487,550.0,0.7901303021901858,0.20986969780981424,0.0,0.5665449502406363,0.0,6.079337866071294,1.0345379476590368,629774.6525447222,0.0,0.0,100.0,1.9801980198019802,87.03445544554455,0.08703445544554456,0.08703445544554456,95.86629308683445,1596.1378701893677,1570.263591140355,479043053.9972412,0.9264606648717247,98.01980198019803,0.0,0.0,nan,0,nan,0,16.063654213975106,21.12498134497161,6.872240906637289,7.229689046485056,35.4432429490925,13.266191538838438
fog_size,80,800,720.0,9.0,10.0,1,43,fu_serve,,7214,10.0,122.17089634058053,94.71079177511754,350.95172302685774,550.0,0.7791793734405323,0.22082062655946766,0.0,0.682072553779068,0.0,7.593483830630974,1.0501224665248354,629780.5246274018,0.0,0.0,100.0,0.0,2499.099999999999,2.499099999999999,2.499099999999999,97.56327623476624,1580.2349407655377,1528.8156122879218,336859371.2696028,3.436311154070522,0.0,0.0,0.0,nan,0,nan,0,nan,nan,nan,nan,nan,nan
fog_size,80,800,720.0,9.0,10.0,1,43,2dp_fhs,,7214,10.0,154.27894453284586,150.0,417.0192325345967,550.0,0.5072082062655947,0.4927917937344053,0.0,0.9516077336367442,0.0,17.318872876408847,1.3103540089391945,628672.3715617743,98.0,13.584696423620738,1.0101010101010102,0.0,18068.0,18.068,18.068,58.09990170662769,1577.3755547928076,1526.64395691251,114464723.01735878,31.89390857349261,0.0,0.0,0.0,nan,0,nan,0,nan,nan,nan,nan,nan,nan
fog_size,80,800,720.0,9.0,10.0,1,43,3d_pos,,7214,10.0,138.05666373339295,125.95529362444685,389.8026776093588,550.0,0.6508178541724424,0.3491821458275576,0.0,0.6053813285386581,0.0,12.410177725980052,1.1487055473934837,629270.9587880782,65.0,9.010257831993346,1.5151515151515151,0.0,28617.999999999996,28.617999999999995,28.617999999999995,76.94093373163,1639.5978229114992,1575.2108992658175,435809205.2890222,24.007006782111052,0.0,0.0,0.0,nan,0,nan,0,nan,nan,nan,nan,nan,nan
arrival_rate,20,200,60.0,3.0,10.0,1,43,spotis,,597,10.0,96.51608705470561,67.47301654730897,273.67195807810964,451.92873747470736,0.948073701842546,0.051926298157453976,0.0,0.5858366806588541,0.0,6.153850694477717,0.8904943726902196,157750.52369167982,0.0,0.0,100.0,1.9801980198019802,64.42550495049503,0.06442550495049502,0.06442550495049502,93.97436849499843,1413.9960376143201,1468.2382637860844,66345774.596968785,0.6660171092501334,98.01980198019803,0.0,0.0,nan,0,nan,0,10.315154030849174,17.17741083053706,4.633613423443328,24.259155666540387,35.39409671355108,8.220569335078974
arrival_rate,20,200,60.0,3.0,10.0,1,43,fu_serve,,597,10.0,96.40819195744763,67.90769548445485,274.07978025174714,450.4400258342532,0.948073701842546,0.051926298157453976,0.0,0.979313350701051,0.0,10.572639478443179,0.8925135006694046,157751.66651811605,0.0,0.0,100.0,0.0,199.59999999999988,0.1995999999999999,0.19959999999999992,96.03334673616997,2218.2095639537906,2272.187639671926,281566.81448570103,1.2988698637686977,0.0,0.0,0.0,nan,0,nan,0,nan,nan,nan,nan,nan,nan
arrival_rate,20,200,60.0,3.0,10.0,1,43,2dp_fhs,,597,10.0,102.73182881596405,76.26151583587593,282.6469617651743,452.0246270657015,0.9279731993299832,0.07202680067001677,0.0,0.6470306489576251,0.0,33.27009047587983,0.930078993890961,157761.76763935277,56.0,93.80234505862647,1.7543859649122806,0.0,1295.8,1.2958,1.2958,78.17851140617933,1403.54896827392,1478.045532544689,76103209.35737298,1.8163479327854848,0.0,0.0,0.0,nan,0,nan,0,nan,nan,nan,nan,nan,nan
arrival_rate,20,200,60.0,3.0,10.0,1,43,3d_pos,,597,10.0,98.61868711658697,70.47990270675264,280.0094737847387,449.6135301658767,0.9346733668341709,0.0653266331658291,0.0,0.655531032211712,0.0,15.814883752598966,0.9138124665256911,157756.4112330585,14.0,23.450586264656618,6.666666666666667,0.0,1972.7999999999995,1.9727999999999994,1.9727999999999994,79.78787376842315,1949.89856023296,1934.8452919500921,26634991.247656345,2.3690853682503024,0.0,0.0,0.0,nan,0,nan,0,nan,nan,nan,nan,nan,nan
arrival_rate,20,200,120.0,6.0,10.0,1,43,spotis,,1229,10.0,102.60885378459918,72.78240818731874,277.175830313502,459.53856202565623,0.9072416598860863,0.0927583401139137,0.0,0.5785400387224204,0.0,6.111735737619781,0.9092238914177817,158260.28851566795,0.0,0.0,100.0,1.9801980198019802,64.42550495049503,0.06442550495049502,0.06442550495049502,93.96856267101232,1413.9960376143201,1468.2382637860844,216833099.98099163,0.6714893083086007,98.01980198019803,0.0,0.0,nan,0,nan,0,11.899559916947277,18.844696355838188,5.4714905791219275,26.41234764157544,27.840668635702258,9.531236870814904
arrival_rate,20,200,120.0,6.0,10.0,1,43,fu_serve,,1229,10.0,103.19658222751954,73.28592431114612,273.2685087744817,457.8714914128432,0.8991049633848658,0.10089503661513421,0.0,0.9629864812880037,0.0,10.3553915890572,0.9171420996376168,158259.9458968367,0.0,0.0,100.0,0.0,199.59999999999988,0.1995999999999999,0.19959999999999992,96.02712405283572,2218.2095639537906,2272.187639671926,25468808.10509959,1.3242766257044918,0.0,0.0,0.0,nan,0,nan,0,nan,nan,nan,nan,nan,nan
arrival_rate,20,200,120.0,6.0,10.0,1,43,2dp_fhs,,1229,10.0,110.84376087277015,82.3508845475498,294.29064826138665,457.7644197147836,0.8657445077298617,0.13425549227013833,0.0,0.7551206918828027,0.0,26.60978698341537,0.9673712004269904,158275.78683399147,82.0,66.72091131000813,1.2048192771084338,0.0,1295.8,1.2958,1.2958,74.63246146220068,1491.2231998560103,1563.9308490370565,108232969.98628609,2.134322074299721,0.0,0.0,0.0,nan,0,nan,0,nan,nan,nan,nan,nan,nan
arrival_rate,20,200,120.0,6.0,10.0,1,43,3d_pos,,1229,10.0,108.88430536028275,79.76992597072385,281.7836899452464,481.76227520376705,0.8755085435313262,0.12449145646867377,0.0,0.6367573822370689,0.0,22.30013732986854,0.9452976212818599,158263.64411723643,66.0,53.70219690805533,1.492537313432836,0.0,1972.7999999999995,1.9727999999999994,1.9727999999999994,77.77196095894003,2011.881237155211,1998.4436445197907,132560319.71603,2.3504068686008313,0.0,0.0,0.0,nan,0,nan,0,nan,nan,nan,nan,nan,nan
arrival_rate,20,200,180.0,9.0,10.0,1,43,spotis,,1804,10.0,116.79901723956613,83.54083805222679,347.19615520411224,550.0,0.8242793791574279,0.17572062084257212,0.0,0.5523323188033383,0.0,6.09736044432984,1.0026879957119619,158737.5009263608,0.0,0.0,100.0,2.9702970297029703,64.43825742574255,0.06443825742574255,0.06443825742574255,93.96628639256569,1413.9960376143201,1468.2382637860844,374047058.5795152,0.685427964642634,97.02970297029702,0.0,0.0,nan,0,nan,0,14.29313641785382,21.80319245899328,6.652214974555755,25.137943931146257,20.630298809130892,11.48321340832
arrival_rate,20,200,180.0,9.0,10.0,1,43,fu_serve,,1804,10.0,117.41002489173847,85.60360438409175,347.9506262253411,550.0,0.8259423503325942,0.17405764966740578,0.0,0.9323081872465604,0.0,10.286020390145952,0.9945174754539404,158728.33491516352,0.0,0.0,100.0,0.0,199.59999999999988,0.1995999999999999,0.19959999999999992,96.01769600655732,2218.2095639537906,2272.187639671926,91578851.3577704,1.3738727472725842,0.0,0.0,0.0,nan,0,nan,0,nan,nan,nan,nan,nan,nan
arrival_rate,20,200,180.0,9.0,10.0,1,43,2dp_fhs,,1804,10.0,127.09005948960386,101.6110392450813,364.71021643768916,550.0,0.761640798226164,0.23835920177383596,0.0,0.7658766140500997,0.0,22.442261611478425,1.0740445437519126,158722.24107985228,91.0,50.44345898004435,1.0869565217391304,0.0,1295.8,1.2958,1.2958,65.51617187204953,1614.955432002862,1688.4017776635646,190114768.5633568,2.2664488216687375,0.0,0.0,0.0,nan,0,nan,0,nan,nan,nan,nan,nan,nan
arrival_rate,20,200,180.0,9.0,10.0,1,43,3d_pos,,1804,10.0,122.04873388994496,93.87782959336533,350.569620683667,524.3253195518893,0.7899113082039911,0.21008869179600886,0.0,0.6119326319604177,0.0,14.396487176052897,1.0390012096603176,158727.0806005031,46.0,25.49889135254989,2.127659574468085,0.0,1972.7999999999995,1.9727999999999994,1.9727999999999994,77.94732082964065,2006.5797958219034,1993.1040400703484,160367919.80802554,2.36589632534189,0.0,0.0,0.0,nan,0,nan,0,nan,nan,nan,nan,nan,nan
arrival_rate,20,200,240.0,12.0,10.0,1,43,spotis,,2407,10.0,133.22135182335953,108.7025987486463,413.18827654063637,550.0,0.6813460739509763,0.31865392604902365,0.0,0.48787525087083367,0.0,6.092265878315612,1.0553403033311086,158977.26197420017,0.0,0.0,100.0,1.9801980198019802,64.42550495049503,0.06442550495049502,0.06442550495049502,93.96494690996363,1413.9960376143201,1468.2382637860844,297008285.8882643,0.7161141959784153,98.01980198019803,0.0,0.0,nan,0,nan,0,15.563958744969861,23.431055084124935,7.3364527485327,22.329648976660355,18.832825675668587,12.506058770043563
arrival_rate,20,200,240.0,12.0,10.0,1,43,fu_serve,,2407,10.0,134.20301859807046,111.8914810693703,414.9505656962965,550.0,0.6867469879518072,0.3132530120481928,0.0,0.8328456707417611,0.0,10.254957297870371,1.058996281252306,158997.0247296472,0.0,0.0,100.0,0.0,199.59999999999988,0.1995999999999999,0.19959999999999992,96.0107823488763,2218.2095639537906,2272.187639671926,181461102.2829854,1.4508886023561558,0.0,0.0,0.0,nan,0,nan,0,nan,nan,nan,nan,nan,nan
arrival_rate,20,200,240.0,12.0,10.0,1,43,2dp_fhs,,2407,10.0,141.8803504602096,130.97376684646278,418.60960693241367,550.0,0.6206896551724138,0.3793103448275862,0.0,0.6691742039600398,0.0,18.7468005299362,1.1414866163710646,158951.88488159553,92.0,38.221852928957205,1.075268817204301,0.0,1295.8,1.2958,1.2958,72.27172528298652,1747.4731595572666,1822.545977769249,423540598.0932215,2.2079063436645647,0.0,0.0,0.0,nan,0,nan,0,nan,nan,nan,nan,nan,nan
arrival_rate,20,200,240.0,12.0,10.0,1,43,3d_pos,,2407,10.0,140.30475303392814,124.4633792313401,422.53928193237215,550.0,0.6360614873286249,0.3639385126713751,0.0,0.5403139556218522,0.0,13.522146405109227,1.1346356194845866,158983.63101016806,56.0,23.265475695886995,1.7543859649122806,0.0,1972.7999999999995,1.9727999999999994,1.9727999999999994,75.57608306894197,1995.3076950601524,1983.8330708398757,285333672.4515948,2.3854280275513027,0.0,0.0,0.0,nan,0,nan,0,nan,nan,nan,nan,nan,nan
arrival_rate,20,200,300.0,15.0,10.0,1,43,spotis,,3013,10.0,145.25039220156694,150.0,441.569792012133,550.0,0.5526053767009625,0.44739462329903745,0.0,0.4230013126242602,0.0,6.088180400109563,1.1094287905027345,159093.7028129242,0.0,0.0,100.0,1.9801980198019802,64.42550495049503,0.06442550495049502,0.06442550495049502,93.96468451705135,1413.9960376143201,1468.2382637860844,440688988.0987432,0.726879720997716,98.01980198019803,0.0,0.0,nan,0,nan,0,16.669339819966176,24.81919502327784,7.843347547771143,19.368906664029307,17.877739261337886,13.421471683617645
arrival_rate,20,200,300.0,15.0,10.0,1,43,fu_serve,,3013,10.0,146.59222560343403,150.0,435.5156892321201,550.0,0.544971788914703,0.455028211085297,0.0,0.7037409633485529,0.0,10.233882563771253,1.1247841278604593,159093.399414684,0.0,0.0,100.0,0.0,199.59999999999988,0.1995999999999999,0.19959999999999992,96.00889775902249,2218.2095639537906,2272.187639671926,228282665.88709396,1.481113847244991,0.0,0.0,0.0,nan,0,nan,0,nan,nan,nan,nan,nan,nan
arrival_rate,20,200,300.0,15.0,10.0,1,43,2dp_fhs,,3013,10.0,153.28089090502172,150.0,467.89836196739805,550.0,0.49850647195486225,0.5014935280451378,0.0,0.546468006500956,0.0,15.9675338086263,1.2128207837782412,159068.16069397205,92.0,30.53435114503817,1.075268817204301,0.0,1295.8,1.2958,1.2958,73.39957856901941,1770.7358143930157,1835.0002634790392,500318511.1724036,2.083126286297217,0.0,0.0,0.0,nan,0,nan,0,nan,nan,nan,nan,nan,nan
arrival_rate,20,200,300.0,15.0,10.0,1,43,3d_pos,,3013,10.0,150.11712920518733,150.0,488.7705344932459,550.0,0.520079654829074,0.47992034517092597,0.0,0.47861899258520446,0.0,12.036142068056927,1.1579200191954577,159060.96454681642,55.0,18.254231662794556,1.7857142857142858,0.0,1972.7999999999995,1.9727999999999994,1.9727999999999994,74.95058857293358,2004.153823916819,1993.123065678383,266172177.23702636,2.3947219950510363,0.0,0.0,0.0,nan,0,nan,0,nan,nan,nan,nan,nan,nan
head_failure,20,200,180.0,9.0,10.0,1,43,spotis,5.0,1804,10.0,118.56613445670382,87.06360672839654,351.41268078560813,550.0,0.8070953436807096,0.19290465631929044,0.0,0.5975436040460368,0.0,6.732941568044075,0.9992933719737798,158701.47502633097,1.0,0.5543237250554324,50.0,3.9603960396039604,64.45100990099007,0.06445100990099008,0.06445100990099008,95.47536888042674,1400.8038058232996,1463.4623296748377,271207208.1188881,0.7447396859847162,96.03960396039604,0.0,0.0,1.0,0,44.545639856872626,0,14.039770290867928,22.740879286967733,7.010537499375712,23.718886818408265,21.06162508729116,11.428301017089206
head_failure,20,200,180.0,9.0,10.0,1,43,fu_serve,5.0,1804,10.0,117.8529590158679,84.6339257908819,358.77965446628986,550.0,0.8192904656319291,0.1807095343680709,0.0,0.7457288440783126,0.0,8.41219695528873,1.002200649308833,158727.7564364156,1.0,0.5543237250554324,50.0,0.0,199.59999999999988,0.1995999999999999,0.19959999999999992,95.12705606392862,1808.0034544138753,1860.346328044209,219884888.97305813,1.09255701763536,0.0,0.0,0.0,1.0,0,68.59060825870841,1,nan,nan,nan,nan,nan,nan
head_failure,20,200,180.0,9.0,10.0,1,43,2dp_fhs,5.0,1804,10.0,128.62662475013036,102.24327248029874,365.5507064979894,550.0,0.7427937915742794,0.2572062084257206,0.0,0.7902016134510693,0.0,21.60097620020937,1.0634339460023634,158671.50536438034,83.0,46.008869179600886,1.1904761904761905,0.0,1295.8,1.2958,1.2958,66.49554641592222,1619.2691889200362,1699.4229013177787,147417691.84773126,2.3349030762826217,0.0,0.0,0.0,1.0,0,61.17733095038446,0,nan,nan,nan,nan,nan,nan
head_failure,20,200,180.0,9.0,10.0,1,43,3d_pos,5.0,1804,10.0,121.53268256915214,90.87412269582939,360.10142681055896,539.4624776437375,0.7915742793791575,0.20842572062084253,0.0,0.6094241124562125,0.0,12.242055218568952,1.02959703658076,158716.76844497444,31.0,17.184035476718403,3.125,0.0,1972.7999999999995,1.9727999999999994,1.9727999999999994,85.13514374405098,1993.0434556087778,2026.1054319476652,182448162.93783176,2.3721869509161464,0.0,0.0,0.0,1.0,0,67.76482838353792,1,nan,nan,nan,nan,nan,nan
fog_size,10,100,90.0,9.0,10.0,2,44,spotis,,904,10.0,115.00983409750677,84.22269961487414,325.515376391452,542.6970030652749,0.8152654867256637,0.18473451327433632,0.0,0.5170353982300884,0.0,6.050399800884769,0.92600635806701,78596.354279907,0.0,0.0,100.0,3.9603960396039604,60.74807920792079,0.06074807920792079,0.06074807920792079,70.35332902947266,1929.0620542623344,2673.969618920249,154477673.84627178,0.6570756866598102,96.03960396039604,0.0,0.0,nan,0,nan,0,10.197857402726148,23.757289443537683,6.440169353679584,34.82091160893856,16.175630733341038,8.608141457776988
fog_size,10,100,90.0,9.0,10.0,2,44,fu_serve,,904,10.0,114.85252725461231,85.58428616759883,328.61837665355534,509.6747901314055,0.8141592920353983,0.18584070796460173,0.0,0.6119082161305184,0.0,7.192874937681283,0.9270507645353672,78596.19695670964,0.0,0.0,100.0,0.0,65.5,0.0655,0.0655,93.03543301392061,1290.3177955863005,1019.3082163701521,131173498.76192924,0.7889833580978224,0.0,0.0,0.0,nan,0,nan,0,nan,nan,nan,nan,nan,nan
fog_size,10,100,90.0,9.0,10.0,2,44,2dp_fhs,,904,10.0,126.03190758669338,97.34834950000581,350.32081517869153,550.0,0.7754424778761062,0.2245575221238938,0.0,0.8243449064099299,0.0,31.763979209829916,0.9773740912106295,78599.02683195026,77.0,85.17699115044248,1.2820512820512822,0.0,369.69999999999976,0.36969999999999975,0.36969999999999975,64.26765604817845,1444.5706497379072,1151.9514088261717,122495115.26137197,1.4137023957394994,0.0,0.0,0.0,nan,0,nan,0,nan,nan,nan,nan,nan,nan
fog_size,10,100,90.0,9.0,10.0,2,44,3d_pos,,904,10.0,115.43063575114131,86.41498586502783,325.90661995287513,527.493105366867,0.8042035398230089,0.19579646017699115,0.0,0.5646187843726769,0.0,9.063322946022089,0.9382709840993881,78596.01059945187,7.0,7.743362831858407,12.5,0.0,547.3000000000003,0.5473000000000003,0.5473000000000003,45.260506821881016,1609.8693315190226,1255.2966587797255,181692797.20149678,1.1211891759881454,0.0,0.0,0.0,nan,0,nan,0,nan,nan,nan,nan,nan,nan
fog_size,20,200,180.0,9.0,10.0,2,44,spotis,,1843,10.0,120.7254091461516,89.85000757669836,352.01265173089774,550.0,0.8084644601193706,0.19153553988062944,0.0,0.552962157178432,0.0,6.218474956083479,1.0131247808580226,157990.84114885007,0.0,0.0,100.0,1.9801980198019802,64.42550495049503,0.06442550495049502,0.06442550495049502,96.30703731280279,2791.675813476885,2704.12304567327,255886819.2880129,0.7074416394603028,98.01980198019803,0.0,0.9900990099009901,nan,0,nan,0,12.764126784421384,22.837316107142836,7.484555797655479,22.32108289662653,24.723610819892077,9.869307594261695
fog_size,20,200,180.0,9.0,10.0,2,44,fu_serve,,1843,10.0,119.43003962343535,88.19438025742431,348.0339558222093,550.0,0.8166033640803039,0.18339663591969613,0.0,0.5519543282163814,0.0,6.2752211170685355,0.9980101292619029,157983.29046991077,0.0,0.0,100.0,0.0,199.59999999999988,0.1995999999999999,0.19959999999999992,96.30708451791838,2791.675813476885,2704.12304567327,261640500.04260454,0.812066825700204,0.0,0.0,0.0,nan,0,nan,0,nan,nan,nan,nan,nan,nan
fog_size,20,200,180.0,9.0,10.0,2,44,2dp_fhs,,1843,10.0,129.9508615149067,105.14896799039076,380.4115661258777,550.0,0.7428106348345089,0.25718936516549107,0.0,0.8818474100646683,0.0,22.983774079646526,1.091390094859337,157975.39826523405,86.0,46.66304937601736,1.1494252873563218,0.0,1295.8,1.2958,1.2958,50.286936600790845,1800.1067050515749,1836.8126445242676,173672957.43877852,2.6704956028012488,0.0,0.0,0.0,nan,0,nan,0,nan,nan,nan,nan,nan,nan
fog_size,20,200,180.0,9.0,10.0,2,44,3d_pos,,1843,10.0,121.86856859661555,91.44101335684418,353.97042324258166,550.0,0.8030385241454151,0.1969614758545849,0.0,0.5477070061959733,0.0,8.30727775992095,1.0102474200544043,157976.4514070521,9.0,4.883342376559956,10.0,0.0,1972.7999999999995,1.9727999999999994,1.9727999999999994,93.95543264856876,2734.61383723158,2652.1153425306907,196239469.49647152,2.181447974144053,0.0,0.0,0.0,nan,0,nan,0,nan,nan,nan,nan,nan,nan
fog_size,40,400,360.0,9.0,10.0,2,44,spotis,,3650,10.0,122.12049493997777,91.67614643973954,357.53556402822346,550.0,0.7890410958904109,0.21095890410958906,0.0,0.5437808219178082,0.0,6.0151498931504435,1.0583947244984009,315080.21174115216,0.0,0.0,100.0,1.9801980198019802,73.72918811881188,0.07372918811881188,0.07372918811881188,95.39742118438834,1703.7155693538682,1695.8255015398474,267691913.83735177,0.7092280504397687,98.01980198019803,0.0,0.0,nan,0,nan,0,15.491975579614447,19.32612169301748,6.909788573587726,17.063770172136277,28.34888333349714,12.859460648146936
fog_size,40,400,360.0,9.0,10.0,2,44,fu_serve,,3650,10.0,125.24468417645157,97.1830443591839,370.9807922518895,550.0,0.7693150684931507,0.23068493150684932,0.0,0.9495768132844995,0.0,10.732606622399926,1.0806592732844802,315066.52617397957,0.0,0.0,100.0,0.0,692.6999999999998,0.6926999999999999,0.6926999999999999,89.22696033944607,1229.500303417738,1205.845665043453,105618451.92125592,2.1758821546939537,0.0,0.0,0.0,nan,0,nan,0,nan,nan,nan,nan,nan,nan
fog_size,40,400,360.0,9.0,10.0,2,44,2dp_fhs,,3650,10.0,134.7786889050375,114.9128343812068,374.6402996381933,550.0,0.692054794520548,0.30794520547945203,0.0,0.8809700574869357,0.0,17.94439076964091,1.1640166189665635,314972.3409141063,89.0,24.383561643835616,1.1111111111111112,0.0,4741.400000000002,4.741400000000002,4.741400000000002,69.38470526658674,1222.80638106885,1198.692303550482,195987707.45755818,6.880451958077918,0.0,0.0,0.0,nan,0,nan,0,nan,nan,nan,nan,nan,nan
fog_size,40,400,360.0,9.0,10.0,2,44,3d_pos,,3650,10.0,131.64220387378592,107.3886338923935,379.60166331495657,550.0,0.7279452054794521,0.2720547945205479,0.0,0.6992341590721094,0.0,13.747549144560317,1.128536173061396,315030.5555464209,54.0,14.794520547945206,1.8181818181818181,0.0,7364.199999999996,7.364199999999996,7.364199999999996,52.228351109448354,1403.8221294794698,1358.7831575645064,253986479.03662163,7.960998351605043,0.0,0.0,0.0,nan,0,nan,0,nan,nan,nan,nan,nan,nan
fog_size,80,800,720.0,9.0,10.0,2,44,spotis,,7351,10.0,124.94752159652126,95.37230994507517,376.8531528170312,550.0,0.7724119167460209,0.22758808325397906,0.0,0.555189770099306,0.0,6.008879893891864,1.0650622939461716,630498.7674543924,0.0,0.0,100.0,1.9801980198019802,87.03445544554455,0.08703445544554456,0.08703445544554456,95.11735180079164,2171.925814265182,2146.0239815465634,303444394.4932012,0.8084439587969758,98.01980198019803,0.0,0.0,nan,0,nan,0,15.762773006216383,20.131526955854227,6.909958194514905,10.837378130351226,33.37222128501381,12.986142428049439
fog_size,80,800,720.0,9.0,10.0,2,44,fu_serve,,7351,10.0,125.61118772914188,97.15116982648775,370.08238748980045,550.0,0.7619371514079717,0.2380628485920283,0.0,0.6552060612381069,0.0,7.390120234711107,1.0727683926725684,630459.919516725,0.0,0.0,100.0,0.0,2499.099999999999,2.499099999999999,2.499099999999999,93.98759927528288,2208.4096436693626,2072.833286477504,267375843.3192015,3.179569002046594,0.0,0.0,0.0,nan,0,nan,0,nan,nan,nan,nan,nan,nan
fog_size,80,800,720.0,9.0,10.0,2,44,2dp_fhs,,7351,10.0,162.40560955308814,150.0,456.7876715629164,550.0,0.4316419534757176,0.5683580465242823,0.0,1.0143700083836589,0.0,18.175218189444482,1.453482039083684,629063.2422593785,97.0,13.195483607672426,1.0204081632653061,0.0,18068.0,18.068,18.068,50.46605623398798,2001.0558276390802,1947.8631091385967,38684898.02007189,40.04191723922863,0.0,0.0,0.0,nan,0,nan,0,nan,nan,nan,nan,nan,nan
fog_size,80,800,720.0,9.0,10.0,2,44,3d_pos,,7351,10.0,146.13422888989916,147.67692920630003,419.9844051943732,550.0,0.5857706434498707,0.41422935655012927,0.0,0.6605555028108568,0.0,13.420830452740145,1.2340673986333928,629765.2379678814,67.0,9.114406203237655,1.4705882352941178,0.0,28617.999999999996,28.617999999999995,28.617999999999995,62.93220803811121,2267.2073123245614,2134.8371416031764,474493223.2318819,26.443231446624633,0.0,0.0,0.0,nan,0,nan,0,nan,nan,nan,nan,nan,nan
arrival_rate,20,200,60.0,3.0,10.0,2,44,spotis,,596,10.0,96.07705179068637,68.79487237965566,264.19864009524827,404.10248048591507,0.9463087248322147,0.05369127516778527,0.0,0.5879780133196555,0.0,6.275062182472713,0.8797209109046424,156977.44781912182,0.0,0.0,100.0,1.9801980198019802,64.42550495049503,0.06442550495049502,0.06442550495049502,96.31482522236142,2791.675813476885,2704.12304567327,101671011.53843473,0.6854857403456154,98.01980198019803,0.0,0.9900990099009901,nan,0,nan,0,8.97748638447307,17.96865498207665,5.120446382261296,25.455208129184776,35.599407356925106,6.878796765079115
arrival_rate,20,200,60.0,3.0,10.0,2,44,fu_serve,,596,10.0,96.08617768731506,68.79487237965566,264.19864009524827,404.12340751680296,0.9463087248322147,0.05369127516778527,0.0,0.5879780133196555,0.0,6.4505373078006425,0.8799063420654499,156977.55240229654,0.0,0.0,100.0,0.0,199.59999999999988,0.1995999999999999,0.19959999999999992,96.31480274047975,2791.675813476885,2704.12304567327,101722725.53843446,0.7901109265855166,0.0,0.0,0.0,nan,0,nan,0,nan,nan,nan,nan,nan,nan
arrival_rate,20,200,60.0,3.0,10.0,2,44,2dp_fhs,,596,10.0,101.17834586061507,74.78835862024403,290.00570300512175,409.2103918805409,0.9328859060402684,0.06711409395973156,0.0,0.7905788457997018,0.0,30.61230781026002,0.9143297073481651,156989.65254265716,45.0,75.50335570469798,2.1739130434782608,0.0,1295.8,1.2958,1.2958,39.67802241566402,1660.3482142570936,1687.5646886029156,41656677.095066406,2.2703389147490634,0.0,0.0,0.0,nan,0,nan,0,nan,nan,nan,nan,nan,nan
arrival_rate,20,200,60.0,3.0,10.0,2,44,3d_pos,,596,10.0,96.59400450481012,68.83957279553776,274.620186981692,396.9260030177213,0.9446308724832215,0.05536912751677847,0.0,0.5858792558140543,0.0,9.631526124411522,0.8835330335772187,156978.7143232756,2.0,3.3557046979865772,33.333333333333336,0.0,1972.7999999999995,1.9727999999999994,1.9727999999999994,95.31182160285083,2763.550316816947,2678.314614119297,85256216.30148658,2.1597872461523044,0.0,0.0,0.0,nan,0,nan,0,nan,nan,nan,nan,nan,nan
arrival_rate,20,200,120.0,6.0,10.0,2,44,spotis,,1217,10.0,104.13485874060619,75.17163246451342,290.68491852459636,472.7028250733601,0.9022185702547247,0.09778142974527526,0.0,0.5825132702637246,0.0,6.232386712625828,0.9293911012607822,157501.75665455594,0.0,0.0,100.0,1.9801980198019802,64.42550495049503,0.06442550495049502,0.06442550495049502,96.30952177004748,2791.675813476885,2704.12304567327,171028523.8914768,0.6921048380952673,98.01980198019803,0.0,0.9900990099009901,nan,0,nan,0,10.689914157794611,19.86188505952611,6.180670393152371,24.194767205030143,30.83431843692253,8.238444747574238
arrival_rate,20,200,120.0,6.0,10.0,2,44,fu_serve,,1217,10.0,104.14184154217475,75.17163246451342,290.68491852459636,472.7028250733601,0.9022185702547247,0.09778142974527526,0.0,0.5825132702637246,0.0,6.318321942449543,0.9294863500537652,157501.86123773066,0.0,0.0,100.0,0.0,199.59999999999988,0.1995999999999999,0.19959999999999992,96.30949938844883,2791.675813476885,2704.12304567327,171147161.89147684,0.7967300243351684,0.0,0.0,0.0,nan,0,nan,0,nan,nan,nan,nan,nan,nan
arrival_rate,20,200,120.0,6.0,10.0,2,44,2dp_fhs,,1217,10.0,110.63141727851912,83.59325899134085,294.96196266259136,486.93124547152644,0.8783894823336073,0.12161051766639275,0.0,0.9364215580489852,0.0,24.804981932047603,0.9684932970392721,157516.60455990658,62.0,50.94494658997535,1.5873015873015872,0.0,1295.8,1.2958,1.2958,43.17408093016679,1709.9103018110325,1730.3218861751197,60627560.308584884,2.6931141975168185,0.0,0.0,0.0,nan,0,nan,0,nan,nan,nan,nan,nan,nan
arrival_rate,20,200,120.0,6.0,10.0,2,44,3d_pos,,1217,10.0,105.37465510642407,76.08067598741019,291.8525726413853,472.9633574744394,0.8940016433853739,0.10599835661462609,0.0,0.5827622396623598,0.0,8.324512035414005,0.9350581953384649,157498.6285418999,4.0,3.286770747740345,20.0,0.0,1972.7999999999995,1.9727999999999994,1.9727999999999994,93.51531894905418,2740.4126584883775,2658.023634207562,147270209.05343908,2.1706077309925207,0.0,0.0,0.0,nan,0,nan,0,nan,nan,nan,nan,nan,nan
arrival_rate,20,200,180.0,9.0,10.0,2,44,spotis,,1843,10.0,120.7254091461516,89.85000757669836,352.01265173089774,550.0,0.8084644601193706,0.19153553988062944,0.0,0.552962157178432,0.0,6.218474956083479,1.0131247808580226,157990.84114885007,0.0,0.0,100.0,1.9801980198019802,64.42550495049503,0.06442550495049502,0.06442550495049502,96.30703731280279,2791.675813476885,2704.12304567327,255886819.2880129,0.7074416394603028,98.01980198019803,0.0,0.9900990099009901,nan,0,nan,0,12.764126784421384,22.837316107142836,7.484555797655479,22.32108289662653,24.723610819892077,9.869307594261695
arrival_rate,20,200,180.0,9.0,10.0,2,44,fu_serve,,1843,10.0,119.43003962343535,88.19438025742431,348.0339558222093,550.0,0.8166033640803039,0.18339663591969613,0.0,0.5519543282163814,0.0,6.2752211170685355,0.9980101292619029,157983.29046991077,0.0,0.0,100.0,0.0,199.59999999999988,0.1995999999999999,0.19959999999999992,96.30708451791838,2791.675813476885,2704.12304567327,261640500.04260454,0.812066825700204,0.0,0.0,0.0,nan,0,nan,0,nan,nan,nan,nan,nan,nan
arrival_rate,20,200,180.0,9.0,10.0,2,44,2dp_fhs,,1843,10.0,129.9508615149067,105.14896799039076,380.4115661258777,550.0,0.7428106348345089,0.25718936516549107,0.0,0.8818474100646683,0.0,22.983774079646526,1.091390094859337,157975.39826523405,86.0,46.66304937601736,1.1494252873563218,0.0,1295.8,1.2958,1.2958,50.286936600790845,1800.1067050515749,1836.8126445242676,173672957.43877852,2.6704956028012488,0.0,0.0,0.0,nan,0,nan,0,nan,nan,nan,nan,nan,nan
arrival_rate,20,200,180.0,9.0,10.0,2,44,3d_pos,,1843,10.0,121.86856859661555,91.44101335684418,353.97042324258166,550.0,0.8030385241454151,0.1969614758545849,0.0,0.5477070061959733,0.0,8.30727775992095,1.0102474200544043,157976.4514070521,9.0,4.883342376559956,10.0,0.0,1972.7999999999995,1.9727999999999994,1.9727999999999994,93.95543264856876,2734.61383723158,2652.1153425306907,196239469.49647152,2.181447974144053,0.0,0.0,0.0,nan,0,nan,0,nan,nan,nan,nan,nan,nan
arrival_rate,20,200,240.0,12.0,10.0,2,44,spotis,,2442,10.0,132.66610144777252,111.74600218444475,392.35766387572687,550.0,0.6744471744471745,0.3255528255528255,0.0,0.48882373493997583,0.0,6.211840896364769,1.0436557386468257,158200.18622692296,0.0,0.0,100.0,1.9801980198019802,64.42550495049503,0.06442550495049502,0.06442550495049502,96.30598804224546,2791.675813476885,2704.12304567327,294025959.511547,0.7231550955209097,98.01980198019803,0.0,0.0,nan,0,nan,0,13.748528009573002,24.43954440125107,8.089155220153577,20.893743555375664,22.221202144686774,10.607826668959905
arrival_rate,20,200,240.0,12.0,10.0,2,44,fu_serve,,2442,10.0,133.00828049426224,112.24418404732428,388.15130213264956,550.0,0.6683046683046683,0.3316953316953317,0.0,0.48780957781354434,0.0,6.254667749229401,1.0523378983207685,158198.70067543112,0.0,0.0,100.0,0.0,199.59999999999988,0.1995999999999999,0.19959999999999992,96.30604591859903,2791.675813476885,2704.12304567327,275122001.96196806,0.827780281760811,0.0,0.0,0.0,nan,0,nan,0,nan,nan,nan,nan,nan,nan
arrival_rate,20,200,240.0,12.0,10.0,2,44,2dp_fhs,,2442,10.0,143.2146948334386,136.4739314870414,422.994718924934,550.0,0.6015561015561015,0.3984438984438985,0.0,0.7582517710364819,0.0,19.458004294260085,1.1629115941390402,158189.60235716187,88.0,36.03603603603604,1.1235955056179776,0.0,1295.8,1.2958,1.2958,53.901336531020505,1913.9237611535445,1946.970620608721,275142960.9027154,2.535958421314541,0.0,0.0,0.0,nan,0,nan,0,nan,nan,nan,nan,nan,nan
arrival_rate,20,200,240.0,12.0,10.0,2,44,3d_pos,,2442,10.0,135.15026257851648,116.69354552613531,396.81253885637665,550.0,0.6552006552006552,0.3447993447993448,0.0,0.4914854777777123,0.0,8.848215363415413,1.0796887784622688,158208.78727091124,19.0,7.78050778050778,5.0,0.0,1972.7999999999995,1.9727999999999994,1.9727999999999994,91.80577898316406,2655.1543359461198,2580.618316285921,262123746.02803123,2.186827683269471,0.0,0.0,0.0,nan,0,nan,0,nan,nan,nan,nan,nan,nan
arrival_rate,20,200,300.0,15.0,10.0,2,44,spotis,,3062,10.0,150.00119782349472,150.0,513.4603373673597,550.0,0.5297191378184193,0.4702808621815807,0.0,0.4173451987644593,0.0,6.207711161455946,1.1316772433064832,158316.86571401474,0.0,0.0,100.0,2.9702970297029703,64.43825742574255,0.06443825742574255,0.06443825742574255,96.30543723259538,2791.675813476885,2704.12304567327,409008419.8519142,0.7115274518170333,97.02970297029702,0.0,1.9801980198019802,nan,0,nan,0,14.268718929105976,25.143163229441356,8.389834796047202,22.73266989080211,18.444516568855224,11.021096585748133
arrival_rate,20,200,300.0,15.0,10.0,2,44,fu_serve,,3062,10.0,150.00421196466877,150.0,513.4603373673597,550.0,0.5297191378184193,0.4702808621815807,0.0,0.4173451987644593,0.0,6.241863090422085,1.1317397797749549,158316.96714816662,0.0,0.0,100.0,0.0,199.59999999999988,0.1995999999999999,0.19959999999999992,96.30541516052944,2791.675813476885,2704.12304567327,409330784.9119135,0.816142669855831,0.0,0.0,0.0,nan,0,nan,0,nan,nan,nan,nan,nan,nan
arrival_rate,20,200,300.0,15.0,10.0,2,44,2dp_fhs,,3062,10.0,156.26847022813106,150.0,493.36970117238536,550.0,0.46636185499673416,0.5336381450032659,0.0,0.5819729289778077,0.0,16.528035084720617,1.2717744698628848,158297.37916833584,92.0,30.045721750489875,1.075268817204301,0.0,1295.8,1.2958,1.2958,55.95075787204614,1961.4331621810568,2019.451090953959,487429467.6084526,2.210456235163188,0.0,0.0,0.0,nan,0,nan,0,nan,nan,nan,nan,nan,nan
arrival_rate,20,200,300.0,15.0,10.0,2,44,3d_pos,,3062,10.0,150.40904588334504,150.0,497.42980474478213,550.0,0.5218811234487263,0.4781188765512737,0.0,0.413658681944247,0.0,8.037561823487176,1.140070729534814,158303.11825116826,16.0,5.225342913128674,5.882352941176471,0.0,1972.7999999999995,1.9727999999999994,1.9727999999999994,90.47292651204262,2616.951447103783,2545.277436694735,287289314.95567954,2.174523557825853,0.0,0.0,0.0,nan,0,nan,0,nan,nan,nan,nan,nan,nan
head_failure,20,200,180.0,9.0,10.0,2,44,spotis,5.0,1843,10.0,122.62402303568282,93.4298299405878,363.9400849085426,550.0,0.7948996201844818,0.2051003798155182,0.0,0.558533845610102,0.0,6.417233834910636,1.0082072274662333,157958.30881360965,1.0,0.5425935973955507,50.0,2.9702970297029703,64.43825742574255,0.06443825742574255,0.06443825742574255,81.87731465767752,2258.8420908384487,2221.1149460846514,310080136.158966,0.7135429449742042,97.02970297029702,0.0,0.9900990099009901,1.0,0,26.22809821828028,0,10.601519575185254,23.701759182293518,7.909329456702123,23.20290140985836,25.6885223346265,8.895968041334244
head_failure,20,200,180.0,9.0,10.0,2,44,fu_serve,5.0,1843,10.0,122.4805009955293,92.97396975593398,357.16606357213936,550.0,0.7840477482365709,0.21595225176342914,0.0,0.589168852487849,0.0,6.890649665781548,1.017757332036201,157951.94457016396,1.0,0.5425935973955507,50.0,0.0,199.59999999999988,0.1995999999999999,0.19959999999999992,78.7947717409358,2318.6257151952127,2291.881653058191,238527553.79318807,0.8745787181861898,0.0,0.0,0.0,1.0,0,42.12644392237188,0,nan,nan,nan,nan,nan,nan
head_failure,20,200,180.0,9.0,10.0,2,44,2dp_fhs,5.0,1843,10.0,130.05075796441375,104.393442704799,380.217826374795,550.0,0.737927292457949,0.26207270754205103,0.0,0.8138399583375449,0.0,22.072383915648842,1.0800387232565596,157950.13788900056,85.0,46.12045577862181,1.1627906976744187,0.0,1295.8,1.2958,1.2958,51.98397999610111,1802.2419099981385,1861.7861091634916,255349827.14249095,2.4564480260635366,0.0,0.0,0.0,1.0,0,14.28083389430627,0,nan,nan,nan,nan,nan,nan
head_failure,20,200,180.0,9.0,10.0,2,44,3d_pos,5.0,1843,10.0,127.19549835461358,98.53703598645392,378.257279760072,550.0,0.7514921323928377,0.24850786760716226,0.0,0.5709070302451938,0.0,11.678399213468689,1.0489142528394293,157934.03146555423,30.0,16.277807921866522,3.225806451612903,0.0,1972.7999999999995,1.9727999999999994,1.9727999999999994,77.00031222145724,2292.2544372776138,2263.524469198479,220630663.85717148,2.273210723776858,0.0,0.0,0.0,1.0,0,41.18147915644319,0,nan,nan,nan,nan,nan,nan
fog_size,10,100,90.0,9.0,10.0,3,45,spotis,,917,10.0,122.14227227614647,95.9757399551444,321.4793688598176,550.0,0.732824427480916,0.26717557251908397,0.0,0.49591639377545943,0.0,6.354485723558168,0.9939374209469346,78581.81354088796,0.0,0.0,100.0,3.9603960396039604,60.74807920792079,0.06074807920792079,0.06074807920792079,90.39934593300728,1564.2022976277183,1413.3724262268472,370337227.6822106,0.706755680697045,96.03960396039604,0.0,0.0,nan,0,nan,0,12.864824563651423,20.20343389962378,7.082679297341968,27.833039122929375,21.246210059532466,10.769813056920984
fog_size,10,100,90.0,9.0,10.0,3,45,fu_serve,,917,10.0,122.27791937440955,96.88204799641565,313.0095593422362,550.0,0.7360959651035986,0.26390403489640135,0.0,0.5929154564794243,0.0,7.580784417028125,0.9900236288441593,78582.15354348143,0.0,0.0,100.0,0.0,65.5,0.0655,0.0655,75.4188504195335,2016.1284861096021,1762.390803892862,165108074.75313798,0.8489999020396035,0.0,0.0,0.0,nan,0,nan,0,nan,nan,nan,nan,nan,nan
fog_size,10,100,90.0,9.0,10.0,3,45,2dp_fhs,,917,10.0,131.35994065980472,107.86738389264272,370.02827486918414,550.0,0.6804798255179935,0.31952017448200654,0.0,0.7704526100676943,0.0,32.77705075614841,1.10216552351011,78601.63888068192,81.0,88.33151581243185,1.2195121951219512,0.0,369.69999999999976,0.36969999999999975,0.36969999999999975,68.88170883657396,1725.0499816819377,1612.876786087627,135571558.6368711,1.459573459228597,0.0,0.0,0.0,nan,0,nan,0,nan,nan,nan,nan,nan,nan
fog_size,10,100,90.0,9.0,10.0,3,45,3d_pos,,917,10.0,122.59134733541474,98.66691655323345,313.0095593422362,550.0,0.7360959651035986,0.26390403489640135,0.0,0.5893060950268824,0.0,9.749913679492275,0.9906944581991526,78582.60635329604,6.0,6.543075245365322,14.285714285714286,0.0,547.3000000000003,0.5473000000000003,0.5473000000000003,72.70529056196735,2029.3160805666057,1777.0627538607619,129286815.7636581,1.301038142192863,0.0,0.0,0.0,nan,0,nan,0,nan,nan,nan,nan,nan,nan
fog_size,20,200,180.0,9.0,10.0,3,45,spotis,,1765,10.0,118.21983364807599,87.7984023265217,334.71909932108906,550.0,0.7830028328611898,0.21699716713881023,0.0,0.5542550059335604,0.0,6.3360503273031465,0.9950665578158872,157859.16986911322,0.0,0.0,100.0,1.9801980198019802,64.42550495049503,0.06442550495049502,0.06442550495049502,91.00741332700439,1076.499267368472,944.24916334851,222297178.9824513,0.7178477868725419,98.01980198019803,0.0,0.0,nan,0,nan,0,12.510225556595955,20.308213267403623,6.763881980601341,22.912375007313347,27.152112530965006,10.35319165712072
fog_size,20,200,180.0,9.0,10.0,3,45,fu_serve,,1765,10.0,117.86208692946641,87.4893459163566,336.08999100333284,550.0,0.7847025495750708,0.2152974504249292,0.0,0.5542550059335604,0.0,6.3964023897587134,0.9930218585264622,157859.32316027078,0.0,0.0,100.0,0.0,199.59999999999988,0.1995999999999999,0.19959999999999992,91.0074020695231,1076.499267368472,944.24916334851,229512587.48274896,0.8244307684699084,0.0,0.0,0.0,nan,0,nan,0,nan,nan,nan,nan,nan,nan
fog_size,20,200,180.0,9.0,10.0,3,45,2dp_fhs,,1765,10.0,128.74246354520645,106.83039191958754,369.3216349582389,550.0,0.7235127478753541,0.27648725212464587,0.0,0.7752438868757041,0.0,22.82241764199737,1.0916729430933534,157878.05423454187,89.0,50.42492917847026,1.1111111111111112,0.0,1295.8,1.2958,1.2958,72.79384045016144,1065.9300360458096,984.4258176041736,194169821.59613335,2.381224920410089,0.0,0.0,0.0,nan,0,nan,0,nan,nan,nan,nan,nan,nan
fog_size,20,200,180.0,9.0,10.0,3,45,3d_pos,,1765,10.0,120.36076504047617,93.30305517361947,349.9099583403256,550.0,0.7745042492917847,0.22549575070821526,0.0,0.5481723956233642,0.0,11.740685884897228,0.9963056847365506,157845.93775724655,31.0,17.56373937677054,3.125,0.0,1972.7999999999995,1.9727999999999994,1.9727999999999994,84.36080228868919,1071.624711717359,943.6736284771277,193982693.1308289,2.208350324013141,0.0,0.0,0.0,nan,0,nan,0,nan,nan,nan,nan,nan,nan
fog_size,40,400,360.0,9.0,10.0,3,45,spotis,,3582,10.0,117.95214114125585,89.6512796470854,350.13708765812044,550.0,0.8112786152987158,0.1887213847012842,0.0,0.5537113995369156,0.0,6.040392238378264,1.013822702177904,315712.17628900206,0.0,0.0,100.0,1.9801980198019802,73.72918811881188,0.07372918811881188,0.07372918811881188,76.98676441134141,1778.288773017427,1741.638995957639,360511726.4040794,0.7235858384717051,98.01980198019803,0.0,0.9900990099009901,nan,0,nan,0,13.627568914463852,22.325489611275803,7.354806419316648,15.341647274441412,29.79335066574035,11.557137114761936
fog_size,40,400,360.0,9.0,10.0,3,45,fu_serve,,3582,10.0,117.78241993540993,89.3147631870116,342.919147881032,548.7461531322716,0.8098827470686767,0.1901172529313233,0.0,0.6541229084405469,0.0,7.251800140242668,1.0235668979955774,315735.37508755823,0.0,0.0,100.0,0.0,692.6999999999998,0.6926999999999999,0.6926999999999999,95.16542970515373,1813.92077678966,1780.3711231454422,267412383.16094875,1.4208292961205269,0.0,0.0,0.0,nan,0,nan,0,nan,nan,nan,nan,nan,nan
fog_size,40,400,360.0,9.0,10.0,3,45,2dp_fhs,,3582,10.0,129.5546187125705,106.9238787520299,372.2090757795895,550.0,0.7266890005583473,0.2733109994416527,0.0,0.9457959391406351,0.0,18.568795402918035,1.1184836504642808,315677.4204586316,86.0,24.00893355667225,1.1494252873563218,0.0,4741.400000000002,4.741400000000002,4.741400000000002,67.51211935174844,1791.7360579542726,1766.9436366183736,140927538.9277889,7.322442394471811,0.0,0.0,0.0,nan,0,nan,0,nan,nan,nan,nan,nan,nan
fog_size,40,400,360.0,9.0,10.0,3,45,3d_pos,,3582,10.0,125.9478014126423,101.38663596008332,350.2225661505233,550.0,0.7506979341150195,0.2493020658849805,0.0,0.6311666550713017,0.0,14.206576578820522,1.0812543955489209,315673.5005861041,72.0,20.100502512562816,1.36986301369863,0.0,7364.199999999996,7.364199999999996,7.364199999999996,79.83395918929415,1775.2066835131084,1743.4172445395075,295056723.0739479,7.053598312632715,0.0,0.0,0.0,nan,0,nan,0,nan,nan,nan,nan,nan,nan
fog_size,80,800,720.0,9.0,10.0,3,45,spotis,,7123,10.0,115.1781646137678,87.03356422630648,315.35117898379013,549.2133017440642,0.8138424821002387,0.18615751789976132,0.0,0.5628396285676062,0.0,6.05108616011232,1.0015620524713866,631056.5432332662,0.0,0.0,100.0,1.9801980198019802,87.03445544554455,0.08703445544554456,0.08703445544554456,97.35488535758844,1384.4509106535054,1340.6404448561389,474155894.48113793,0.9062648837291115,98.01980198019803,0.0,0.0,nan,0,nan,0,15.371689115511744,21.01413181937386,7.147359413690957,7.511947225430399,36.26707218710679,12.687800238886235
fog_size,80,800,720.0,9.0,10.0,3,45,fu_serve,,7123,10.0,121.10555647818308,94.49525208760346,335.25650811100036,550.0,0.7800084234170995,0.21999157658290047,0.0,0.9430127820627582,0.0,10.661847171567919,1.0308293620040898,630977.7759503842,3.0,0.4211708549768356,25.0,0.0,2499.099999999999,2.499099999999999,2.499099999999999,93.82790922756855,1304.5839902406324,1233.5156817414143,149110868.36308324,5.647652707464022,0.0,0.0,0.0,nan,0,nan,0,nan,nan,nan,nan,nan,nan
fog_size,80,800,720.0,9.0,10.0,3,45,2dp_fhs,,7123,10.0,145.99937448234527,150.0,394.08208326480246,550.0,0.5682998736487435,0.43170012635125654,0.0,0.897543355774806,0.0,16.661353414375164,1.2344754006421816,630247.644436889,99.0,13.898638214235575,1.0,0.0,18068.0,18.068,18.068,49.843590748559045,1148.9221702793702,1092.1010050623415,262020690.83210385,28.174486658160767,0.0,0.0,0.0,nan,0,nan,0,nan,nan,nan,nan,nan,nan
fog_size,80,800,720.0,9.0,10.0,3,45,3d_pos,,7123,10.0,137.58284747355094,128.00780249081268,375.46162227993335,550.0,0.6427067246946512,0.3572932753053488,0.0,0.6612559458218192,0.0,13.775877520102995,1.1579548060603024,630551.6051172337,75.0,10.52927137442089,1.3157894736842106,0.0,28617.999999999996,28.617999999999995,28.617999999999995,69.61141254792008,1255.3050892038316,1187.6208562105828,449680054.6631898,26.422444297204837,0.0,0.0,0.0,nan,0,nan,0,nan,nan,nan,nan,nan,nan
arrival_rate,20,200,60.0,3.0,10.0,3,45,spotis,,622,10.0,91.98288979960323,68.76373568016692,200.16844939334158,447.7090107628155,0.9228295819935691,0.07717041800643087,0.0,0.5942234240403165,0.0,6.388907928706163,0.8266435577785833,156958.48128837656,0.0,0.0,100.0,1.9801980198019802,64.42550495049503,0.06442550495049502,0.06442550495049502,91.01681378054842,1076.499267368472,944.24916334851,91534359.0048547,0.6900610766416103,98.01980198019803,0.0,0.0,nan,0,nan,0,8.536064231028453,15.610980561509017,4.57662161301845,22.394025692684888,41.87191391898738,7.010393982771814
arrival_rate,20,200,60.0,3.0,10.0,3,45,fu_serve,,622,10.0,91.98862268569223,68.65906760988616,200.16844939334158,447.7090107628155,0.9228295819935691,0.07717041800643087,0.0,0.5942234240403165,0.0,6.560164183101821,0.8268277785897714,156958.58703112218,0.0,0.0,100.0,0.0,199.59999999999988,0.1995999999999999,0.19959999999999992,91.01679701616658,1076.499267368472,944.24916334851,91051961.30402356,0.796644058238977,0.0,0.0,0.0,nan,0,nan,0,nan,nan,nan,nan,nan,nan
arrival_rate,20,200,60.0,3.0,10.0,3,45,2dp_fhs,,622,10.0,93.0728584105653,70.51102935976033,196.99431700810342,448.1046467379535,0.9180064308681672,0.08199356913183276,0.0,0.881283502798928,0.0,15.946203650020367,0.8425176504509312,156965.06546461914,10.0,16.077170418006432,9.090909090909092,0.0,1295.8,1.2958,1.2958,68.38597197740498,970.3029908991135,862.4061938340857,554086.5789442532,2.466073837016162,0.0,0.0,0.0,nan,0,nan,0,nan,nan,nan,nan,nan,nan
arrival_rate,20,200,60.0,3.0,10.0,3,45,3d_pos,,622,10.0,94.66207405049146,72.92929701445016,202.23066342009685,447.7090107628155,0.909967845659164,0.090032154340836,0.0,0.5926878939242122,0.0,15.51449308787488,0.8474378787886588,156963.63772560604,16.0,25.723472668810288,5.882352941176471,0.0,1972.7999999999995,1.9727999999999994,1.9727999999999994,88.36262522397108,1071.407682743501,941.4536414430013,78876818.23042491,2.1907267675428166,0.0,0.0,0.0,nan,0,nan,0,nan,nan,nan,nan,nan,nan
arrival_rate,20,200,120.0,6.0,10.0,3,45,spotis,,1215,10.0,106.49624416383975,79.04066570052004,300.47466910312903,503.79825923843515,0.8658436213991769,0.13415637860082308,0.0,0.5788167969700145,0.0,6.3490711377759075,0.9429410348181245,157475.9618548403,0.0,0.0,100.0,1.9801980198019802,64.42550495049503,0.06442550495049502,0.06442550495049502,91.0101110597549,1076.499267368472,944.24916334851,217839631.0041199,0.7011220351665328,98.01980198019803,0.0,0.0,nan,0,nan,0,10.89683976394069,18.37504715337809,5.9013026393658485,20.94737274324466,34.89459716589326,8.984840534177447
arrival_rate,20,200,120.0,6.0,10.0,3,45,fu_serve,,1215,10.0,106.50320299200561,79.05193171051472,300.6985146894183,503.809582866279,0.8658436213991769,0.13415637860082308,0.0,0.5788167969700145,0.0,6.436743063894499,0.9430422908924916,157476.06837623054,0.0,0.0,100.0,0.0,199.59999999999988,0.1995999999999999,0.19959999999999992,91.01008804412285,1076.499267368472,944.24916334851,217985647.00412005,0.8077050167638994,0.0,0.0,0.0,nan,0,nan,0,nan,nan,nan,nan,nan,nan
arrival_rate,20,200,120.0,6.0,10.0,3,45,2dp_fhs,,1215,10.0,110.22778478193594,84.62570778303657,295.8174824531885,475.5011426504855,0.8510288065843621,0.14897119341563791,0.0,0.8242960497053438,0.0,20.528076874292033,0.9657012720889263,157482.52300155163,48.0,39.50617283950617,2.0408163265306123,0.0,1295.8,1.2958,1.2958,70.6383326600071,986.9041929163459,884.0234266372418,70057916.65379103,2.406641141858969,0.0,0.0,0.0,nan,0,nan,0,nan,nan,nan,nan,nan,nan
arrival_rate,20,200,120.0,6.0,10.0,3,45,3d_pos,,1215,10.0,108.4813762207076,83.05596425767625,295.49021222138714,482.87876168255667,0.8576131687242798,0.14238683127572016,0.0,0.5783758976749723,0.0,13.158480427056222,0.9540503816232659,157478.1083838631,26.0,21.39917695473251,3.7037037037037037,0.0,1972.7999999999995,1.9727999999999994,1.9727999999999994,85.92529287149561,1065.2019561136547,937.6873199910316,163140492.94335002,2.1986895631235184,0.0,0.0,0.0,nan,0,nan,0,nan,nan,nan,nan,nan,nan
arrival_rate,20,200,180.0,9.0,10.0,3,45,spotis,,1765,10.0,118.21983364807599,87.7984023265217,334.71909932108906,550.0,0.7830028328611898,0.21699716713881023,0.0,0.5542550059335604,0.0,6.3360503273031465,0.9950665578158872,157859.16986911322,0.0,0.0,100.0,1.9801980198019802,64.42550495049503,0.06442550495049502,0.06442550495049502,91.00741332700439,1076.499267368472,944.24916334851,222297178.9824513,0.7178477868725419,98.01980198019803,0.0,0.0,nan,0,nan,0,12.510225556595955,20.308213267403623,6.763881980601341,22.912375007313347,27.152112530965006,10.35319165712072
arrival_rate,20,200,180.0,9.0,10.0,3,45,fu_serve,,1765,10.0,117.86208692946641,87.4893459163566,336.08999100333284,550.0,0.7847025495750708,0.2152974504249292,0.0,0.5542550059335604,0.0,6.3964023897587134,0.9930218585264622,157859.32316027078,0.0,0.0,100.0,0.0,199.59999999999988,0.1995999999999999,0.19959999999999992,91.0074020695231,1076.499267368472,944.24916334851,229512587.48274896,0.8244307684699084,0.0,0.0,0.0,nan,0,nan,0,nan,nan,nan,nan,nan,nan
arrival_rate,20,200,180.0,9.0,10.0,3,45,2dp_fhs,,1765,10.0,128.74246354520645,106.83039191958754,369.3216349582389,550.0,0.7235127478753541,0.27648725212464587,0.0,0.7752438868757041,0.0,22.82241764199737,1.0916729430933534,157878.05423454187,89.0,50.42492917847026,1.1111111111111112,0.0,1295.8,1.2958,1.2958,72.79384045016144,1065.9300360458096,984.4258176041736,194169821.59613335,2.381224920410089,0.0,0.0,0.0,nan,0,nan,0,nan,nan,nan,nan,nan,nan
arrival_rate,20,200,180.0,9.0,10.0,3,45,3d_pos,,1765,10.0,120.36076504047617,93.30305517361947,349.9099583403256,550.0,0.7745042492917847,0.22549575070821526,0.0,0.5481723956233642,0.0,11.740685884897228,0.9963056847365506,157845.93775724655,31.0,17.56373937677054,3.125,0.0,1972.7999999999995,1.9727999999999994,1.9727999999999994,84.36080228868919,1071.624711717359,943.6736284771277,193982693.1308289,2.208350324013141,0.0,0.0,0.0,nan,0,nan,0,nan,nan,nan,nan,nan,nan
arrival_rate,20,200,240.0,12.0,10.0,3,45,spotis,,2346,10.0,131.0399661068548,109.73914342085456,391.8198508584263,550.0,0.6632566069906224,0.3367433930093776,0.0,0.4992596088552904,0.0,6.328269185758629,1.0582753031704855,158130.6642579449,0.0,0.0,100.0,1.9801980198019802,64.42550495049503,0.06442550495049502,0.06442550495049502,91.0065083347752,1076.499267368472,944.24916334851,305783791.2427646,0.734823409244303,98.01980198019803,0.0,0.0,nan,0,nan,0,14.027192473144673,22.390379133144005,7.645611487032158,19.845316306252926,24.46584951950581,11.625651080920424
arrival_rate,20,200,240.0,12.0,10.0,3,45,fu_serve,,2346,10.0,130.84453781763543,109.1291034207269,398.73817061743733,550.0,0.6717817561807332,0.3282182438192668,0.0,0.4976464921869373,0.0,6.373674722942805,1.0546890870373815,158146.17788738257,0.0,0.0,100.0,0.0,199.59999999999988,0.1995999999999999,0.19959999999999992,91.00614858111796,1076.499267368472,944.24916334851,421365097.1087827,0.8414063908416695,0.0,0.0,0.0,nan,0,nan,0,nan,nan,nan,nan,nan,nan
arrival_rate,20,200,240.0,12.0,10.0,3,45,2dp_fhs,,2346,10.0,140.74727306359682,142.5980193218801,405.0918125022258,550.0,0.5809889173060528,0.41901108269394716,0.0,0.7377046010093755,0.0,19.836027468122623,1.1879606970033831,158103.17831622728,91.0,38.789428815004264,1.0869565217391304,0.0,1295.8,1.2958,1.2958,71.68909274791075,1128.9877868318163,1048.5464886122807,287214625.54591674,2.491164119210028,0.0,0.0,0.0,nan,0,nan,0,nan,nan,nan,nan,nan,nan
arrival_rate,20,200,240.0,12.0,10.0,3,45,3d_pos,,2346,10.0,133.32007339771857,114.41175085106704,387.6680111230354,550.0,0.6479113384484229,0.35208866155157714,0.0,0.5087235454025157,0.0,10.630775344734618,1.0767521988385949,158120.65122844634,33.0,14.066496163682864,2.9411764705882355,0.0,1972.7999999999995,1.9727999999999994,1.9727999999999994,85.7757270033356,1070.6031052734331,942.3757549026783,219095636.46170062,2.232577543250665,0.0,0.0,0.0,nan,0,nan,0,nan,nan,nan,nan,nan,nan
arrival_rate,20,200,300.0,15.0,10.0,3,45,spotis,,2956,10.0,143.6458375726034,150.0,452.8907621808876,550.0,0.5355209742895806,0.46447902571041944,0.0,0.4327190919950167,0.0,6.324460981069361,1.1452816582940382,158296.9687512911,0.0,0.0,100.0,1.9801980198019802,64.42550495049503,0.06442550495049502,0.06442550495049502,91.0058629501848,1076.499267368472,944.24916334851,379030127.8400702,0.7670874979939696,98.01980198019803,0.0,0.0,nan,0,nan,0,14.696315966018513,23.321427761632833,8.056849874967948,19.436852409378854,22.305680712131206,12.182873275870646
arrival_rate,20,200,300.0,15.0,10.0,3,45,fu_serve,,2956,10.0,142.6824047093982,150.0,434.54525505398607,550.0,0.5422868741542625,0.45771312584573753,0.0,0.43357258132834015,0.0,6.360496634057905,1.1367529061906212,158306.20279483523,0.0,0.0,100.0,0.0,199.59999999999988,0.1995999999999999,0.19959999999999992,91.00581512027695,1076.499267368472,944.24916334851,373912241.9163873,0.8736704795913361,0.0,0.0,0.0,nan,0,nan,0,nan,nan,nan,nan,nan,nan
arrival_rate,20,200,300.0,15.0,10.0,3,45,2dp_fhs,,2956,10.0,150.82952339015736,150.0,450.0504269110814,550.0,0.4736129905277402,0.5263870094722598,0.0,0.6231284639344126,0.0,17.17888495038719,1.2665414971300983,158257.14598219376,93.0,31.46143437077131,1.0638297872340425,0.0,1295.8,1.2958,1.2958,74.44490884298601,1138.9481201992435,1064.1460913684482,402716349.01626146,2.3689737413135576,0.0,0.0,0.0,nan,0,nan,0,nan,nan,nan,nan,nan,nan
arrival_rate,20,200,300.0,15.0,10.0,3,45,3d_pos,,2956,10.0,144.68256225940982,150.0,434.51615694455086,550.0,0.5307848443843031,0.46921515561569693,0.0,0.43912359635542264,0.0,10.296477754854774,1.1323009098825658,158260.5680138174,40.0,13.531799729364005,2.4390243902439024,0.0,1972.7999999999995,1.9727999999999994,1.9727999999999994,79.41411633877999,1075.3387235258788,949.1851530756427,300307153.8903585,2.2428864710002863,0.0,0.0,0.0,nan,0,nan,0,nan,nan,nan,nan,nan,nan
head_failure,20,200,180.0,9.0,10.0,3,45,spotis,5.0,1765,10.0,119.20805857605194,89.8186552703168,336.43740793111647,550.0,0.7728045325779037,0.2271954674220963,0.0,0.5338604320880064,0.0,6.344825669118946,0.9909083459117904,157835.58687003533,1.0,0.56657223796034,50.0,2.9702970297029703,64.43825742574255,0.06443825742574255,0.06443825742574255,80.86972919672135,1044.6632438387153,949.6627048437128,218343377.3248348,0.7020132697618444,97.02970297029702,0.0,0.0,1.0,0,36.975863736703104,1,11.537677396673688,20.49180498562652,6.942228013627434,24.022588133695866,27.443132963980045,9.562568506396445
head_failure,20,200,180.0,9.0,10.0,3,45,fu_serve,5.0,1765,10.0,119.64513841377915,89.04904064974595,346.90018910242287,550.0,0.7745042492917847,0.22549575070821526,0.0,0.5505500545102632,0.0,6.56815492467349,1.0022378980296018,157854.04709281813,1.0,0.56657223796034,50.0,0.0,199.59999999999988,0.1995999999999999,0.19959999999999992,85.0570625584644,1032.395009560796,912.2961951786857,294881551.30674183,0.8268537830072562,0.0,0.0,0.0,1.0,0,51.87575192057774,1,nan,nan,nan,nan,nan,nan
head_failure,20,200,180.0,9.0,10.0,3,45,2dp_fhs,5.0,1765,10.0,130.11423974729504,107.83132877986557,375.0057263448918,550.0,0.7070821529745043,0.2929178470254957,0.0,0.7693819171498922,0.0,22.64981177827087,1.1046606396182155,157862.6043644552,88.0,49.858356940509914,1.1235955056179776,0.0,1295.8,1.2958,1.2958,74.47700847392629,1069.0836874587123,984.6761034158388,186956969.88165572,2.3505284322508917,0.0,0.0,0.0,1.0,0,43.46606927851043,1,nan,nan,nan,nan,nan,nan
head_failure,20,200,180.0,9.0,10.0,3,45,3d_pos,5.0,1765,10.0,122.96440410494642,96.22044585616152,352.19812246008723,550.0,0.7524079320113315,0.2475920679886685,0.0,0.559400308020606,0.0,13.04228399003042,1.032827977989851,157855.58344098218,38.0,21.52974504249292,2.5641025641025643,0.0,1972.7999999999995,1.9727999999999994,1.9727999999999994,82.99252345625703,1059.4533434098494,942.1910165484207,249984609.8127274,2.277894726783295,0.0,0.0,0.0,1.0,0,41.381651633359226,1,nan,nan,nan,nan,nan,nan
fog_size,10,100,90.0,9.0,10.0,4,46,spotis,,943,10.0,119.47375888343515,92.23003151852005,339.50595591481664,550.0,0.7582184517497349,0.2417815482502651,0.0,0.4873806998939554,0.0,6.048315397666809,0.9697359480866465,79259.59516560633,0.0,0.0,100.0,3.9603960396039604,60.74807920792079,0.06074807920792079,0.06074807920792079,84.77236075151424,966.772083504781,1090.346821951546,186602987.2512496,0.6712089793155406,96.03960396039604,0.0,0.0,nan,0,nan,0,12.142723928373089,22.18701467968579,7.233743501980121,27.677409368730356,20.573677771821444,10.185430749409191
fog_size,10,100,90.0,9.0,10.0,4,46,fu_serve,,943,10.0,119.47405757749667,92.23003151852005,339.5156759148167,550.0,0.7582184517497349,0.2417815482502651,0.0,0.4873806998939554,0.0,6.052094379639215,0.9697408314153179,79259.59865718633,0.0,0.0,100.0,0.0,65.5,0.0655,0.0655,84.77235999368328,966.772083504781,1090.346821951546,186606119.25124958,0.67478166431554,0.0,0.0,0.0,nan,0,nan,0,nan,nan,nan,nan,nan,nan
fog_size,10,100,90.0,9.0,10.0,4,46,2dp_fhs,,943,10.0,129.0228160666358,107.14934629226924,347.9772013525509,550.0,0.6988335100742312,0.3011664899257688,0.0,0.7282383981605474,0.0,31.472982746796664,1.08336898173768,79280.17412168952,82.0,86.95652173913044,1.2048192771084338,0.0,369.69999999999976,0.36969999999999975,0.36969999999999975,61.48979691424385,1182.804260042466,1307.1789577638308,144586509.02404836,1.3398442980193763,0.0,0.0,0.0,nan,0,nan,0,nan,nan,nan,nan,nan,nan
fog_size,10,100,90.0,9.0,10.0,4,46,3d_pos,,943,10.0,120.98748205808263,93.37230617546143,344.7875027521927,550.0,0.7497348886532343,0.25026511134676566,0.0,0.5466876094778288,0.0,7.217834314379551,0.9890823890135411,79265.51521175695,0.0,0.0,100.0,0.0,547.3000000000003,0.5473000000000003,0.5473000000000003,77.87237484087417,2340.266049029196,2306.898149256546,257563246.4025645,1.1660807588915076,0.0,0.0,0.0,nan,0,nan,0,nan,nan,nan,nan,nan,nan
fog_size,20,200,180.0,9.0,10.0,4,46,spotis,,1893,10.0,121.93882498802871,92.60705641865697,354.27950485850926,550.0,0.7839408346539883,0.21605916534601166,0.0,0.5182250396196513,0.0,6.025530364500406,1.027260854844298,158035.3275737422,0.0,0.0,100.0,2.9702970297029703,64.43825742574255,0.06443825742574255,0.06443825742574255,84.91494173098354,1263.3808722112512,1216.3094256689192,277655691.63102746,0.7094200569924523,97.02970297029702,0.0,0.0,nan,0,nan,0,14.039031088063567,21.346260810025445,7.32907178902718,20.119222045510345,25.44939138727512,11.717022880098341
fog_size,20,200,180.0,9.0,10.0,4,46,fu_serve,,1893,10.0,122.76260237300828,91.77946458951052,375.42246528716925,550.0,0.7770734284204965,0.22292657157950346,0.0,0.6979719935190899,0.0,8.232655758778002,1.0364916282423073,158035.55165029768,0.0,0.0,100.0,0.0,199.59999999999988,0.1995999999999999,0.19959999999999992,92.140103870409,1632.983390002307,1595.37035980121,249200992.23234582,1.1104373646491166,0.0,0.0,0.0,nan,0,nan,0,nan,nan,nan,nan,nan,nan
fog_size,20,200,180.0,9.0,10.0,4,46,2dp_fhs,,1893,10.0,132.96688413075046,109.91962476625439,394.11164793631417,550.0,0.7041732699418912,0.2958267300581088,0.0,0.7708163583926514,0.0,21.576474074903455,1.124872455623878,158010.32744849985,85.0,44.90227152667723,1.1627906976744187,0.0,1295.8,1.2958,1.2958,63.431810755235915,1348.6347684454201,1302.8703088108323,190374220.32584247,2.47526829089458,0.0,0.0,0.0,nan,0,nan,0,nan,nan,nan,nan,nan,nan
fog_size,20,200,180.0,9.0,10.0,4,46,3d_pos,,1893,10.0,126.94243815111265,98.10632998852675,392.30024626768517,550.0,0.745905969360803,0.254094030639197,0.0,0.5919688091338376,0.0,12.486693436197385,1.0741154478781312,158027.52347755717,34.0,17.96090861067089,2.857142857142857,0.0,1972.7999999999995,1.9727999999999994,1.9727999999999994,76.58357514822984,1286.4434069684742,1222.360506268279,260658777.6409005,2.4673654864176564,0.0,0.0,0.0,nan,0,nan,0,nan,nan,nan,nan,nan,nan
fog_size,40,400,360.0,9.0,10.0,4,46,spotis,,3714,10.0,118.0698634758133,89.6806703300459,331.940206160898,547.3169934013118,0.791868605277329,0.20813139472267095,0.0,0.5478190630048464,0.0,6.0148888287558275,1.009832900634652,315855.7055293283,0.0,0.0,100.0,1.9801980198019802,73.72918811881188,0.07372918811881188,0.07372918811881188,95.82664216084457,1617.9870332699456,1533.0397716073908,245686894.37058178,0.7323849579773656,98.01980198019803,0.0,0.0,nan,0,nan,0,13.945560864203774,20.737660493810953,6.9063992568718175,16.453678716275448,30.422231887055144,11.534468781782866
fog_size,40,400,360.0,9.0,10.0,4,46,fu_serve,,3714,10.0,118.1372984600277,89.86354598147884,335.97551496812844,550.0,0.7934841141626279,0.20651588583737213,0.0,0.6041381634613213,0.0,6.780952414673045,0.9947993118644782,315817.46054062643,0.0,0.0,100.0,0.0,692.6999999999998,0.6926999999999999,0.6926999999999999,88.63538706742916,1790.1010483862908,1654.8526252018553,425316010.70681983,1.3378918523527432,0.0,0.0,0.0,nan,0,nan,0,nan,nan,nan,nan,nan,nan
fog_size,40,400,360.0,9.0,10.0,4,46,2dp_fhs,,3714,10.0,129.29397108069747,111.64037269515336,365.2283549699946,550.0,0.7113624124932687,0.2886375875067313,0.0,0.9399356615688976,0.0,17.911577563579915,1.0869115696634928,315757.4073356128,81.0,21.809369951534734,1.2195121951219512,0.0,4741.400000000002,4.741400000000002,4.741400000000002,64.87673623180473,1696.4643078727756,1607.966077391533,142018838.47986472,7.425290875105029,0.0,0.0,0.0,nan,0,nan,0,nan,nan,nan,nan,nan,nan
fog_size,40,400,360.0,9.0,10.0,4,46,3d_pos,,3714,10.0,126.18332516317663,103.57989882670981,363.1257277035008,550.0,0.732364028002154,0.26763597199784595,0.0,0.6051869384893739,0.0,13.22237539077252,1.0560225765630082,315758.16837681324,66.0,17.77059773828756,1.492537313432836,0.0,7364.199999999996,7.364199999999996,7.364199999999996,66.03616353535716,1753.3045724751646,1625.3375402993584,266404769.63859499,6.866558848152915,0.0,0.0,0.0,nan,0,nan,0,nan,nan,nan,nan,nan,nan
fog_size,80,800,720.0,9.0,10.0,4,46,spotis,,7457,10.0,121.07792294111849,92.59144765944694,348.8566164281662,550.0,0.781681641410755,0.21831835858924498,0.0,0.5579187340753653,0.0,6.008753667694631,1.0486913867769794,630592.8349161416,0.0,0.0,100.0,1.9801980198019802,87.03445544554455,0.08703445544554456,0.08703445544554456,96.37198392696581,2177.2685653175636,2154.4239089365433,392632219.99479395,0.9133428056184524,98.01980198019803,0.0,0.9900990099009901,nan,0,nan,0,15.61944322177279,21.477915161670598,7.377622091149064,7.788380196537695,34.750220671457136,12.986418657412727
fog_size,80,800,720.0,9.0,10.0,4,46,fu_serve,,7457,10.0,122.0905283977023,95.80492066338309,348.4007256802705,550.0,0.7706852621697734,0.2293147378302266,0.0,0.6462462961393469,0.0,7.215581575072774,1.0623508890490192,630585.3433819831,0.0,0.0,100.0,0.0,2499.099999999999,2.499099999999999,2.499099999999999,95.46613422774783,1269.8278157565194,1206.7087602488878,309512460.6166426,3.2501962416824295,0.0,0.0,0.0,nan,0,nan,0,nan,nan,nan,nan,nan,nan
fog_size,80,800,720.0,9.0,10.0,4,46,2dp_fhs,,7457,10.0,152.9009071414473,150.0,411.3608946710031,550.0,0.4999329489070672,0.5000670510929328,0.0,0.9310895989159979,0.0,16.802295440411626,1.336320401805123,629461.8152805481,99.0,13.276116400697331,1.0,0.0,18068.0,18.068,18.068,70.21814972540523,1273.6720132427258,1213.3638151324838,281093382.6099432,32.5666082858179,0.0,0.0,0.0,nan,0,nan,0,nan,nan,nan,nan,nan,nan
fog_size,80,800,720.0,9.0,10.0,4,46,3d_pos,,7457,10.0,139.79300518231213,135.14292522475512,385.56327193634525,550.0,0.6200885074426713,0.3799114925573287,0.0,0.6497586685529152,0.0,12.814316003698446,1.1796580564569403,629934.7516756754,63.0,8.448437709534666,1.5625,0.0,28617.999999999996,28.617999999999995,28.617999999999995,83.80701122118975,1284.150801600997,1226.4929033515875,391806564.96618056,25.96511667960683,0.0,0.0,0.0,nan,0,nan,0,nan,nan,nan,nan,nan,nan
arrival_rate,20,200,60.0,3.0,10.0,4,46,spotis,,641,10.0,95.43684034672789,67.52369334302432,266.16192906144363,454.39335279650464,0.9282371294851794,0.07176287051482055,0.0,0.5681747269890794,0.0,6.075381154445571,0.8793164261105403,157034.06573868904,0.0,0.0,100.0,1.9801980198019802,64.42550495049503,0.06442550495049502,0.06442550495049502,84.91971284490039,1263.3808722112512,1216.3094256689192,214935661.447496,0.6620849236601213,98.01980198019803,0.0,0.0,nan,0,nan,0,8.768399824858493,15.074993205660054,4.574852563192222,22.202057543229966,42.10367067819917,7.276026184860091
arrival_rate,20,200,60.0,3.0,10.0,4,46,fu_serve,,641,10.0,95.501498276795,68.03953368913973,260.5497559559895,454.6059364273354,0.9297971918876755,0.07020280811232449,0.0,0.7707501521769257,0.0,8.44129530945528,0.8820773459369007,157036.59056333164,0.0,0.0,100.0,0.0,199.59999999999988,0.1995999999999999,0.19959999999999992,92.15447929310541,1632.983390002307,1595.37035980121,44070459.56932992,1.042627406400189,0.0,0.0,0.0,nan,0,nan,0,nan,nan,nan,nan,nan,nan
arrival_rate,20,200,60.0,3.0,10.0,4,46,2dp_fhs,,641,10.0,97.88953006115129,70.99317056320231,265.4275539519766,454.62996213178656,0.9157566302652106,0.08424336973478941,0.0,0.7800727474812819,0.0,20.54426602843324,0.9084445447601035,157044.12941292746,25.0,39.0015600624025,3.8461538461538463,0.0,1295.8,1.2958,1.2958,41.37931482092579,1251.9885209735332,1191.8290908212202,10191117.744978612,2.1859615862153032,0.0,0.0,0.0,nan,0,nan,0,nan,nan,nan,nan,nan,nan
arrival_rate,20,200,60.0,3.0,10.0,4,46,3d_pos,,641,10.0,96.30601680572546,68.28991939400098,260.35479662390503,466.7992010560817,0.9251170046801872,0.0748829953198128,0.0,0.6739693698227527,0.0,12.291951353562478,0.8888265695790014,157037.94662091357,6.0,9.360374414976599,14.285714285714286,0.0,1972.7999999999995,1.9727999999999994,1.9727999999999994,78.2817727994591,1294.2626516267837,1224.084140360023,57040160.10746192,2.481973421622016,0.0,0.0,0.0,nan,0,nan,0,nan,nan,nan,nan,nan,nan
arrival_rate,20,200,120.0,6.0,10.0,4,46,spotis,,1256,10.0,103.78251742324116,76.44812914345212,280.6821892557496,480.4146114714176,0.8813694267515924,0.11863057324840764,0.0,0.5498407643312101,0.0,6.038470796177888,0.9202585523720986,157529.59868262918,0.0,0.0,100.0,1.9801980198019802,64.42550495049503,0.06442550495049502,0.06442550495049502,84.91654814908361,1263.3808722112512,1216.3094256689192,252688518.53263006,0.6756211825642956,98.01980198019803,0.0,0.9900990099009901,nan,0,nan,0,11.745441021538673,18.45914155441536,6.1019483943376,21.437124625649407,32.47798495010231,9.778359453956654
arrival_rate,20,200,120.0,6.0,10.0,4,46,fu_serve,,1256,10.0,103.76918224470253,76.58392602223134,272.68353783195244,467.3231330763758,0.8829617834394905,0.1170382165605095,0.0,0.7485344433692468,0.0,8.286830910009908,0.9278484421127176,157539.85638745627,0.0,0.0,100.0,0.0,199.59999999999988,0.1995999999999999,0.19959999999999992,92.14457818108588,1632.983390002307,1595.37035980121,102139905.56227703,1.0610590491296679,0.0,0.0,0.0,nan,0,nan,0,nan,nan,nan,nan,nan,nan
arrival_rate,20,200,120.0,6.0,10.0,4,46,2dp_fhs,,1256,10.0,112.30267456483931,84.62457000618895,298.57430306306406,502.16227521442823,0.8328025477707006,0.16719745222929938,0.0,0.7823960522241858,0.0,25.32832014140272,0.9763875793104065,157532.17387311195,75.0,59.71337579617835,1.3157894736842106,0.0,1295.8,1.2958,1.2958,60.13800457646716,1281.2267995318462,1224.5865400811201,111132806.18441887,2.310947487454325,0.0,0.0,0.0,nan,0,nan,0,nan,nan,nan,nan,nan,nan
arrival_rate,20,200,120.0,6.0,10.0,4,46,3d_pos,,1256,10.0,107.20999239820084,78.4389322437774,273.8282712222406,488.4642281747928,0.8487261146496815,0.1512738853503185,0.0,0.6375866323369165,0.0,13.37146446779085,0.9462871271420168,157519.61454268664,24.0,19.10828025477707,4.0,0.0,1972.7999999999995,1.9727999999999994,1.9727999999999994,77.5928452540582,1289.042978676004,1221.9123157744973,154610706.29573715,2.45432975460185,0.0,0.0,0.0,nan,0,nan,0,nan,nan,nan,nan,nan,nan
arrival_rate,20,200,180.0,9.0,10.0,4,46,spotis,,1893,10.0,121.93882498802871,92.60705641865697,354.27950485850926,550.0,0.7839408346539883,0.21605916534601166,0.0,0.5182250396196513,0.0,6.025530364500406,1.027260854844298,158035.3275737422,0.0,0.0,100.0,2.9702970297029703,64.43825742574255,0.06443825742574255,0.06443825742574255,84.91494173098354,1263.3808722112512,1216.3094256689192,277655691.63102746,0.7094200569924523,97.02970297029702,0.0,0.0,nan,0,nan,0,14.039031088063567,21.346260810025445,7.32907178902718,20.119222045510345,25.44939138727512,11.717022880098341
arrival_rate,20,200,180.0,9.0,10.0,4,46,fu_serve,,1893,10.0,122.76260237300828,91.77946458951052,375.42246528716925,550.0,0.7770734284204965,0.22292657157950346,0.0,0.6979719935190899,0.0,8.232655758778002,1.0364916282423073,158035.55165029768,0.0,0.0,100.0,0.0,199.59999999999988,0.1995999999999999,0.19959999999999992,92.140103870409,1632.983390002307,1595.37035980121,249200992.23234582,1.1104373646491166,0.0,0.0,0.0,nan,0,nan,0,nan,nan,nan,nan,nan,nan
arrival_rate,20,200,180.0,9.0,10.0,4,46,2dp_fhs,,1893,10.0,132.96688413075046,109.91962476625439,394.11164793631417,550.0,0.7041732699418912,0.2958267300581088,0.0,0.7708163583926514,0.0,21.576474074903455,1.124872455623878,158010.32744849985,85.0,44.90227152667723,1.1627906976744187,0.0,1295.8,1.2958,1.2958,63.431810755235915,1348.6347684454201,1302.8703088108323,190374220.32584247,2.47526829089458,0.0,0.0,0.0,nan,0,nan,0,nan,nan,nan,nan,nan,nan
arrival_rate,20,200,180.0,9.0,10.0,4,46,3d_pos,,1893,10.0,126.94243815111265,98.10632998852675,392.30024626768517,550.0,0.745905969360803,0.254094030639197,0.0,0.5919688091338376,0.0,12.486693436197385,1.0741154478781312,158027.52347755717,34.0,17.96090861067089,2.857142857142857,0.0,1972.7999999999995,1.9727999999999994,1.9727999999999994,76.58357514822984,1286.4434069684742,1222.360506268279,260658777.6409005,2.4673654864176564,0.0,0.0,0.0,nan,0,nan,0,nan,nan,nan,nan,nan,nan
arrival_rate,20,200,240.0,12.0,10.0,4,46,spotis,,2517,10.0,138.32804749480024,121.86350588597428,411.1780010402984,550.0,0.6348827969805324,0.3651172030194676,0.0,0.4514898688915376,0.0,6.019201025029454,1.100956625288184,158270.20115236376,0.0,0.0,100.0,2.9702970297029703,64.43825742574255,0.06443825742574255,0.06443825742574255,84.91430893389486,1263.3808722112512,1216.3094256689192,290214470.0558057,0.6883980968440333,97.02970297029702,0.0,0.9900990099009901,nan,0,nan,0,14.292638290069673,21.41768234817153,7.4581964549389435,23.88835560623664,21.04861086195629,11.894516438626916
arrival_rate,20,200,240.0,12.0,10.0,4,46,fu_serve,,2517,10.0,138.35025324961816,119.3850679482078,423.9142546565172,550.0,0.6289233214143822,0.37107667858561777,0.0,0.6140381668021719,0.0,8.20617370192802,1.1014050807926483,158254.396708048,0.0,0.0,100.0,0.0,199.59999999999988,0.1995999999999999,0.19959999999999992,92.13786752854296,1632.983390002307,1595.37035980121,222705086.45526922,1.086030054592961,0.0,0.0,0.0,nan,0,nan,0,nan,nan,nan,nan,nan,nan
arrival_rate,20,200,240.0,12.0,10.0,4,46,2dp_fhs,,2517,10.0,148.51381571332993,150.0,458.97415984272516,550.0,0.55502582439412,0.44497417560588004,0.0,0.6899520856594019,0.0,18.96931141452269,1.233047861622158,158233.4403278394,91.0,36.15415176797775,1.0869565217391304,0.0,1295.8,1.2958,1.2958,72.53576207124486,1451.255216970907,1413.7268869419051,284140320.54487497,2.4484132093416715,0.0,0.0,0.0,nan,0,nan,0,nan,nan,nan,nan,nan,nan
arrival_rate,20,200,240.0,12.0,10.0,4,46,3d_pos,,2517,10.0,141.58202005826544,129.5597305406826,437.205793219424,550.0,0.6050854191497815,0.39491458085021847,0.0,0.5257922200499894,0.0,11.225501585716183,1.1387146462951059,158245.1348714607,35.0,13.90544298768375,2.7777777777777777,0.0,1972.7999999999995,1.9727999999999994,1.9727999999999994,75.50936047878183,1292.9863527393397,1229.836107067323,304976264.7840653,2.438831776864489,0.0,0.0,0.0,nan,0,nan,0,nan,nan,nan,nan,nan,nan
arrival_rate,20,200,300.0,15.0,10.0,4,46,spotis,,3111,10.0,148.16034658030642,150.0,476.86011009209574,550.0,0.5149469623915139,0.48505303760848606,0.0,0.39247830279652846,0.0,6.015534869816472,1.150980111895289,158354.7426044095,0.0,0.0,100.0,2.9702970297029703,64.43825742574255,0.06443825742574255,0.06443825742574255,84.91378177916219,1263.3808722112512,1216.3094256689192,373910632.1587165,0.7229941763901314,97.02970297029702,0.0,0.0,nan,0,nan,0,15.9550246032443,23.635257248686827,8.333097626319347,20.294841685635827,18.481197322571578,13.30058151354212
arrival_rate,20,200,300.0,15.0,10.0,4,46,fu_serve,,3111,10.0,147.8838383231462,150.0,484.6355010731871,550.0,0.5130183220829315,0.4869816779170685,0.0,0.5487747375044963,0.0,8.190834450301866,1.150441308978814,158346.97679428346,0.0,0.0,100.0,0.0,199.59999999999988,0.1995999999999999,0.19959999999999992,92.13730295664483,1632.983390002307,1595.37035980121,227147996.0644997,1.1625523998217477,0.0,0.0,0.0,nan,0,nan,0,nan,nan,nan,nan,nan,nan
arrival_rate,20,200,300.0,15.0,10.0,4,46,2dp_fhs,,3111,10.0,156.34713501419867,150.0,482.8013032892309,550.0,0.45483767277402765,0.5451623272259724,0.0,0.5980331351470012,0.0,16.545105042854235,1.2872077227588834,158332.27139285707,91.0,29.251044680167148,1.0869565217391304,0.0,1295.8,1.2958,1.2958,69.58690452515084,1536.9641517353919,1509.6295932750882,405900016.36179453,2.356405361706205,0.0,0.0,0.0,nan,0,nan,0,nan,nan,nan,nan,nan,nan
arrival_rate,20,200,300.0,15.0,10.0,4,46,3d_pos,,3111,10.0,151.58236639478517,150.0,483.17277610906365,550.0,0.4853744776599164,0.5146255223400835,0.0,0.4513012524035968,0.0,10.172032117805271,1.21727619704662,158348.95952269362,33.0,10.607521697203472,2.9411764705882355,0.0,1972.7999999999995,1.9727999999999994,1.9727999999999994,77.92492573263462,1284.6310406322764,1220.7407430892233,267731225.32492828,2.4690169438228304,0.0,0.0,0.0,nan,0,nan,0,nan,nan,nan,nan,nan,nan
head_failure,20,200,180.0,9.0,10.0,4,46,spotis,5.0,1893,10.0,124.96900563871573,94.73815428103993,366.12931201016954,550.0,0.757527733755943,0.24247226624405704,0.0,0.5554025047870296,0.0,6.695669055421709,1.0564713550294969,158025.85238826557,1.0,0.5282620179609087,50.0,3.9603960396039604,64.45100990099007,0.06445100990099008,0.06445100990099008,84.43647327254453,1532.7976026678186,1499.5700164863788,307532211.33245337,0.7742249637981644,96.03960396039604,0.0,0.0,1.0,0,30.28374272033338,0,13.582290347252094,21.353875041095637,7.684011887267979,20.42710209689176,25.6057843100142,11.346936317478328
head_failure,20,200,180.0,9.0,10.0,4,46,fu_serve,5.0,1893,10.0,125.07389303809893,94.83576181481456,389.215394700552,550.0,0.7622820919175911,0.2377179080824089,0.0,0.7451244275160582,0.0,8.969145927473146,1.025650515026325,157990.88615833624,1.0,0.5282620179609087,50.0,0.0,199.59999999999988,0.1995999999999999,0.19959999999999992,88.8524338254867,1452.377901242259,1411.3138897067122,189899641.66428912,1.191327380366987,0.0,0.0,0.0,1.0,0,36.4619982428929,0,nan,nan,nan,nan,nan,nan
head_failure,20,200,180.0,9.0,10.0,4,46,2dp_fhs,5.0,1893,10.0,133.70071537956525,110.42731514751614,394.53181115694093,550.0,0.6973058637083994,0.3026941362916006,0.0,0.7653641683530625,0.0,21.437482865813465,1.1237100907756734,157994.16978497713,84.0,44.37400950871632,1.1764705882352942,0.0,1295.8,1.2958,1.2958,61.57018382497716,1373.1607025925675,1327.0932328527158,202440769.20341206,2.469492806737655,0.0,0.0,0.0,1.0,0,34.607196338231574,0,nan,nan,nan,nan,nan,nan
head_failure,20,200,180.0,9.0,10.0,4,46,3d_pos,5.0,1893,10.0,128.35976774755696,99.73463916203839,377.7225116868475,550.0,0.7311146328578975,0.26888536714210254,0.0,0.5765814555445872,0.0,11.398946141386874,1.066392403452332,157986.75955153126,27.0,14.263074484944532,3.5714285714285716,0.0,1972.7999999999995,1.9727999999999994,1.9727999999999994,70.84817285724388,1289.234831469351,1234.054863893555,247869998.43326733,2.4090702292612662,0.0,0.0,0.0,1.0,0,32.163413999613894,0,nan,nan,nan,nan,nan,nan
fog_size,10,100,90.0,9.0,10.0,5,47,spotis,,928,10.0,119.19239614044687,87.1344970362582,320.8771626164351,550.0,0.7780172413793104,0.2219827586206896,0.0,0.4894396551724137,0.0,6.049076734913579,0.9616674810201047,78658.73495277557,0.0,0.0,100.0,1.9801980198019802,60.72403960396039,0.06072403960396039,0.06072403960396039,82.98028992627553,1431.9604673861459,1686.9766582308412,252462963.3737735,0.6498183089049147,98.01980198019803,0.0,0.0,nan,0,nan,0,11.228468594621216,21.64382706260988,7.783766705154926,30.145935229482184,19.679519491478043,9.518482916653747
fog_size,10,100,90.0,9.0,10.0,5,47,fu_serve,,928,10.0,120.25148106918053,91.93165941757252,331.14127283688856,550.0,0.7618534482758621,0.2381465517241379,0.0,0.757600123911125,0.0,10.071799219365836,1.0161641915789537,78682.83911492539,3.0,3.2327586206896552,25.0,0.0,65.5,0.0655,0.0655,85.44050497487349,1852.4335788474978,1420.766780099651,140311088.05245885,1.013046426371193,0.0,0.0,0.0,nan,0,nan,0,nan,nan,nan,nan,nan,nan
fog_size,10,100,90.0,9.0,10.0,5,47,2dp_fhs,,928,10.0,128.80694844093694,104.51167151977447,344.37866885607207,550.0,0.7219827586206896,0.2780172413793104,0.0,0.749780678892891,0.0,31.872612185433262,1.0666368018173955,78679.05768869673,81.0,87.28448275862068,1.2195121951219512,0.0,369.69999999999976,0.36969999999999975,0.36969999999999975,70.56172403871871,1740.5543397481495,1508.6193963763071,172116416.43042937,1.350174823519931,0.0,0.0,0.0,nan,0,nan,0,nan,nan,nan,nan,nan,nan
fog_size,10,100,90.0,9.0,10.0,5,47,3d_pos,,928,10.0,119.31273044571374,89.5400404686879,324.2042024007576,550.0,0.7758620689655172,0.22413793103448276,0.0,0.5837429419565436,0.0,7.592535637283009,0.9933083156636336,78679.59301875687,0.0,0.0,100.0,0.0,547.3000000000003,0.5473000000000003,0.5473000000000003,42.44378627932768,1709.34282730686,1320.9237246186028,179438090.55084023,1.1995814652824166,0.0,0.0,0.0,nan,0,nan,0,nan,nan,nan,nan,nan,nan
fog_size,20,200,180.0,9.0,10.0,5,47,spotis,,1835,10.0,119.93912448636264,88.98248889150295,362.9773332388631,550.0,0.8147138964577657,0.1852861035422343,0.0,0.5378746594005448,0.0,6.0263373188007066,1.0361658944151462,157952.7205141052,0.0,0.0,100.0,2.9702970297029703,64.43825742574255,0.06443825742574255,0.06443825742574255,57.362530944212445,1798.2789636579785,1931.0613031446605,272943046.59533125,0.6802776719404673,97.02970297029702,0.0,0.9900990099009901,nan,0,nan,0,11.383199115251731,23.258535410044814,8.102461156100148,24.94852480278791,22.691130676228518,9.616148839586886
fog_size,20,200,180.0,9.0,10.0,5,47,fu_serve,,1835,10.0,120.60187652645878,90.46406825023246,364.1700272332011,550.0,0.8076294277929156,0.19237057220708442,0.0,0.9113286471901482,0.0,10.316082637920552,1.043386091058904,157949.9506889039,0.0,0.0,100.0,0.0,199.59999999999988,0.1995999999999999,0.19959999999999992,84.3533329603331,1658.8675159505237,1748.9692443894603,132967138.0670923,1.3730509788454897,0.0,0.0,0.0,nan,0,nan,0,nan,nan,nan,nan,nan,nan
fog_size,20,200,180.0,9.0,10.0,5,47,2dp_fhs,,1835,10.0,130.45579555212865,104.86411304147936,380.82044271308484,550.0,0.7427792915531335,0.2572207084468665,0.0,0.8105600561608495,0.0,22.193471743316774,1.130559982671248,157944.6057583355,86.0,46.86648501362398,1.1494252873563218,0.0,1295.8,1.2958,1.2958,72.09352323620253,1463.9773115323521,1512.1142499098248,258644729.97130895,2.4400558705270394,0.0,0.0,0.0,nan,0,nan,0,nan,nan,nan,nan,nan,nan
fog_size,20,200,180.0,9.0,10.0,5,47,3d_pos,,1835,10.0,126.89047967139362,98.38314905655898,362.80659429195987,550.0,0.7743869209809264,0.22561307901907357,0.0,0.6164615848398131,0.0,17.0745650338976,1.0806289343949502,157939.22621772983,64.0,34.87738419618529,1.5384615384615385,0.0,1972.7999999999995,1.9727999999999994,1.9727999999999994,58.707865033815885,2093.1613553788234,1988.5729220893572,170288711.42326385,2.437094053466591,0.0,0.0,0.0,nan,0,nan,0,nan,nan,nan,nan,nan,nan
fog_size,40,400,360.0,9.0,10.0,5,47,spotis,,3565,10.0,118.29901775328936,88.42958575594383,334.2221027408032,550.0,0.8190743338008415,0.1809256661991585,0.0,0.5537166900420756,0.0,6.015514211780967,1.0480697924799018,315409.24664416286,0.0,0.0,100.0,2.9702970297029703,73.74378217821783,0.07374378217821782,0.07374378217821782,79.30683928837092,2670.986789827455,2674.9995793586304,339640596.5929028,0.7200312821127579,97.02970297029702,0.0,0.0,nan,0,nan,0,14.898631053430575,20.68574700503816,7.670381123004454,16.07664150394197,28.216044003430824,12.452555311154022
fog_size,40,400,360.0,9.0,10.0,5,47,fu_serve,,3565,10.0,119.97452459507282,91.48347455236605,332.6789773766215,550.0,0.8075736325385694,0.1924263674614306,0.0,1.0330361475402376,0.0,11.460975382557383,1.0547630749150405,315385.5457428019,0.0,0.0,100.0,0.0,692.6999999999998,0.6926999999999999,0.6926999999999999,95.53176946140103,2201.0207904133836,2175.269885475741,54371170.87891429,2.4083871489455366,0.0,0.0,0.0,nan,0,nan,0,nan,nan,nan,nan,nan,nan
fog_size,40,400,360.0,9.0,10.0,5,47,2dp_fhs,,3565,10.0,129.43333161043222,105.2468324124014,363.7244517527979,550.0,0.7438990182328191,0.2561009817671809,0.0,0.7450652013807395,0.0,16.769363727903983,1.1177481083907388,315313.1508335737,93.0,26.08695652173913,1.0638297872340425,0.0,4741.400000000002,4.741400000000002,4.741400000000002,66.56123671658779,2149.8318225294106,2126.2269165807675,258961810.15325195,5.750084375681565,0.0,0.0,0.0,nan,0,nan,0,nan,nan,nan,nan,nan,nan
fog_size,40,400,360.0,9.0,10.0,5,47,3d_pos,,3565,10.0,130.11111824864096,105.38852909165341,379.0299780852241,550.0,0.7447405329593267,0.25525946704067326,0.0,0.655599486759277,0.0,15.886226634929514,1.1211848281419303,315325.62856883835,88.0,24.68443197755961,1.1235955056179776,0.0,7364.199999999996,7.364199999999996,7.364199999999996,64.14504903813348,2182.8127968860213,2152.8641567138898,292055742.50733894,7.339628877091285,0.0,0.0,0.0,nan,0,nan,0,nan,nan,nan,nan,nan,nan
fog_size,80,800,720.0,9.0,10.0,5,47,spotis,,7141,10.0,118.45517695602426,88.40490820397484,344.63394914087564,550.0,0.8122111749054755,0.18778882509452455,0.0,0.5611819072958968,0.0,6.0091410306678394,1.0483909210998708,630764.5828471611,0.0,0.0,100.0,1.9801980198019802,87.03445544554455,0.08703445544554456,0.08703445544554456,95.1018947786558,1413.021382977481,1359.3481794743775,469963203.61755836,0.8176943549032019,98.01980198019803,0.0,0.0,nan,0,nan,0,15.764347708252199,20.333297120691697,7.33798522771711,10.98946249608783,32.478388334859225,13.096519112391942
fog_size,80,800,720.0,9.0,10.0,5,47,fu_serve,,7141,10.0,120.37349215057826,92.6826100247795,342.1619978057917,549.3481078390621,0.7961069878168324,0.20389301218316758,0.0,0.7478279915427196,0.0,8.3070609050856,1.0671918931483373,630750.9014173303,0.0,0.0,100.0,0.0,2499.099999999999,2.499099999999999,2.499099999999999,96.6432954541702,1624.7987345796648,1600.7927811958205,202687997.8806575,3.708596884971766,0.0,0.0,0.0,nan,0,nan,0,nan,nan,nan,nan,nan,nan
fog_size,80,800,720.0,9.0,10.0,5,47,2dp_fhs,,7141,10.0,150.8626913347301,150.0,401.252674818386,550.0,0.5439014143677356,0.45609858563226435,0.0,0.9641451452209542,0.0,17.369764060113063,1.3261500922666956,629834.6824631456,95.0,13.30345889931382,1.0416666666666667,0.0,18068.0,18.068,18.068,57.730488771774965,1237.2596507081241,1218.1435514380826,160265666.2040666,32.26500850742686,0.0,0.0,0.0,nan,0,nan,0,nan,nan,nan,nan,nan,nan
fog_size,80,800,720.0,9.0,10.0,5,47,3d_pos,,7141,10.0,139.1875708449811,125.72488801575776,388.9784984943336,550.0,0.6562106147598376,0.34378938524016245,0.0,0.6489621408071685,0.0,13.721609035054065,1.1914691770477683,630267.1400684278,78.0,10.92283993838398,1.2658227848101267,0.0,28617.999999999996,28.617999999999995,28.617999999999995,71.38646816740209,1666.616786053838,1609.0158916787152,364711987.18751645,25.629872725187994,0.0,0.0,0.0,nan,0,nan,0,nan,nan,nan,nan,nan,nan
arrival_rate,20,200,60.0,3.0,10.0,5,47,spotis,,628,10.0,95.88138769004027,71.74316630104016,253.6997081933257,467.11333564513535,0.9299363057324841,0.07006369426751591,0.0,0.5646496815286624,0.0,6.076941592356058,0.8887061816942902,156922.65691206406,0.0,0.0,100.0,1.9801980198019802,64.42550495049503,0.06442550495049502,0.06442550495049502,57.36732994891467,1798.2789636579785,1931.0613031446605,169469777.69963858,0.6633787150159813,98.01980198019803,0.0,0.0,nan,0,nan,0,8.501673314544135,18.335195057467786,5.956913756294237,25.272153946064414,34.76869789237595,7.165366033253479
arrival_rate,20,200,60.0,3.0,10.0,5,47,fu_serve,,628,10.0,96.58479249298101,72.6844009323191,252.38325677600204,462.7836817918489,0.928343949044586,0.07165605095541405,0.0,0.957858515714232,0.0,10.580974826250548,0.8977369619260901,156927.03315075752,0.0,0.0,100.0,0.0,199.59999999999988,0.1995999999999999,0.19959999999999992,84.37254764969879,1658.8675159505237,1748.9692443894603,3273249.8242088305,1.3271029920946333,0.0,0.0,0.0,nan,0,nan,0,nan,nan,nan,nan,nan,nan
arrival_rate,20,200,60.0,3.0,10.0,5,47,2dp_fhs,,628,10.0,101.35599981643861,77.66295731082585,261.6735562789804,449.62527849669925,0.9171974522292994,0.08280254777070062,0.0,0.8198739683274608,0.0,35.22142024588322,0.9346662806716594,156942.02027962147,58.0,92.35668789808918,1.694915254237288,0.0,1295.8,1.2958,1.2958,88.27855435743228,1325.549883991954,1384.372235840449,49146170.96646704,2.3151570818830995,0.0,0.0,0.0,nan,0,nan,0,nan,nan,nan,nan,nan,nan
arrival_rate,20,200,60.0,3.0,10.0,5,47,3d_pos,,628,10.0,98.77257845764184,74.80020941052202,253.41553536756993,463.4604905187366,0.9235668789808917,0.07643312101910826,0.0,0.6439102863295443,0.0,22.632939389716483,0.9116787266535749,156932.42616341368,31.0,49.36305732484077,3.125,0.0,1972.7999999999995,1.9727999999999994,1.9727999999999994,56.7315516447418,2053.9159840555167,1950.292430525175,28868342.827617828,2.405212543113501,0.0,0.0,0.0,nan,0,nan,0,nan,nan,nan,nan,nan,nan
arrival_rate,20,200,120.0,6.0,10.0,5,47,spotis,,1217,10.0,105.60741493362279,77.08492778788667,297.0711300586727,496.23494628001424,0.9005751848808545,0.09942481511914547,0.0,0.5571076417419885,0.0,6.039711569432571,0.9580379281113189,157453.6620711646,0.0,0.0,100.0,2.9702970297029703,64.43825742574255,0.06443825742574255,0.06443825742574255,57.366205974754244,1798.2789636579785,1931.0613031446605,105078517.37986961,0.6843063812295332,97.02970297029702,0.0,0.9900990099009901,nan,0,nan,0,10.243746253756324,21.822217649880567,7.26840906954245,22.02214490545934,29.99473713144823,8.648744989913098
arrival_rate,20,200,120.0,6.0,10.0,5,47,fu_serve,,1217,10.0,106.67170425827186,79.2807880397528,297.5026685360088,471.4985718545967,0.8997534921939194,0.10024650780608058,0.0,0.947573396253378,0.0,10.386069967283195,0.9700607308622802,157465.8690022488,0.0,0.0,100.0,0.0,199.59999999999988,0.1995999999999999,0.19959999999999992,84.36462274586917,1658.8675159505237,1748.9692443894603,53607063.563611396,1.3781366088786466,0.0,0.0,0.0,nan,0,nan,0,nan,nan,nan,nan,nan,nan
arrival_rate,20,200,120.0,6.0,10.0,5,47,2dp_fhs,,1217,10.0,114.5517211586041,87.63421608720101,322.60728231770173,507.0363995306526,0.8660640920295809,0.1339359079704191,0.0,0.8500217052702238,0.0,26.755475484564837,1.0338451712424055,157493.32531244407,76.0,62.44864420706656,1.2987012987012987,0.0,1295.8,1.2958,1.2958,79.02237875709955,1377.0518550758727,1420.142844655264,89813285.1452406,2.465457346889125,0.0,0.0,0.0,nan,0,nan,0,nan,nan,nan,nan,nan,nan
arrival_rate,20,200,120.0,6.0,10.0,5,47,3d_pos,,1217,10.0,110.8698113813169,83.84200615930214,299.88634809681787,491.741971026188,0.8792111750205424,0.12078882497945764,0.0,0.6521160577553966,0.0,20.15194860470546,1.002417306125809,157476.2390195092,54.0,44.37140509449466,1.8181818181818181,0.0,1972.7999999999995,1.9727999999999994,1.9727999999999994,56.65700440024136,2081.113254016729,1977.9402420683111,77711218.36122106,2.4662997235646746,0.0,0.0,0.0,nan,0,nan,0,nan,nan,nan,nan,nan,nan
arrival_rate,20,200,180.0,9.0,10.0,5,47,spotis,,1835,10.0,119.93912448636264,88.98248889150295,362.9773332388631,550.0,0.8147138964577657,0.1852861035422343,0.0,0.5378746594005448,0.0,6.0263373188007066,1.0361658944151462,157952.7205141052,0.0,0.0,100.0,2.9702970297029703,64.43825742574255,0.06443825742574255,0.06443825742574255,57.362530944212445,1798.2789636579785,1931.0613031446605,272943046.59533125,0.6802776719404673,97.02970297029702,0.0,0.9900990099009901,nan,0,nan,0,11.383199115251731,23.258535410044814,8.102461156100148,24.94852480278791,22.691130676228518,9.616148839586886
arrival_rate,20,200,180.0,9.0,10.0,5,47,fu_serve,,1835,10.0,120.60187652645878,90.46406825023246,364.1700272332011,550.0,0.8076294277929156,0.19237057220708442,0.0,0.9113286471901482,0.0,10.316082637920552,1.043386091058904,157949.9506889039,0.0,0.0,100.0,0.0,199.59999999999988,0.1995999999999999,0.19959999999999992,84.3533329603331,1658.8675159505237,1748.9692443894603,132967138.0670923,1.3730509788454897,0.0,0.0,0.0,nan,0,nan,0,nan,nan,nan,nan,nan,nan
arrival_rate,20,200,180.0,9.0,10.0,5,47,2dp_fhs,,1835,10.0,130.45579555212865,104.86411304147936,380.82044271308484,550.0,0.7427792915531335,0.2572207084468665,0.0,0.8105600561608495,0.0,22.193471743316774,1.130559982671248,157944.6057583355,86.0,46.86648501362398,1.1494252873563218,0.0,1295.8,1.2958,1.2958,72.09352323620253,1463.9773115323521,1512.1142499098248,258644729.97130895,2.4400558705270394,0.0,0.0,0.0,nan,0,nan,0,nan,nan,nan,nan,nan,nan
arrival_rate,20,200,180.0,9.0,10.0,5,47,3d_pos,,1835,10.0,126.89047967139362,98.38314905655898,362.80659429195987,550.0,0.7743869209809264,0.22561307901907357,0.0,0.6164615848398131,0.0,17.0745650338976,1.0806289343949502,157939.22621772983,64.0,34.87738419618529,1.5384615384615385,0.0,1972.7999999999995,1.9727999999999994,1.9727999999999994,58.707865033815885,2093.1613553788234,1988.5729220893572,170288711.42326385,2.437094053466591,0.0,0.0,0.0,nan,0,nan,0,nan,nan,nan,nan,nan,nan
arrival_rate,20,200,240.0,12.0,10.0,5,47,spotis,,2399,10.0,133.23601792680947,108.22435873093639,425.5852271027004,550.0,0.681117132138391,0.318882867861609,0.0,0.4824510212588579,0.0,6.020145468945043,1.0737053797701566,158158.08709249902,0.0,0.0,100.0,2.9702970297029703,64.43825742574255,0.06443825742574255,0.06443825742574255,57.361513396734956,1798.2789636579785,1931.0613031446605,316415371.9979041,0.6954565576064691,97.02970297029702,0.0,0.9900990099009901,nan,0,nan,0,11.755420625846645,23.74193637975849,8.381143307682649,25.70752496355439,20.490615740309895,9.923358982847933
arrival_rate,20,200,240.0,12.0,10.0,5,47,fu_serve,,2399,10.0,134.81490717429597,115.19950591987849,417.5679701126588,550.0,0.6665277198832847,0.33347228011671526,0.0,0.8014477932667009,0.0,10.283680745123762,1.098953208783415,158160.87868279926,0.0,0.0,100.0,0.0,199.59999999999988,0.1995999999999999,0.19959999999999992,84.35118173348903,1658.8675159505237,1748.9692443894603,154632503.61910114,1.403602482803075,0.0,0.0,0.0,nan,0,nan,0,nan,nan,nan,nan,nan,nan
arrival_rate,20,200,240.0,12.0,10.0,5,47,2dp_fhs,,2399,10.0,142.35358700052112,136.9701284823277,420.7887953810719,550.0,0.6040016673614006,0.3959983326385994,0.0,0.6528142710504553,0.0,18.68181560180081,1.20424838762883,158148.60841562875,91.0,37.93247186327636,1.0869565217391304,0.0,1295.8,1.2958,1.2958,67.20641121491187,1595.9604120368083,1620.2622868692392,378913533.79130065,2.206063374642107,0.0,0.0,0.0,nan,0,nan,0,nan,nan,nan,nan,nan,nan
arrival_rate,20,200,240.0,12.0,10.0,5,47,3d_pos,,2399,10.0,138.92997008019307,123.81975041822102,418.36976086106034,550.0,0.6352646936223426,0.3647353063776574,0.0,0.5462660762421391,0.0,14.235885874737768,1.1388426358684416,158139.24867901808,60.0,25.010421008753646,1.639344262295082,0.0,1972.7999999999995,1.9727999999999994,1.9727999999999994,58.527642352385264,2070.77259665043,1968.4158659879104,252775845.659081,2.4568130823689303,0.0,0.0,0.0,nan,0,nan,0,nan,nan,nan,nan,nan,nan
arrival_rate,20,200,300.0,15.0,10.0,5,47,spotis,,2988,10.0,144.17935056766103,149.4834202829387,479.7132133550561,550.0,0.5595716198125836,0.44042838018741637,0.0,0.4166666666666667,0.0,6.016171124497677,1.0987532410501206,158240.76792099042,0.0,0.0,100.0,1.9801980198019802,64.42550495049503,0.06442550495049502,0.06442550495049502,57.361161739911005,1798.2789636579785,1931.0613031446605,306442171.5569631,0.7069083189787315,98.01980198019803,0.0,0.0,nan,0,nan,0,12.555133610987971,25.525236206858672,9.012153818089196,19.458073115964684,22.835665480565517,10.613737767533973
arrival_rate,20,200,300.0,15.0,10.0,5,47,fu_serve,,2988,10.0,145.9610857485097,150.0,467.0120019248219,550.0,0.5324631860776439,0.46753681392235613,0.0,0.6884291445773588,0.0,10.262899955438682,1.162362404450721,158252.97108743567,0.0,0.0,100.0,0.0,199.59999999999988,0.1995999999999999,0.19959999999999992,84.34932393746259,1658.8675159505237,1748.9692443894603,228946425.91011918,1.5154602486159576,0.0,0.0,0.0,nan,0,nan,0,nan,nan,nan,nan,nan,nan
arrival_rate,20,200,300.0,15.0,10.0,5,47,2dp_fhs,,2988,10.0,152.1533525895153,150.0,487.1235972726767,550.0,0.49464524765729584,0.5053547523427042,0.0,0.573111649256325,0.0,16.155073363127425,1.2300123702507393,158221.61078518518,86.0,28.781793842034805,1.1494252873563218,0.0,1295.8,1.2958,1.2958,63.979164774744504,1608.6087981067456,1629.2111978148623,313703854.5550669,2.2743975550752022,0.0,0.0,0.0,nan,0,nan,0,nan,nan,nan,nan,nan,nan
arrival_rate,20,200,300.0,15.0,10.0,5,47,3d_pos,,2988,10.0,147.9657350579779,150.0,433.15711754230244,550.0,0.5220883534136547,0.47791164658634533,0.0,0.48738544687762386,0.0,11.673776193117275,1.170411439580563,158229.49434770027,47.0,15.72958500669344,2.0833333333333335,0.0,1972.7999999999995,1.9727999999999994,1.9727999999999994,58.354714423088836,2084.3574873528937,1981.958662520727,268140587.97652218,2.491567609896782,0.0,0.0,0.0,nan,0,nan,0,nan,nan,nan,nan,nan,nan
head_failure,20,200,180.0,9.0,10.0,5,47,spotis,5.0,1835,10.0,122.1135143138524,90.63388385539817,362.9773332388631,550.0,0.7885558583106267,0.2114441416893733,0.0,0.5866521591088306,0.0,6.753542623594638,1.05025733582381,157923.37486689162,1.0,0.5449591280653951,50.0,3.9603960396039604,64.45100990099007,0.06445100990099008,0.06445100990099008,73.54203110178577,1583.4652388320515,1661.6999283411312,258906513.07323208,0.7483903384981399,96.03960396039604,0.0,0.9900990099009901,1.0,0,40.36884095700965,0,12.240055280372223,21.861755490258115,8.276923738113705,23.87451674387101,23.39243250579683,10.354316241588114
head_failure,20,200,180.0,9.0,10.0,5,47,fu_serve,5.0,1835,10.0,121.43449045068547,92.42838898723349,352.14475674927354,550.0,0.7912806539509537,0.2087193460490463,0.0,0.8382596577655612,0.0,9.667884872289294,1.040492494319665,157914.44760370674,1.0,0.5449591280653951,50.0,0.0,199.59999999999988,0.1995999999999999,0.19959999999999992,87.83052631293218,1471.3762570338533,1556.3730643322178,125233546.48910508,1.2602923887048787,0.0,0.0,0.0,1.0,0,41.10883880135255,0,nan,nan,nan,nan,nan,nan
head_failure,20,200,180.0,9.0,10.0,5,47,2dp_fhs,5.0,1835,10.0,131.71020683303752,107.84506382886461,376.72667269919964,550.0,0.7204359673024523,0.2795640326975477,0.0,0.7997433137601835,0.0,22.521199463528134,1.1445530601453937,157916.7516474668,89.0,48.50136239782017,1.1111111111111112,0.0,1295.8,1.2958,1.2958,71.25197487661792,1481.5673708877687,1521.7946896415276,242837027.28961903,2.396681539819218,0.0,0.0,0.0,1.0,0,51.088757837958426,0,nan,nan,nan,nan,nan,nan
head_failure,20,200,180.0,9.0,10.0,5,47,3d_pos,5.0,1835,10.0,127.19771586623251,99.43219096081091,367.34350012249234,550.0,0.7607629427792916,0.23923705722070843,0.0,0.6166143319300922,0.0,15.653811447227303,1.0750650431360782,157904.44330217256,54.0,29.427792915531334,1.8181818181818181,0.0,1972.7999999999995,1.9727999999999994,1.9727999999999994,58.24388173372651,1971.8734412671192,1884.1530247767403,160623263.8572991,2.434627644568286,0.0,0.0,0.0,1.0,0,47.59996103796192,0,nan,nan,nan,nan,nan,nan
fog_size,10,100,90.0,9.0,10.0,6,48,spotis,,937,10.0,120.2078786044577,93.54347555317366,310.6539815613274,550.0,0.759871931696905,0.24012806830309497,0.0,0.5071543189110848,0.0,6.228677919716984,0.9905468787676838,78619.15697169422,0.0,0.0,100.0,3.9603960396039604,60.74807920792079,0.06074807920792079,0.06074807920792079,97.2354425815738,2267.2866983184636,2162.5154955237504,198315812.4905205,0.6742338090696882,96.03960396039604,0.0,0.0,nan,0,nan,0,12.503037835514718,19.310545910946768,6.473124682646679,34.752832799935256,16.818036898195768,10.142421872760805
fog_size,10,100,90.0,9.0,10.0,6,48,fu_serve,,937,10.0,120.0735919686201,94.53172633296525,308.2638672946978,550.0,0.7566702241195304,0.24332977588046956,0.0,0.579968319369819,0.0,7.1451022318530395,0.9963477454254096,78620.29814551822,0.0,0.0,100.0,0.0,65.5,0.0655,0.0655,71.45850504344611,1705.0965004183242,1818.0235943881114,167264219.50323802,0.7804269088421703,0.0,0.0,0.0,nan,0,nan,0,nan,nan,nan,nan,nan,nan
fog_size,10,100,90.0,9.0,10.0,6,48,2dp_fhs,,937,10.0,128.69216645905425,109.35444641564996,343.3065606983416,550.0,0.7235859124866596,0.2764140875133404,0.0,0.7580197003932382,0.0,32.03566921125701,1.0498486388241828,78625.68497113441,81.0,86.4461045891142,1.2195121951219512,0.0,369.69999999999976,0.36969999999999975,0.36969999999999975,57.05795181481672,1896.2996541575185,1858.1203723376968,194020504.10099548,1.3940755862449086,0.0,0.0,0.0,nan,0,nan,0,nan,nan,nan,nan,nan,nan
fog_size,10,100,90.0,9.0,10.0,6,48,3d_pos,,937,10.0,121.0105298334922,92.76609421379311,331.7085174685501,550.0,0.7609391675560299,0.23906083244397014,0.0,0.6269556798504325,0.0,8.161554775940283,0.9753458512093761,78609.3091859239,0.0,0.0,100.0,0.0,547.3000000000003,0.5473000000000003,0.5473000000000003,80.78610039377101,2814.3799898572242,2533.652385340078,175660496.33999488,1.2985934884630328,0.0,0.0,0.0,nan,0,nan,0,nan,nan,nan,nan,nan,nan
fog_size,20,200,180.0,9.0,10.0,6,48,spotis,,1813,10.0,120.31878651111674,92.63999502643694,334.85107516580206,535.5058805226015,0.7959183673469388,0.20408163265306123,0.0,0.5394398369360529,0.0,6.178286571688281,1.0317092807198296,158627.54709711458,0.0,0.0,100.0,1.9801980198019802,64.42550495049503,0.06442550495049502,0.06442550495049502,71.71886525572666,1842.0981003428215,1827.1274416536035,284008495.38653845,0.6984480950175683,98.01980198019803,0.0,0.0,nan,0,nan,0,14.450859295596999,21.311533182679675,7.584994903526204,20.981249726420117,23.75308131003043,11.91828158174658
fog_size,20,200,180.0,9.0,10.0,6,48,fu_serve,,1813,10.0,121.12374381555051,93.99701079351352,328.41113434275184,550.0,0.7937120794263651,0.20628792057363488,0.0,1.0616657473800328,0.0,12.16431494759984,1.047475535608282,158646.10790077617,0.0,0.0,100.0,0.0,199.59999999999988,0.1995999999999999,0.19959999999999992,75.93026227498683,1278.4411331377364,1321.5279096425124,82941740.85779247,1.6253907498375337,0.0,0.0,0.0,nan,0,nan,0,nan,nan,nan,nan,nan,nan
fog_size,20,200,180.0,9.0,10.0,6,48,2dp_fhs,,1813,10.0,128.7396366104509,106.38727831602424,345.0469771378719,550.0,0.7457253171538886,0.25427468284611143,0.0,0.9424835865170107,0.0,23.046756186748663,1.094873791098485,158619.05997060103,79.0,43.57418643132929,1.25,0.0,1295.8,1.2958,1.2958,74.91928909453082,1301.968254247678,1350.6466708252153,80409633.37111622,2.903034937309985,0.0,0.0,0.0,nan,0,nan,0,nan,nan,nan,nan,nan,nan
fog_size,20,200,180.0,9.0,10.0,6,48,3d_pos,,1813,10.0,122.90440400426208,96.84186126221617,323.4063170299377,550.0,0.7799227799227799,0.22007722007722008,0.0,0.6267137803612509,0.0,12.958077287538702,1.0480902230343052,158620.79018040642,33.0,18.20187534473249,2.9411764705882355,0.0,1972.7999999999995,1.9727999999999994,1.9727999999999994,76.66941861623702,1665.8351581367115,1624.906262897698,185038015.73682576,2.539431171776666,0.0,0.0,0.0,nan,0,nan,0,nan,nan,nan,nan,nan,nan
fog_size,40,400,360.0,9.0,10.0,6,48,spotis,,3623,10.0,117.45460965365595,89.03509293449108,330.801016984311,550.0,0.8131382831907259,0.1868617168092741,0.0,0.5479988959425889,0.0,6.015262796025155,1.0292769150231764,315070.66343654017,0.0,0.0,100.0,1.9801980198019802,73.72918811881188,0.07372918811881188,0.07372918811881188,93.26678562841057,2531.407641454169,2583.3837612486686,262609166.33465472,0.7084054912038311,98.01980198019803,0.0,0.0,nan,0,nan,0,15.152151531600182,20.00124760870805,6.854943601675554,18.992455887700192,26.484932796668552,12.514268573647469
fog_size,40,400,360.0,9.0,10.0,6,48,fu_serve,,3623,10.0,119.81281061322696,92.03476849149527,327.81813627283657,550.0,0.7990615512006625,0.20093844879933753,0.0,0.6879678814136293,0.0,7.726173167635586,1.0499134111576294,315077.9129701832,0.0,0.0,100.0,0.0,692.6999999999998,0.6926999999999999,0.6926999999999999,94.73809312164374,1889.3581488903621,1822.789603478643,248770306.75805768,1.5020905564826341,0.0,0.0,0.0,nan,0,nan,0,nan,nan,nan,nan,nan,nan
fog_size,40,400,360.0,9.0,10.0,6,48,2dp_fhs,,3623,10.0,131.040714402357,110.53713463709869,356.53698681571825,550.0,0.7115650013800717,0.2884349986199283,0.0,0.8549706345610721,0.0,17.74962272244825,1.1503707865709598,315004.06953266176,90.0,24.841291747170853,1.098901098901099,0.0,4741.400000000002,4.741400000000002,4.741400000000002,73.08987484792067,1814.9080126575427,1789.608391165881,222010470.19642884,6.606242301894477,0.0,0.0,0.0,nan,0,nan,0,nan,nan,nan,nan,nan,nan
fog_size,40,400,360.0,9.0,10.0,6,48,3d_pos,,3623,10.0,125.84615163772571,102.07963817662069,336.29728455771004,550.0,0.7468948385316037,0.25310516146839634,0.0,0.6363982297905697,0.0,13.695184270848854,1.0953171338355383,315002.3418090408,64.0,17.664918575765938,1.5384615384615385,0.0,7364.199999999996,7.364199999999996,7.364199999999996,70.64923010283778,1908.5302016229105,1841.4130862138127,269639691.5154322,7.198850590402414,0.0,0.0,0.0,nan,0,nan,0,nan,nan,nan,nan,nan,nan
fog_size,80,800,720.0,9.0,10.0,6,48,spotis,,7311,10.0,121.98409203336004,92.84668885019087,357.7110364529806,550.0,0.7926412255505403,0.20735877444945972,0.0,0.5584735330324168,0.0,6.007888140097102,1.0722018941156204,632342.2287500364,0.0,0.0,100.0,1.9801980198019802,87.03445544554455,0.08703445544554456,0.08703445544554456,94.99271696299327,2313.6978165942883,2333.8294508330687,380806915.8803188,0.8500429747771733,98.01980198019803,0.0,0.9900990099009901,nan,0,nan,0,16.792669598890193,21.581617297958903,7.519775282707328,8.090560524106372,32.24547076752198,13.769906528815229
fog_size,80,800,720.0,9.0,10.0,6,48,fu_serve,,7311,10.0,122.07088329065313,92.8159643179356,355.74771313487315,550.0,0.7916837641909451,0.2083162358090549,0.0,0.5664230242516306,0.0,6.360111758718549,1.0709884497965874,632327.6999210591,0.0,0.0,100.0,0.0,2499.099999999999,2.499099999999999,2.499099999999999,96.23000376027903,2441.6745908778644,2384.7286352087744,386787715.3735343,2.711407876367103,0.0,0.0,0.0,nan,0,nan,0,nan,nan,nan,nan,nan,nan
fog_size,80,800,720.0,9.0,10.0,6,48,2dp_fhs,,7311,10.0,157.01216639491713,150.0,433.1621109709014,550.0,0.4869374914512379,0.5130625085487621,0.0,0.9867539500590646,0.0,17.791850236976316,1.418910549062682,631180.1403282997,99.0,13.541239228559705,1.0,0.0,18068.0,18.068,18.068,57.910538071790626,1986.0280600047265,1940.6445256336385,194501511.48605615,35.48585947155977,0.0,0.0,0.0,nan,0,nan,0,nan,nan,nan,nan,nan,nan
fog_size,80,800,720.0,9.0,10.0,6,48,3d_pos,,7311,10.0,141.91849833615095,130.8366956935334,410.54801338814696,550.0,0.6350704418000274,0.36492955819997264,0.0,0.6150323090189735,0.0,13.022616993562895,1.2234707074950952,631809.3932685363,75.0,10.258514567090685,1.3157894736842106,0.0,28617.999999999996,28.617999999999995,28.617999999999995,64.41467436491305,2238.3528667849214,2163.3269739231387,431607927.21401685,24.453659116985076,0.0,0.0,0.0,nan,0,nan,0,nan,nan,nan,nan,nan,nan
arrival_rate,20,200,60.0,3.0,10.0,6,48,spotis,,644,10.0,98.78277952963492,71.74041386352536,262.41872237706616,438.8870848165215,0.9254658385093167,0.07453416149068326,0.0,0.5797576913059043,0.0,6.219135727253458,0.8991865690398471,157674.7058001836,0.0,0.0,100.0,1.9801980198019802,64.42550495049503,0.06442550495049502,0.06442550495049502,71.72586059367497,1842.0981003428215,1827.1274416536035,115291444.80162205,0.6788958500705051,98.01980198019803,0.0,0.0,nan,0,nan,0,9.597425340173713,15.335740448330515,5.026161427754111,23.57874528881059,38.57794909056779,7.8839784043632815
arrival_rate,20,200,60.0,3.0,10.0,6,48,fu_serve,,644,10.0,98.62247055151153,71.72856639366526,265.5546829087547,421.44081083803036,0.9316770186335404,0.06832298136645965,0.0,1.134782608695652,0.0,12.444765813839867,0.9042599876217188,157681.3465976089,0.0,0.0,100.0,0.0,199.59999999999988,0.1995999999999999,0.19959999999999992,75.94781899656938,1278.4411331377364,1321.5279096425124,0.0,1.549505921899126,0.0,0.0,0.0,nan,0,nan,0,nan,nan,nan,nan,nan,nan
arrival_rate,20,200,60.0,3.0,10.0,6,48,2dp_fhs,,644,10.0,101.24120567942595,74.75998958300468,263.8075320144002,421.3913290793899,0.9161490683229814,0.08385093167701863,0.0,1.077528168598488,0.0,20.694670269241648,0.9295062833992714,157687.19931224143,16.0,24.84472049689441,5.882352941176471,0.0,1295.8,1.2958,1.2958,76.75284174014466,1179.7759031685453,1253.1153253106477,10132414.550297627,3.2662832349668833,0.0,0.0,0.0,nan,0,nan,0,nan,nan,nan,nan,nan,nan
arrival_rate,20,200,60.0,3.0,10.0,6,48,3d_pos,,644,10.0,102.7358196870036,77.48497162205535,268.7163993721663,450.860949816638,0.9114906832298136,0.08850931677018636,0.0,0.6804569739683421,0.0,23.865555380030962,0.9397776121871295,157690.44006338972,34.0,52.79503105590062,2.857142857142857,0.0,1972.7999999999995,1.9727999999999994,1.9727999999999994,77.62065894567353,1639.2966185387015,1596.2327609768818,74559981.33954272,2.7362416106829244,0.0,0.0,0.0,nan,0,nan,0,nan,nan,nan,nan,nan,nan
arrival_rate,20,200,120.0,6.0,10.0,6,48,spotis,,1215,10.0,105.30378108599041,78.74696819597293,271.7227797657032,468.5489846479595,0.8773662551440329,0.12263374485596712,0.0,0.5710531307729855,0.0,6.19173066951667,0.9528007732866612,158154.47622935945,0.0,0.0,100.0,1.9801980198019802,64.42550495049503,0.06442550495049502,0.06442550495049502,71.7215182777165,1842.0981003428215,1827.1274416536035,149460029.95876977,0.6905181797736158,98.01980198019803,0.0,0.9900990099009901,nan,0,nan,0,12.390969215787312,18.87294858484808,6.505477258547095,24.856341608464604,27.14086034906736,10.233402983285552
arrival_rate,20,200,120.0,6.0,10.0,6,48,fu_serve,,1215,10.0,105.75878734753624,80.40734149887818,261.1676154516917,493.4210916526173,0.8773662551440329,0.12263374485596712,0.0,1.114074074074074,0.0,12.245187654319905,0.9527409051019118,158154.4124098745,0.0,0.0,100.0,0.0,199.59999999999988,0.1995999999999999,0.19959999999999992,75.94258056752179,1278.4411331377364,1321.5279096425124,18522902.216514632,1.5889148796652575,0.0,0.0,0.0,nan,0,nan,0,nan,nan,nan,nan,nan,nan
arrival_rate,20,200,120.0,6.0,10.0,6,48,2dp_fhs,,1215,10.0,110.38162484447594,86.46558877400867,271.89159315796866,487.4981664355754,0.8452674897119341,0.1547325102880659,0.0,1.0352929795440156,0.0,23.27609650915773,0.9819817013175504,158147.28581228902,49.0,40.32921810699588,2.0,0.0,1295.8,1.2958,1.2958,74.48067226201579,1198.2777071559956,1265.6734898227544,20021994.361891046,3.00921340781594,0.0,0.0,0.0,nan,0,nan,0,nan,nan,nan,nan,nan,nan
arrival_rate,20,200,120.0,6.0,10.0,6,48,3d_pos,,1215,10.0,109.66951058550006,84.8954563958757,277.3890786189006,505.10351628646697,0.8633744855967078,0.13662551440329218,0.0,0.6714904652940225,0.0,17.416293471400444,0.973656190049034,158160.15594839733,40.0,32.92181069958848,2.4390243902439024,0.0,1972.7999999999995,1.9727999999999994,1.9727999999999994,73.1849781080336,1693.726124510132,1651.0197612997256,132354011.922437,2.55140851687241,0.0,0.0,0.0,nan,0,nan,0,nan,nan,nan,nan,nan,nan
arrival_rate,20,200,180.0,9.0,10.0,6,48,spotis,,1813,10.0,120.31878651111674,92.63999502643694,334.85107516580206,535.5058805226015,0.7959183673469388,0.20408163265306123,0.0,0.5394398369360529,0.0,6.178286571688281,1.0317092807198296,158627.54709711458,0.0,0.0,100.0,1.9801980198019802,64.42550495049503,0.06442550495049502,0.06442550495049502,71.71886525572666,1842.0981003428215,1827.1274416536035,284008495.38653845,0.6984480950175683,98.01980198019803,0.0,0.0,nan,0,nan,0,14.450859295596999,21.311533182679675,7.584994903526204,20.981249726420117,23.75308131003043,11.91828158174658
arrival_rate,20,200,180.0,9.0,10.0,6,48,fu_serve,,1813,10.0,121.12374381555051,93.99701079351352,328.41113434275184,550.0,0.7937120794263651,0.20628792057363488,0.0,1.0616657473800328,0.0,12.16431494759984,1.047475535608282,158646.10790077617,0.0,0.0,100.0,0.0,199.59999999999988,0.1995999999999999,0.19959999999999992,75.93026227498683,1278.4411331377364,1321.5279096425124,82941740.85779247,1.6253907498375337,0.0,0.0,0.0,nan,0,nan,0,nan,nan,nan,nan,nan,nan
arrival_rate,20,200,180.0,9.0,10.0,6,48,2dp_fhs,,1813,10.0,128.7396366104509,106.38727831602424,345.0469771378719,550.0,0.7457253171538886,0.25427468284611143,0.0,0.9424835865170107,0.0,23.046756186748663,1.094873791098485,158619.05997060103,79.0,43.57418643132929,1.25,0.0,1295.8,1.2958,1.2958,74.91928909453082,1301.968254247678,1350.6466708252153,80409633.37111622,2.903034937309985,0.0,0.0,0.0,nan,0,nan,0,nan,nan,nan,nan,nan,nan
arrival_rate,20,200,180.0,9.0,10.0,6,48,3d_pos,,1813,10.0,122.90440400426208,96.84186126221617,323.4063170299377,550.0,0.7799227799227799,0.22007722007722008,0.0,0.6267137803612509,0.0,12.958077287538702,1.0480902230343052,158620.79018040642,33.0,18.20187534473249,2.9411764705882355,0.0,1972.7999999999995,1.9727999999999994,1.9727999999999994,76.66941861623702,1665.8351581367115,1624.906262897698,185038015.73682576,2.539431171776666,0.0,0.0,0.0,nan,0,nan,0,nan,nan,nan,nan,nan,nan
arrival_rate,20,200,240.0,12.0,10.0,6,48,spotis,,2425,10.0,135.66024120049047,117.26196539451017,390.0599308708347,550.0,0.6437113402061856,0.3562886597938144,0.0,0.4669665163083919,0.0,6.171397049755305,1.1208473256631835,158888.4332803961,0.0,0.0,100.0,2.9702970297029703,64.43825742574255,0.06443825742574255,0.06443825742574255,71.71796767069381,1842.0981003428215,1827.1274416536035,386538124.60253793,0.6928873792470824,97.02970297029702,0.0,0.0,nan,0,nan,0,14.404120218284575,20.52093249609608,7.565045782382105,26.162344842351793,19.436777973246073,11.910778687639368
arrival_rate,20,200,240.0,12.0,10.0,6,48,fu_serve,,2425,10.0,137.50560502241308,122.60468934203139,384.49116386278024,550.0,0.6268041237113402,0.3731958762886598,0.0,0.9283298969072165,0.0,12.122846597937563,1.1544641893334948,158893.5761728228,0.0,0.0,100.0,0.0,199.59999999999988,0.1995999999999999,0.19959999999999992,75.92323263075527,1278.4411331377364,1321.5279096425124,133941726.99629118,1.6359728822313242,0.0,0.0,0.0,nan,0,nan,0,nan,nan,nan,nan,nan,nan
arrival_rate,20,200,240.0,12.0,10.0,6,48,2dp_fhs,,2425,10.0,145.05375768202492,145.88529588680998,424.05829705532193,550.0,0.5802061855670103,0.4197938144329897,0.0,0.7246511320906006,0.0,19.226401566333003,1.2244422916541953,158861.58090939332,85.0,35.05154639175258,1.1627906976744187,0.0,1295.8,1.2958,1.2958,72.46276098779488,1453.3768327606103,1495.3883237337755,239969471.70926526,2.541331607631171,0.0,0.0,0.0,nan,0,nan,0,nan,nan,nan,nan,nan,nan
arrival_rate,20,200,240.0,12.0,10.0,6,48,3d_pos,,2425,10.0,138.87285855110883,124.13298305913756,406.4193038523149,550.0,0.6268041237113402,0.3731958762886598,0.0,0.558940468403714,0.0,12.008507904470777,1.139923941955714,158871.47499680857,37.0,15.257731958762887,2.6315789473684212,0.0,1972.7999999999995,1.9727999999999994,1.9727999999999994,74.5764114916916,1687.7043357389941,1645.9534354720931,218823136.2875953,2.5518814361224833,0.0,0.0,0.0,nan,0,nan,0,nan,nan,nan,nan,nan,nan
arrival_rate,20,200,300.0,15.0,10.0,6,48,spotis,,3028,10.0,147.32943568038345,150.0,496.7489248100413,550.0,0.5293923381770145,0.4706076618229855,0.0,0.4131795068165756,0.0,6.16732615248126,1.1382418936451386,158963.39236054904,0.0,0.0,100.0,1.9801980198019802,64.42550495049503,0.06442550495049502,0.06442550495049502,71.71755064300166,1842.0981003428215,1827.1274416536035,490553034.1894514,0.7459276713668206,98.01980198019803,0.0,0.9900990099009901,nan,0,nan,0,15.737933995156398,23.04208787958444,8.31986723561977,18.090514263998276,21.794145275458625,13.0154513501825
arrival_rate,20,200,300.0,15.0,10.0,6,48,fu_serve,,3028,10.0,149.7718773085128,150.0,478.235840887932,550.0,0.5105680317040951,0.48943196829590485,0.0,0.8040951122853369,0.0,12.098262919128022,1.191318825708744,158980.5695095816,0.0,0.0,100.0,0.0,199.59999999999988,0.1995999999999999,0.19959999999999992,75.9213306910774,1278.4411331377364,1321.5279096425124,167443180.33406383,1.8286385062720414,0.0,0.0,0.0,nan,0,nan,0,nan,nan,nan,nan,nan,nan
arrival_rate,20,200,300.0,15.0,10.0,6,48,2dp_fhs,,3028,10.0,155.2066913022622,150.0,500.8518222829535,550.0,0.4669749009247028,0.5330250990752972,0.0,0.61647152730016,0.0,16.840175602994346,1.2816575893308673,158951.05443634975,85.0,28.071334214002643,1.1627906976744187,0.0,1295.8,1.2958,1.2958,70.35284277373317,1479.6590195717615,1531.906729228456,337373865.37481916,2.513703528908744,0.0,0.0,0.0,nan,0,nan,0,nan,nan,nan,nan,nan,nan
arrival_rate,20,200,300.0,15.0,10.0,6,48,3d_pos,,3028,10.0,151.09518561293126,150.0,482.28933463132154,550.0,0.49834874504623516,0.5016512549537648,0.0,0.47566279547120943,0.0,10.713265704947727,1.200805264033455,158950.80574846236,34.0,11.228533685601057,2.857142857142857,0.0,1972.7999999999995,1.9727999999999994,1.9727999999999994,77.9164270319458,1636.1200783809995,1593.7685701958417,255755602.09326804,2.5939865562461257,0.0,0.0,0.0,nan,0,nan,0,nan,nan,nan,nan,nan,nan
head_failure,20,200,180.0,9.0,10.0,6,48,spotis,5.0,1813,10.0,122.15072749276514,94.35037494427867,343.92333609601735,550.0,0.7865416436845009,0.21345835631549914,0.0,0.5270459729022944,0.0,6.250115434574662,1.0388272531327323,158620.15826800314,1.0,0.5515719801434087,50.0,2.9702970297029703,64.43825742574255,0.06443825742574255,0.06443825742574255,66.60873343900573,1562.7774323433136,1591.4115676022568,326848967.8550917,0.6915649254410571,97.02970297029702,0.0,0.0,1.0,0,82.80473409287842,1,14.65426513075083,20.96281083464408,7.694087003940234,21.314255869610033,23.29148590875595,12.083095252298879
head_failure,20,200,180.0,9.0,10.0,6,48,fu_serve,5.0,1813,10.0,121.06427698602374,93.88358440229095,325.2583403317365,550.0,0.7859900717043574,0.21400992829564258,0.0,0.9743958590509609,0.0,11.275837782843118,1.0355148534654106,158614.3992712241,1.0,0.5515719801434087,50.0,0.0,199.59999999999988,0.1995999999999999,0.19959999999999992,80.82910126713129,1515.0660060757134,1525.9745095933852,88252100.8696663,1.4696303807348838,0.0,0.0,0.0,1.0,0,83.91588425162416,1,nan,nan,nan,nan,nan,nan
head_failure,20,200,180.0,9.0,10.0,6,48,2dp_fhs,5.0,1813,10.0,130.49287035813225,109.63160709984443,352.9829394262851,550.0,0.7247655819084391,0.2752344180915609,0.0,0.8890324397692183,0.0,23.761971215285083,1.1060747074042778,158592.17277056508,88.0,48.53833425261997,1.1235955056179776,0.0,1295.8,1.2958,1.2958,71.84203058343137,1347.8067015758443,1392.7464223542352,125178492.24921526,2.735499237945934,0.0,0.0,0.0,1.0,0,59.45976809480064,1,nan,nan,nan,nan,nan,nan
head_failure,20,200,180.0,9.0,10.0,6,48,3d_pos,5.0,1813,10.0,126.54088745893887,101.02258180765511,341.96170135511545,550.0,0.7606177606177607,0.23938223938223935,0.0,0.606585655285334,0.0,14.6733892567803,1.0623484166360595,158603.769071577,46.0,25.372311086596802,2.127659574468085,0.0,1972.7999999999995,1.9727999999999994,1.9727999999999994,76.34725940766616,1744.3761874557626,1715.5221550005774,204681261.03911647,2.452707196665992,0.0,0.0,0.0,1.0,1,78.14211603402308,1,nan,nan,nan,nan,nan,nan
fog_size,10,100,90.0,9.0,10.0,7,49,spotis,,926,10.0,125.88337471565964,94.90038893434696,367.13857045841,550.0,0.7516198704103672,0.24838012958963285,0.0,0.48596112311015105,0.0,6.0491925647945965,1.0147199831227194,78620.13270226502,0.0,0.0,100.0,2.9702970297029703,60.736059405940594,0.060736059405940596,0.060736059405940596,39.73182611431638,1726.121413074711,1575.3733749740786,191732649.03607696,0.6647694600433475,97.02970297029702,0.0,0.9900990099009901,nan,0,nan,0,8.113335431212345,22.300238702042392,7.933453273535886,32.62911855267603,22.069434196967354,6.954419843565983
fog_size,10,100,90.0,9.0,10.0,7,49,fu_serve,,926,10.0,125.82149951293434,96.64835006045358,352.7739535836506,550.0,0.7332613390928726,0.2667386609071274,0.0,0.6378120037809647,0.0,8.05166267545314,1.0157279860960893,78603.56689657085,0.0,0.0,100.0,0.0,65.5,0.0655,0.0655,81.87588580377056,1655.220189561308,1511.6171135018494,233738920.99541035,0.9043530408745926,0.0,0.0,0.0,nan,0,nan,0,nan,nan,nan,nan,nan,nan
fog_size,10,100,90.0,9.0,10.0,7,49,2dp_fhs,,926,10.0,133.80508282613036,106.43930947912628,403.14052841171656,550.0,0.7041036717062635,0.29589632829373647,0.0,0.8845096816990972,0.0,27.39650731132322,1.0871063267889862,78622.68091907803,58.0,62.634989200863934,1.694915254237288,0.0,369.69999999999976,0.36969999999999975,0.36969999999999975,57.122786239099945,1223.9797759111323,1274.12393712504,116678066.71162543,1.6617217541796125,0.0,0.0,0.0,nan,0,nan,0,nan,nan,nan,nan,nan,nan
fog_size,10,100,90.0,9.0,10.0,7,49,3d_pos,,926,10.0,126.11194590607775,94.92325663176905,367.13857045841,550.0,0.7494600431965442,0.25053995680345575,0.0,0.48531317494600423,0.0,6.443277537796618,1.0173115829141934,78619.90183255405,0.0,0.0,100.0,0.0,547.3000000000003,0.5473000000000003,0.5473000000000003,39.73177975521179,1726.121413074711,1575.3733749740786,192889941.49206188,1.029701250043347,0.0,0.0,0.0,nan,0,nan,0,nan,nan,nan,nan,nan,nan
fog_size,20,200,180.0,9.0,10.0,7,49,spotis,,1749,10.0,123.2706419076869,93.01925715376757,357.0748824222935,550.0,0.7901658090337336,0.20983419096626643,0.0,0.5395029690584751,0.0,6.2159669202689996,1.050081406996509,158217.35561000786,0.0,0.0,100.0,2.9702970297029703,64.43825742574255,0.06443825742574255,0.06443825742574255,85.58076684141218,1311.0122621032483,1277.2534816756333,449582400.00411963,0.7117177785464548,97.02970297029702,0.0,0.9900990099009901,nan,0,nan,0,13.834984327539896,20.69380034989647,7.402408186495187,19.078746462037476,27.533123825476125,11.456936848554854
fog_size,20,200,180.0,9.0,10.0,7,49,fu_serve,,1749,10.0,122.61260186494542,91.61069356437213,338.3921545030043,550.0,0.786735277301315,0.21326472269868502,0.0,0.6597594338297207,0.0,7.659335221746992,1.0464249225066593,158206.02379890785,0.0,0.0,100.0,0.0,199.59999999999988,0.1995999999999999,0.19959999999999992,92.66371461657404,1233.4072520900559,1196.4343573412784,216394548.95112836,1.010242667963925,0.0,0.0,0.0,nan,0,nan,0,nan,nan,nan,nan,nan,nan
fog_size,20,200,180.0,9.0,10.0,7,49,2dp_fhs,,1749,10.0,132.42748742703105,106.12412411459538,394.9346737812286,550.0,0.7301315037164093,0.26986849628359066,0.0,0.8614979274980067,0.0,22.724673263532463,1.1302821097621878,158209.51335970502,80.0,45.740423098913666,1.2345679012345678,0.0,1295.8,1.2958,1.2958,72.00939988022343,1289.1893685495086,1293.3435196784387,181083320.4727294,2.6915377119414,0.0,0.0,0.0,nan,0,nan,0,nan,nan,nan,nan,nan,nan
fog_size,20,200,180.0,9.0,10.0,7,49,3d_pos,,1749,10.0,125.8477253691354,97.3443117654833,348.09590846811744,550.0,0.7764436821040595,0.22355631789594055,0.0,0.572808656325142,0.0,11.490650559467833,1.0678273601433914,158216.25266061342,27.0,15.437392795883362,3.5714285714285716,0.0,1972.7999999999995,1.9727999999999994,1.9727999999999994,77.91296580228762,1337.0676662455342,1285.7493487523589,171487632.3367968,2.3075221365030374,0.0,0.0,0.0,nan,0,nan,0,nan,nan,nan,nan,nan,nan
fog_size,40,400,360.0,9.0,10.0,7,49,spotis,,3537,10.0,119.9645343002425,88.76031636443038,356.8544787154545,550.0,0.820186598812553,0.17981340118744704,0.0,0.5893529864745165,0.0,6.428697449671525,1.051371686688209,315184.17569194,0.0,0.0,100.0,1.9801980198019802,73.72918811881188,0.07372918811881188,0.07372918811881188,96.39842514516963,1540.2693370446298,1439.7436132866255,288546425.82094,0.7932899561242688,98.01980198019803,0.0,0.9900990099009901,nan,0,nan,0,15.261531934012195,22.008818440087403,7.903672892876057,11.873796531805999,30.30929674381271,12.642883457405633
fog_size,40,400,360.0,9.0,10.0,7,49,fu_serve,,3537,10.0,122.61608570427366,92.92235910024971,357.01130579362047,550.0,0.8063330506078598,0.19366694939214024,0.0,1.0165696924648022,0.0,11.267143372835564,1.0732234471719342,315194.9797001919,0.0,0.0,100.0,0.0,692.6999999999998,0.6926999999999999,0.6926999999999999,96.07690191697462,1382.4310557180631,1371.0661676486727,128213957.74879563,2.4110204666282145,0.0,0.0,0.0,nan,0,nan,0,nan,nan,nan,nan,nan,nan
fog_size,40,400,360.0,9.0,10.0,7,49,2dp_fhs,,3537,10.0,132.9476476073132,108.86204308648928,388.9050622774494,550.0,0.7342380548487418,0.26576194515125817,0.0,1.007254199153995,0.0,18.641123269224106,1.1522065867584472,315126.42693466914,77.0,21.769861464517952,1.2820512820512822,0.0,4741.400000000002,4.741400000000002,4.741400000000002,53.60951250551659,1256.8325718988228,1179.1332530331626,112173874.42169613,7.821664322328383,0.0,0.0,0.0,nan,0,nan,0,nan,nan,nan,nan,nan,nan
fog_size,40,400,360.0,9.0,10.0,7,49,3d_pos,,3537,10.0,128.8351445011172,102.11627588435768,376.732839038782,550.0,0.7687305626236924,0.23126943737630756,0.0,0.692101833411745,0.0,13.892615805865105,1.11404125827407,315163.22461010463,57.0,16.11535199321459,1.7241379310344827,0.0,7364.199999999996,7.364199999999996,7.364199999999996,69.04426608683646,1468.3218066350005,1361.8423394030233,208611155.16332158,7.778881270452572,0.0,0.0,0.0,nan,0,nan,0,nan,nan,nan,nan,nan,nan
fog_size,80,800,720.0,9.0,10.0,7,49,spotis,,7089,10.0,120.68146668780047,89.45829008709083,352.52508751687657,550.0,0.7916490337142051,0.20835096628579486,0.0,0.5611147705349799,0.0,6.0212258385103015,1.0444282856118237,631288.2826229458,0.0,0.0,100.0,1.9801980198019802,87.03445544554455,0.08703445544554456,0.08703445544554456,90.65301529736256,1607.819637884737,1524.0753447584145,306572918.2133727,0.8903804553626494,98.01980198019803,0.0,0.9900990099009901,nan,0,nan,0,14.473198426633086,20.237358649058805,6.971121352238391,7.220319877208915,39.08807575798076,12.009925936880048
fog_size,80,800,720.0,9.0,10.0,7,49,fu_serve,,7089,10.0,120.75962827806178,90.80564264777368,354.7739266674719,550.0,0.792213288192975,0.20778671180702502,0.0,0.5871689337349872,0.0,6.679352251183532,1.0424158047673038,631281.1582436655,3.0,0.4231908590774439,25.0,0.0,2499.099999999999,2.499099999999999,2.499099999999999,89.64998522636617,1653.472888847874,1570.4561792485308,369257456.00513804,2.8305434825157763,0.0,0.0,0.0,nan,0,nan,0,nan,nan,nan,nan,nan,nan
fog_size,80,800,720.0,9.0,10.0,7,49,2dp_fhs,,7089,10.0,151.19255341422982,150.0,413.0644857426365,550.0,0.5239102835378756,0.4760897164621244,0.0,0.9500627618105361,0.0,17.16903301525776,1.2884163358552847,630212.1293554588,93.0,13.118916631400761,1.0638297872340425,0.0,18068.0,18.068,18.068,59.55610024090897,1476.6893341301004,1428.681813441209,98151491.49520528,30.003545400262077,0.0,0.0,0.0,nan,0,nan,0,nan,nan,nan,nan,nan,nan
fog_size,80,800,720.0,9.0,10.0,7,49,3d_pos,,7089,10.0,141.48232664638292,135.80611987203372,393.69168883177656,550.0,0.6175765270136832,0.38242347298631685,0.0,0.6597784458160658,0.0,14.092645150818223,1.1922112514435523,630646.4519429121,82.0,11.567216814783468,1.2048192771084338,0.0,28617.999999999996,28.617999999999995,28.617999999999995,69.98387185050373,1712.9571139885968,1632.2850573241228,532307637.1206602,26.057634675914905,0.0,0.0,0.0,nan,0,nan,0,nan,nan,nan,nan,nan,nan
arrival_rate,20,200,60.0,3.0,10.0,7,49,spotis,,602,10.0,101.33239656925285,72.11018339589037,268.8801357734252,484.3045643991865,0.9335548172757475,0.06644518272425248,0.0,0.5848299158548903,0.0,6.270227035276485,0.9296485253602361,157288.60557679113,0.0,0.0,100.0,1.9801980198019802,64.42550495049503,0.06442550495049502,0.06442550495049502,85.58646824632834,1311.0122621032483,1277.2534816756333,127760797.24131233,0.6685671708003486,98.01980198019803,0.0,0.0,nan,0,nan,0,9.624022720864712,14.570493443733993,4.913035002501479,30.845888268708087,32.1012703713471,7.945290192844637
arrival_rate,20,200,60.0,3.0,10.0,7,49,fu_serve,,602,10.0,101.68254129113576,72.36025410909753,269.0165705331747,478.88734191221187,0.9302325581395349,0.06976744186046513,0.0,0.7150401501624857,0.0,7.864171265820266,0.9327929848652798,157288.50717706323,0.0,0.0,100.0,0.0,199.59999999999988,0.1995999999999999,0.19959999999999992,92.6758745732565,1233.4072520900559,1196.4343573412784,64589911.06545158,0.9455893059037674,0.0,0.0,0.0,nan,0,nan,0,nan,nan,nan,nan,nan,nan
arrival_rate,20,200,60.0,3.0,10.0,7,49,2dp_fhs,,602,10.0,103.86492431765217,74.142192560535,265.2794082052561,485.00839613587203,0.9269102990033222,0.07308970099667778,0.0,1.0039840448926955,0.0,18.661898938564452,0.9494806654210907,157295.95331684363,12.0,19.93355481727575,7.6923076923076925,0.0,1295.8,1.2958,1.2958,73.0554628654002,1161.3448280337025,1199.5934381841441,0.0,2.7989365510086683,0.0,0.0,0.0,nan,0,nan,0,nan,nan,nan,nan,nan,nan
arrival_rate,20,200,60.0,3.0,10.0,7,49,3d_pos,,602,10.0,105.12752685187877,76.21228351545805,269.09670257135144,496.14811331013885,0.9235880398671097,0.07641196013289031,0.0,0.6289489959998946,0.0,18.13415832602702,0.9462186902223594,157292.2406973023,20.0,33.222591362126245,4.761904761904762,0.0,1972.7999999999995,1.9727999999999994,1.9727999999999994,79.7938499469326,1322.5928177554908,1272.8167722474818,110191536.55208573,2.336419698404607,0.0,0.0,0.0,nan,0,nan,0,nan,nan,nan,nan,nan,nan
arrival_rate,20,200,120.0,6.0,10.0,7,49,spotis,,1183,10.0,107.96638734946286,80.08205747232189,293.85087942851703,490.2016712860233,0.9019442096365173,0.09805579036348266,0.0,0.5784744571755052,0.0,6.2259910187618175,0.9616201132546449,157792.19176638138,0.0,0.0,100.0,1.9801980198019802,64.42550495049503,0.06442550495049502,0.06442550495049502,85.58208311230523,1311.0122621032483,1277.2534816756333,230420802.5795725,0.6905821571012877,98.01980198019803,0.0,0.9900990099009901,nan,0,nan,0,12.704632567347849,19.50029514005845,6.7323071488934545,21.765007558781594,28.791552164099148,10.506205420819494
arrival_rate,20,200,120.0,6.0,10.0,7,49,fu_serve,,1183,10.0,107.98350841141354,79.01602986757172,285.81736483867894,532.2841007262211,0.8867286559594252,0.11327134404057482,0.0,0.702837035796586,0.0,7.7060214780527225,0.9705835766099251,157784.28527740252,0.0,0.0,100.0,0.0,199.59999999999988,0.1995999999999999,0.19959999999999992,92.66777941641774,1233.4072520900559,1196.4343573412784,167820202.06409267,0.9765306195583056,0.0,0.0,0.0,nan,0,nan,0,nan,nan,nan,nan,nan,nan
arrival_rate,20,200,120.0,6.0,10.0,7,49,2dp_fhs,,1183,10.0,112.92998501904819,85.94507075761283,298.41916429967324,518.7251277426203,0.8596787827557059,0.14032121724429414,0.0,0.9732018933016727,0.0,20.758043841389977,1.0069496632085448,157790.2109130218,40.0,33.8123415046492,2.4390243902439024,0.0,1295.8,1.2958,1.2958,72.73787583068581,1182.0718014167508,1213.5607613406207,28456569.644950815,2.8039957740875354,0.0,0.0,0.0,nan,0,nan,0,nan,nan,nan,nan,nan,nan
arrival_rate,20,200,120.0,6.0,10.0,7,49,3d_pos,,1183,10.0,110.07094318647081,82.91400009591388,290.01143551934194,504.40953519905406,0.8841927303465765,0.11580726965342347,0.0,0.6167009573657705,0.0,12.409581298566097,0.9723535290657345,157783.22489694145,20.0,16.9061707523246,4.761904761904762,0.0,1972.7999999999995,1.9727999999999994,1.9727999999999994,78.73128034411768,1330.4577404877982,1279.5049720826537,132329507.47708143,2.311819547735317,0.0,0.0,0.0,nan,0,nan,0,nan,nan,nan,nan,nan,nan
arrival_rate,20,200,180.0,9.0,10.0,7,49,spotis,,1749,10.0,123.2706419076869,93.01925715376757,357.0748824222935,550.0,0.7901658090337336,0.20983419096626643,0.0,0.5395029690584751,0.0,6.2159669202689996,1.050081406996509,158217.35561000786,0.0,0.0,100.0,2.9702970297029703,64.43825742574255,0.06443825742574255,0.06443825742574255,85.58076684141218,1311.0122621032483,1277.2534816756333,449582400.00411963,0.7117177785464548,97.02970297029702,0.0,0.9900990099009901,nan,0,nan,0,13.834984327539896,20.69380034989647,7.402408186495187,19.078746462037476,27.533123825476125,11.456936848554854
arrival_rate,20,200,180.0,9.0,10.0,7,49,fu_serve,,1749,10.0,122.61260186494542,91.61069356437213,338.3921545030043,550.0,0.786735277301315,0.21326472269868502,0.0,0.6597594338297207,0.0,7.659335221746992,1.0464249225066593,158206.02379890785,0.0,0.0,100.0,0.0,199.59999999999988,0.1995999999999999,0.19959999999999992,92.66371461657404,1233.4072520900559,1196.4343573412784,216394548.95112836,1.010242667963925,0.0,0.0,0.0,nan,0,nan,0,nan,nan,nan,nan,nan,nan
arrival_rate,20,200,180.0,9.0,10.0,7,49,2dp_fhs,,1749,10.0,132.42748742703105,106.12412411459538,394.9346737812286,550.0,0.7301315037164093,0.26986849628359066,0.0,0.8614979274980067,0.0,22.724673263532463,1.1302821097621878,158209.51335970502,80.0,45.740423098913666,1.2345679012345678,0.0,1295.8,1.2958,1.2958,72.00939988022343,1289.1893685495086,1293.3435196784387,181083320.4727294,2.6915377119414,0.0,0.0,0.0,nan,0,nan,0,nan,nan,nan,nan,nan,nan
arrival_rate,20,200,180.0,9.0,10.0,7,49,3d_pos,,1749,10.0,125.8477253691354,97.3443117654833,348.09590846811744,550.0,0.7764436821040595,0.22355631789594055,0.0,0.572808656325142,0.0,11.490650559467833,1.0678273601433914,158216.25266061342,27.0,15.437392795883362,3.5714285714285716,0.0,1972.7999999999995,1.9727999999999994,1.9727999999999994,77.91296580228762,1337.0676662455342,1285.7493487523589,171487632.3367968,2.3075221365030374,0.0,0.0,0.0,nan,0,nan,0,nan,nan,nan,nan,nan,nan
arrival_rate,20,200,240.0,12.0,10.0,7,49,spotis,,2360,10.0,134.83209177858518,110.33031041117125,407.4392063434872,550.0,0.6728813559322034,0.32711864406779656,0.0,0.48660859294008163,0.0,6.208591692811849,1.0693163237865477,158464.21742771173,0.0,0.0,100.0,2.9702970297029703,64.43825742574255,0.06443825742574255,0.06443825742574255,85.5802487365808,1311.0122621032483,1277.2534816756333,284997517.618661,0.7177255047049316,97.02970297029702,0.0,0.0,nan,0,nan,0,14.710305363565896,21.96852766135201,7.918836377439116,19.567742508005583,23.661081657878665,12.173506431758732
arrival_rate,20,200,240.0,12.0,10.0,7,49,fu_serve,,2360,10.0,135.96816873331585,112.93536025823525,395.71124576093257,550.0,0.6614406779661017,0.33855932203389827,0.0,0.598386335596132,0.0,7.6315016679652645,1.0997574384110222,158482.8644668983,0.0,0.0,100.0,0.0,199.59999999999988,0.1995999999999999,0.19959999999999992,92.66262641078715,1233.4072520900559,1196.4343573412784,388880889.5416671,1.0168672722202452,0.0,0.0,0.0,nan,0,nan,0,nan,nan,nan,nan,nan,nan
arrival_rate,20,200,240.0,12.0,10.0,7,49,2dp_fhs,,2360,10.0,145.7612206282107,139.00692078981257,440.6195407653831,550.0,0.5936440677966102,0.40635593220338984,0.0,0.7342752763162846,0.0,20.06869190158471,1.2067458240300717,158456.7940050048,93.0,39.40677966101695,1.0638297872340425,0.0,1295.8,1.2958,1.2958,73.0574092955042,1389.8115433796775,1395.7398985131426,327259630.23748875,2.5064372485515394,0.0,0.0,0.0,nan,0,nan,0,nan,nan,nan,nan,nan,nan
arrival_rate,20,200,240.0,12.0,10.0,7,49,3d_pos,,2360,10.0,139.51699299607662,120.11669962836416,416.1019595206365,550.0,0.6360169491525424,0.36398305084745763,0.0,0.5318121123628661,0.0,10.976506399022286,1.1342338947462771,158468.62818155286,32.0,13.559322033898304,3.0303030303030303,0.0,1972.7999999999995,1.9727999999999994,1.9727999999999994,81.4550077307249,1313.5857456986407,1265.975458858926,223771831.14891228,2.3894574443575634,0.0,0.0,0.0,nan,0,nan,0,nan,nan,nan,nan,nan,nan
arrival_rate,20,200,300.0,15.0,10.0,7,49,spotis,,2971,10.0,147.4697373782069,150.0,458.8607920026901,550.0,0.5331538202625379,0.4668461797374621,0.0,0.41340113454614186,0.0,6.2014198945905825,1.1517240262826223,158590.47396317034,0.0,0.0,100.0,2.9702970297029703,64.43825742574255,0.06443825742574255,0.06443825742574255,85.57996502040385,1311.0122621032483,1277.2534816756333,269534803.09519714,0.7185964646833147,97.02970297029702,0.0,0.0,nan,0,nan,0,15.229822809735158,22.64546296303926,8.235203537323704,20.510158419361186,20.758434966372803,12.620917304167891
arrival_rate,20,200,300.0,15.0,10.0,7,49,fu_serve,,2971,10.0,148.51429128324574,150.0,483.17753700941626,550.0,0.5307977112083474,0.4692022887916526,0.0,0.5200619040395946,0.0,7.611106599168409,1.1627348222649005,158599.77592025042,0.0,0.0,100.0,0.0,199.59999999999988,0.1995999999999999,0.19959999999999992,92.6618415551763,1233.4072520900559,1196.4343573412784,355609743.01629496,1.0229967578708197,0.0,0.0,0.0,nan,0,nan,0,nan,nan,nan,nan,nan,nan
arrival_rate,20,200,300.0,15.0,10.0,7,49,2dp_fhs,,2971,10.0,155.98529233604205,150.0,507.89161123403017,550.0,0.46920228879165266,0.5307977112083473,0.0,0.6038327635924885,0.0,16.743355408780037,1.3003724175078342,158578.86225554463,88.0,29.619656681252103,1.1235955056179776,0.0,1295.8,1.2958,1.2958,71.14220301435427,1430.480337181514,1444.8903687259651,432989942.22456664,2.359717927461279,0.0,0.0,0.0,nan,0,nan,0,nan,nan,nan,nan,nan,nan
arrival_rate,20,200,300.0,15.0,10.0,7,49,3d_pos,,2971,10.0,151.33908469434726,150.0,484.93502980110907,550.0,0.5065634466509593,0.4934365533490407,0.0,0.4366156922564029,0.0,9.523606484149283,1.2156566752249354,158595.7064017522,28.0,9.424436216762032,3.4482758620689653,0.0,1972.7999999999995,1.9727999999999994,1.9727999999999994,79.5003066978255,1332.3731685125247,1283.8871462308305,346860238.75081205,2.314965869899496,0.0,0.0,0.0,nan,0,nan,0,nan,nan,nan,nan,nan,nan
head_failure,20,200,180.0,9.0,10.0,7,49,spotis,5.0,1749,10.0,124.87484688173744,95.20644207847795,342.6086955300753,550.0,0.7712978845054317,0.22870211549456831,0.0,0.5397187971556499,0.0,6.389878468753089,1.045645281931995,158176.71859086497,1.0,0.5717552887364208,50.0,3.9603960396039604,64.45100990099007,0.06445100990099008,0.06445100990099008,86.4407582991279,1505.1348239190288,1516.7058067457554,452248500.7029504,0.7142017172459145,96.03960396039604,0.0,0.9900990099009901,1.0,0,52.296643062690336,0,13.959748385325947,21.008644237018782,7.558962287807555,18.990859500831665,26.90903804368566,11.572747545330401
head_failure,20,200,180.0,9.0,10.0,7,49,fu_serve,5.0,1749,10.0,124.0514947191526,94.67856952498809,335.13315502078217,550.0,0.7672955974842768,0.23270440251572322,0.0,0.7423053204531864,0.0,8.787312072527806,1.0424240024569513,158165.07611683587,1.0,0.5717552887364208,50.0,0.0,199.59999999999988,0.1995999999999999,0.19959999999999992,92.46837351913857,1202.4990336030983,1194.5019544279503,182199782.48022527,1.157537365338798,0.0,0.0,0.0,1.0,0,45.876985444552346,0,nan,nan,nan,nan,nan,nan
head_failure,20,200,180.0,9.0,10.0,7,49,2dp_fhs,5.0,1749,10.0,134.50343152373168,110.50374167186838,397.7388578887688,550.0,0.7152658662092625,0.28473413379073753,0.0,0.8523827132955158,0.0,22.575401709045998,1.1463657820293456,158200.2466988574,79.0,45.16866781017725,1.25,0.0,1295.8,1.2958,1.2958,71.74402951234491,1295.7348662360937,1307.3064895536584,180998024.4443054,2.6769954470887942,0.0,0.0,0.0,1.0,0,59.65294042464235,0,nan,nan,nan,nan,nan,nan
head_failure,20,200,180.0,9.0,10.0,7,49,3d_pos,5.0,1749,10.0,130.76750112452078,103.10490305450848,375.2062221426331,550.0,0.740423098913665,0.259576901086335,0.0,0.5925865909743562,0.0,15.219470670048587,1.0781438806553156,158162.33943098728,50.0,28.58776443682104,1.9607843137254901,0.0,1972.7999999999995,1.9727999999999994,1.9727999999999994,83.7307624386938,1326.0071363747907,1285.8607475394756,220616301.08483928,2.3847395203314186,0.0,0.0,0.0,1.0,0,71.7532164848914,0,nan,nan,nan,nan,nan,nan
fog_size,10,100,90.0,9.0,10.0,8,50,spotis,,893,10.0,124.13922482229454,96.60197516649217,338.29059261930144,550.0,0.7581187010078387,0.24188129899216126,0.0,0.48241881298992156,0.0,6.051010431130832,1.016947235040167,78716.40938796541,0.0,0.0,100.0,2.9702970297029703,60.736059405940594,0.060736059405940596,0.060736059405940596,41.9129753717971,1269.2618645975144,1422.8123598567195,194586182.08848938,0.6712398844650156,97.02970297029702,0.0,0.0,nan,0,nan,0,10.746246481860497,23.193643137792527,8.276689867651092,27.375944390222912,21.242632830437035,9.164843292035943
fog_size,10,100,90.0,9.0,10.0,8,50,fu_serve,,893,10.0,126.50264411846065,99.15953842764847,363.1601460734351,550.0,0.7502799552071668,0.24972004479283316,0.0,0.8714653475265642,0.0,10.922418354661305,1.0335098291775278,78720.38769539216,0.0,0.0,100.0,0.0,65.5,0.0655,0.0655,80.2185133492258,1483.422659966155,1517.5392256150344,76629242.31300469,1.2535433090495887,0.0,0.0,0.0,nan,0,nan,0,nan,nan,nan,nan,nan,nan
fog_size,10,100,90.0,9.0,10.0,8,50,2dp_fhs,,893,10.0,132.5259313762418,110.26447431092646,360.9417969862211,550.0,0.7144456886898096,0.2855543113101904,0.0,0.8033129262766652,0.0,32.16855815463083,1.1011817021831762,78730.49003583608,76.0,85.1063829787234,1.2987012987012987,0.0,369.69999999999976,0.36969999999999975,0.36969999999999975,59.469255915140096,1430.2726944553006,1492.5015688723702,133815567.63420281,1.512735323730118,0.0,0.0,0.0,nan,0,nan,0,nan,nan,nan,nan,nan,nan
fog_size,10,100,90.0,9.0,10.0,8,50,3d_pos,,893,10.0,127.20077717104162,99.15679845353952,363.4666203281006,550.0,0.7402015677491601,0.2597984322508399,0.0,0.5339329437194936,0.0,10.644878311114407,1.034726308736034,78711.89019991772,12.0,13.437849944008958,7.6923076923076925,0.0,547.3000000000003,0.5473000000000003,0.5473000000000003,70.37121668618022,1323.6882117753196,1336.7715707246473,139050097.76898244,1.1584146190084497,0.0,0.0,0.0,nan,0,nan,0,nan,nan,nan,nan,nan,nan
fog_size,20,200,180.0,9.0,10.0,8,50,spotis,,1751,10.0,125.41552026892079,95.08211034357033,383.56954208978686,550.0,0.78697886921759,0.21302113078241003,0.0,0.5705180322536679,0.0,6.585089341296744,1.0690662095598091,158161.66772651172,0.0,0.0,100.0,1.9801980198019802,64.42550495049503,0.06442550495049502,0.06442550495049502,94.10064492430851,2292.236628771781,2445.3640408483598,226944470.81166458,0.7433855844272506,98.01980198019803,0.0,0.0,nan,0,nan,0,15.38707000262122,20.031282699511657,7.5065011899247285,17.989506087426033,26.324073470379954,12.761566550136417
fog_size,20,200,180.0,9.0,10.0,8,50,fu_serve,,1751,10.0,126.16392235377228,97.51364984658562,352.0495855167276,550.0,0.7772701313535123,0.2227298686464877,0.0,0.8691888206763225,0.0,10.175008028163155,1.084567728907863,158164.59116878192,0.0,0.0,100.0,0.0,199.59999999999988,0.1995999999999999,0.19959999999999992,97.08333905907556,2185.9811448599326,2296.3634735276646,119150636.70915534,1.3604565036427823,0.0,0.0,0.0,nan,0,nan,0,nan,nan,nan,nan,nan,nan
fog_size,20,200,180.0,9.0,10.0,8,50,2dp_fhs,,1751,10.0,135.4523182640663,109.40579621119007,398.1117635486879,550.0,0.7201599086236437,0.27984009137635635,0.0,0.8971543458029084,0.0,25.352039303079707,1.1778619642895352,158173.7784267074,93.0,53.11250713877784,1.0638297872340425,0.0,1295.8,1.2958,1.2958,75.31102717271406,2089.4365025843517,2206.3830050734787,169719529.2614575,2.8008614867680923,0.0,0.0,0.0,nan,0,nan,0,nan,nan,nan,nan,nan,nan
fog_size,20,200,180.0,9.0,10.0,8,50,3d_pos,,1751,10.0,134.30286502785998,108.3743539109412,391.90453605359335,550.0,0.7344374643061108,0.2655625356938892,0.0,0.6463990086271518,0.0,18.77069913649613,1.1612032335612117,158181.80184809805,67.0,38.263849229011996,1.4705882352941178,0.0,1972.7999999999995,1.9727999999999994,1.9727999999999994,58.36521144833022,2410.4637241261184,2519.904925641046,250245060.66112664,2.6573024176946705,0.0,0.0,0.0,nan,0,nan,0,nan,nan,nan,nan,nan,nan
fog_size,40,400,360.0,9.0,10.0,8,50,spotis,,3586,10.0,120.75871396305737,89.70606103706035,341.3327175367632,550.0,0.8034021193530396,0.19659788064696038,0.0,0.5507907928851843,0.0,6.059402118442856,1.0667536412837142,315311.0819912607,0.0,0.0,100.0,2.9702970297029703,73.74378217821783,0.07374378217821782,0.07374378217821782,92.21338306449665,1575.0525140377254,1563.6645920297783,352001203.70504767,0.7370356455582491,97.02970297029702,0.0,1.9801980198019802,nan,0,nan,0,15.458535977333984,19.953240490256075,7.025511505884893,15.873501724346042,28.941116265501073,12.748094036677932
fog_size,40,400,360.0,9.0,10.0,8,50,fu_serve,,3586,10.0,121.19199257441383,91.28060235648572,355.64888616172675,550.0,0.8114891243725599,0.18851087562744007,0.0,0.592971897501133,0.0,6.6111261697233905,1.0594107544812708,315320.6500462628,0.0,0.0,100.0,0.0,692.6999999999998,0.6926999999999999,0.6926999999999999,91.16609777570977,1748.1590726029972,1674.7770349281086,297347053.6067287,1.2921368901434827,0.0,0.0,0.0,nan,0,nan,0,nan,nan,nan,nan,nan,nan
fog_size,40,400,360.0,9.0,10.0,8,50,2dp_fhs,,3586,10.0,132.95749644679594,109.41493591215723,383.1272430933484,550.0,0.7163970998326826,0.2836029001673174,0.0,0.8682141926512291,0.0,18.372563717113394,1.1643417402884986,315228.95868152333,96.0,26.770775237032908,1.0309278350515463,0.0,4741.400000000002,4.741400000000002,4.741400000000002,66.0986895485332,1664.114575212622,1632.4446414532692,229966000.1548905,6.696356251893808,0.0,0.0,0.0,nan,0,nan,0,nan,nan,nan,nan,nan,nan
fog_size,40,400,360.0,9.0,10.0,8,50,3d_pos,,3586,10.0,128.08035865395667,99.49492462575705,385.1380014938293,550.0,0.756553262688232,0.24344673731176802,0.0,0.5968554298270973,0.0,11.65497667350043,1.1229007979308376,315284.19461550866,45.0,12.548800892359175,2.1739130434782608,0.0,7364.199999999996,7.364199999999996,7.364199999999996,65.19633703469026,1791.7644778237468,1727.4280478177395,277369083.33786947,6.705706402088631,0.0,0.0,0.0,nan,0,nan,0,nan,nan,nan,nan,nan,nan
fog_size,80,800,720.0,9.0,10.0,8,50,spotis,,7124,10.0,118.86531786968163,88.98006287851024,340.9502742783479,550.0,0.7982874789444132,0.2017125210555868,0.0,0.5858248749004549,0.0,6.28646462828906,1.0258013560932413,631504.4124143834,0.0,0.0,100.0,1.9801980198019802,87.03445544554455,0.08703445544554456,0.08703445544554456,94.31424500067361,1302.041333738024,1230.2343188215707,464397352.88550675,0.9688939830254927,98.01980198019803,0.0,0.0,nan,0,nan,0,12.676534685918247,21.43984952376131,7.232076961772492,8.451224958358546,39.579352076507604,10.6209617936818
fog_size,80,800,720.0,9.0,10.0,8,50,fu_serve,,7124,10.0,123.8806716835694,98.00117267894137,349.31474633535316,550.0,0.7650196518809658,0.23498034811903423,0.0,0.9195917518151184,0.0,10.345171972894962,1.0504356570734796,631395.5544333317,2.0,0.2807411566535654,33.333333333333336,0.0,2499.099999999999,2.499099999999999,2.499099999999999,96.25899089392524,1232.461413687867,1170.2988801019728,133663753.86412579,5.3015622526957795,0.0,0.0,0.0,nan,0,nan,0,nan,nan,nan,nan,nan,nan
fog_size,80,800,720.0,9.0,10.0,8,50,2dp_fhs,,7124,10.0,146.1707056714079,150.0,404.14520134538884,550.0,0.5676586187535093,0.4323413812464907,0.0,0.8847666619679189,0.0,16.27312420614496,1.2204655825998976,630606.2429183152,94.0,13.194834362717575,1.0526315789473684,0.0,18068.0,18.068,18.068,74.37354493314037,1241.67791145512,1182.4476982995761,223772112.2572432,26.156221937425816,0.0,0.0,0.0,nan,0,nan,0,nan,nan,nan,nan,nan,nan
fog_size,80,800,720.0,9.0,10.0,8,50,3d_pos,,7124,10.0,136.71393894271182,124.57729914848467,382.65071957475914,550.0,0.6465468837731612,0.35345311622683884,0.0,0.6113806650186827,0.0,12.637557044176404,1.1388788278618334,630916.3559834127,67.0,9.404828747894442,1.4705882352941178,0.0,28617.999999999996,28.617999999999995,28.617999999999995,77.46382349964205,1288.079822162309,1217.1441839222994,531163518.2157366,24.29379127798385,0.0,0.0,0.0,nan,0,nan,0,nan,nan,nan,nan,nan,nan
arrival_rate,20,200,60.0,3.0,10.0,8,50,spotis,,575,10.0,96.31740425272667,72.10253316904192,265.1135074971602,386.41378148346956,0.9339130434782609,0.06608695652173913,0.0,0.6190169478951976,0.0,6.646694686246583,0.881904614678489,157162.07726782066,0.0,0.0,100.0,1.9801980198019802,64.42550495049503,0.06442550495049502,0.06442550495049502,94.1101596273527,2292.236628771781,2445.3640408483598,71314847.52500951,0.7170861945440039,98.01980198019803,0.0,0.9900990099009901,nan,0,nan,0,11.158781410571772,15.781538838402302,5.3379291904019865,22.953595617655733,35.566086225279264,9.202068717688942
arrival_rate,20,200,60.0,3.0,10.0,8,50,fu_serve,,575,10.0,96.96373658662398,73.15339007794996,265.4612735010521,388.5215773626043,0.9321739130434783,0.0678260869565217,0.0,0.949173822478355,0.0,10.466206712214639,0.8888367957214315,157164.911012245,0.0,0.0,100.0,0.0,199.59999999999988,0.1995999999999999,0.19959999999999992,97.10099700661549,2185.9811448599326,2296.3634735276646,5068125.468325672,1.2728211968228416,0.0,0.0,0.0,nan,0,nan,0,nan,nan,nan,nan,nan,nan
arrival_rate,20,200,60.0,3.0,10.0,8,50,2dp_fhs,,575,10.0,102.2919681391085,79.71567255098222,268.16567806911746,401.5569221684193,0.9130434782608695,0.08695652173913049,0.0,0.9826970650430438,0.0,32.27100451331501,0.9215420733535191,157172.3040782489,41.0,71.30434782608695,2.380952380952381,0.0,1295.8,1.2958,1.2958,67.77570757743095,2012.4053999675327,2135.42580089622,40584396.40697068,2.735991244496782,0.0,0.0,0.0,nan,0,nan,0,nan,nan,nan,nan,nan,nan
arrival_rate,20,200,60.0,3.0,10.0,8,50,3d_pos,,575,10.0,100.27058972997654,76.05680987230734,272.0832338166621,394.843399333674,0.9165217391304348,0.08347826086956522,0.0,0.7107966531220811,0.0,26.55640849426601,0.911212070876453,157168.7032510902,34.0,59.130434782608695,2.857142857142857,0.0,1972.7999999999995,1.9727999999999994,1.9727999999999994,49.73548093758177,2473.0615742031327,2580.7952759971167,46456388.13102568,2.7533719363677234,0.0,0.0,0.0,nan,0,nan,0,nan,nan,nan,nan,nan,nan
arrival_rate,20,200,120.0,6.0,10.0,8,50,spotis,,1195,10.0,110.15673683569844,84.01324932783172,310.2271134390561,482.9721932297051,0.8744769874476988,0.12552301255230125,0.0,0.6028376134425557,0.0,6.599104105749118,0.982837586414394,157715.55976754133,0.0,0.0,100.0,1.9801980198019802,64.42550495049503,0.06442550495049502,0.06442550495049502,94.10488179324854,2292.236628771781,2445.3640408483598,131020118.77951962,0.723636986097703,98.01980198019803,0.0,0.0,nan,0,nan,0,13.729582916221519,18.392472439652195,6.657409758378489,21.15692975830136,28.678096545342115,11.38550858210432
arrival_rate,20,200,120.0,6.0,10.0,8,50,fu_serve,,1195,10.0,110.47375171349647,86.37652924663985,297.6996250537963,470.66484385363833,0.8828451882845189,0.11715481171548114,0.0,0.9319009847969637,0.0,10.241253594504824,0.9971618539083623,157740.50024561165,0.0,0.0,100.0,0.0,199.59999999999988,0.1995999999999999,0.19959999999999992,97.09122264891667,2185.9811448599326,2296.3634735276646,43009982.54795378,1.2993375703593018,0.0,0.0,0.0,nan,0,nan,0,nan,nan,nan,nan,nan,nan
arrival_rate,20,200,120.0,6.0,10.0,8,50,2dp_fhs,,1195,10.0,117.29587367864498,94.0805854497877,314.16594816266166,496.5759894342926,0.8435146443514644,0.1564853556485356,0.0,0.9777674226398398,0.0,28.896379311361624,1.0281731421006357,157724.89301697575,76.0,63.59832635983263,1.2987012987012987,0.0,1295.8,1.2958,1.2958,70.99570896114115,2037.086485206957,2159.2605336609718,78230272.73819704,2.8391117001986124,0.0,0.0,0.0,nan,0,nan,0,nan,nan,nan,nan,nan,nan
arrival_rate,20,200,120.0,6.0,10.0,8,50,3d_pos,,1195,10.0,115.42999093656832,90.96061854045124,318.2922611550809,469.17707484636526,0.8527196652719665,0.14728033472803348,0.0,0.6992253076225821,0.0,21.84885153997541,1.034790037643295,157742.94553809683,57.0,47.69874476987448,1.7241379310344827,0.0,1972.7999999999995,1.9727999999999994,1.9727999999999994,55.45784433392019,2440.7833520565505,2549.187906632352,127878960.74387532,2.6524779584090874,0.0,0.0,0.0,nan,0,nan,0,nan,nan,nan,nan,nan,nan
arrival_rate,20,200,180.0,9.0,10.0,8,50,spotis,,1751,10.0,125.41552026892079,95.08211034357033,383.56954208978686,550.0,0.78697886921759,0.21302113078241003,0.0,0.5705180322536679,0.0,6.585089341296744,1.0690662095598091,158161.66772651172,0.0,0.0,100.0,1.9801980198019802,64.42550495049503,0.06442550495049502,0.06442550495049502,94.10064492430851,2292.236628771781,2445.3640408483598,226944470.81166458,0.7433855844272506,98.01980198019803,0.0,0.0,nan,0,nan,0,15.38707000262122,20.031282699511657,7.5065011899247285,17.989506087426033,26.324073470379954,12.761566550136417
arrival_rate,20,200,180.0,9.0,10.0,8,50,fu_serve,,1751,10.0,126.16392235377228,97.51364984658562,352.0495855167276,550.0,0.7772701313535123,0.2227298686464877,0.0,0.8691888206763225,0.0,10.175008028163155,1.084567728907863,158164.59116878192,0.0,0.0,100.0,0.0,199.59999999999988,0.1995999999999999,0.19959999999999992,97.08333905907556,2185.9811448599326,2296.3634735276646,119150636.70915534,1.3604565036427823,0.0,0.0,0.0,nan,0,nan,0,nan,nan,nan,nan,nan,nan
arrival_rate,20,200,180.0,9.0,10.0,8,50,2dp_fhs,,1751,10.0,135.4523182640663,109.40579621119007,398.1117635486879,550.0,0.7201599086236437,0.27984009137635635,0.0,0.8971543458029084,0.0,25.352039303079707,1.1778619642895352,158173.7784267074,93.0,53.11250713877784,1.0638297872340425,0.0,1295.8,1.2958,1.2958,75.31102717271406,2089.4365025843517,2206.3830050734787,169719529.2614575,2.8008614867680923,0.0,0.0,0.0,nan,0,nan,0,nan,nan,nan,nan,nan,nan
arrival_rate,20,200,180.0,9.0,10.0,8,50,3d_pos,,1751,10.0,134.30286502785998,108.3743539109412,391.90453605359335,550.0,0.7344374643061108,0.2655625356938892,0.0,0.6463990086271518,0.0,18.77069913649613,1.1612032335612117,158181.80184809805,67.0,38.263849229011996,1.4705882352941178,0.0,1972.7999999999995,1.9727999999999994,1.9727999999999994,58.36521144833022,2410.4637241261184,2519.904925641046,250245060.66112664,2.6573024176946705,0.0,0.0,0.0,nan,0,nan,0,nan,nan,nan,nan,nan,nan
arrival_rate,20,200,240.0,12.0,10.0,8,50,spotis,,2384,10.0,138.90897831552505,116.50266169742301,439.08788855138926,550.0,0.6346476510067114,0.3653523489932886,0.0,0.500421190357698,0.0,6.5757970422695236,1.1458058496259786,158422.0987402224,0.0,0.0,100.0,1.9801980198019802,64.42550495049503,0.06442550495049502,0.06442550495049502,94.09845713339101,2292.236628771781,2445.3640408483598,298620457.47349954,0.778598371063825,98.01980198019803,0.0,0.0,nan,0,nan,0,16.488454010098945,21.132892255539332,8.088146224452238,16.758521106771962,23.847794437121888,13.684191966015641
arrival_rate,20,200,240.0,12.0,10.0,8,50,fu_serve,,2384,10.0,141.21180633273107,121.39433627830631,448.166122121219,550.0,0.6161912751677853,0.38380872483221473,0.0,0.7713845054242007,0.0,10.134450047848539,1.1944248138271465,158443.1045412504,0.0,0.0,100.0,0.0,199.59999999999988,0.1995999999999999,0.19959999999999992,97.07874201001812,2185.9811448599326,2296.3634735276646,200610941.1655982,1.4187417815794934,0.0,0.0,0.0,nan,0,nan,0,nan,nan,nan,nan,nan,nan
arrival_rate,20,200,240.0,12.0,10.0,8,50,2dp_fhs,,2384,10.0,148.21547663188073,142.68981753828047,479.5644882918041,550.0,0.5725671140939598,0.4274328859060402,0.0,0.7461223190532091,0.0,20.193126593472087,1.265071623051143,158415.31725520315,89.0,37.33221476510067,1.1111111111111112,0.0,1295.8,1.2958,1.2958,70.26667402447615,2186.335706911454,2301.7902940328427,312226449.40538853,2.7046083145941173,0.0,0.0,0.0,nan,0,nan,0,nan,nan,nan,nan,nan,nan
arrival_rate,20,200,240.0,12.0,10.0,8,50,3d_pos,,2384,10.0,144.96895917390265,137.50230911874746,442.1088032722396,550.0,0.5931208053691275,0.4068791946308725,0.0,0.5831604409008558,0.0,15.886013024246669,1.2227126876159342,158417.41023002722,68.0,28.523489932885905,1.4492753623188406,0.0,1972.7999999999995,1.9727999999999994,1.9727999999999994,58.087856618057984,2371.1895902953665,2478.558241952645,264311787.19842023,2.7019247674812203,0.0,0.0,0.0,nan,0,nan,0,nan,nan,nan,nan,nan,nan
arrival_rate,20,200,300.0,15.0,10.0,8,50,spotis,,3001,10.0,152.43195067105066,150.0,537.7392620197492,550.0,0.5051649450183272,0.4948350549816728,0.0,0.42636777447270174,0.0,6.57126892016184,1.2123249751159815,158526.37915201412,0.0,0.0,100.0,2.9702970297029703,64.43825742574255,0.06443825742574255,0.06443825742574255,94.0981198942121,2292.236628771781,2445.3640408483598,416044577.7673304,0.7830938938467841,97.02970297029702,0.0,0.9900990099009901,nan,0,nan,0,16.79490045789484,21.50458091160206,8.249349565900548,16.701766963599226,22.804015213957157,13.945386887046174
arrival_rate,20,200,300.0,15.0,10.0,8,50,fu_serve,,3001,10.0,152.22180509267974,150.0,518.71612312486,550.0,0.48917027657447515,0.5108297234255248,0.0,0.6639386421310283,0.0,10.113266406271945,1.2465060178750478,158518.36532397888,0.0,0.0,100.0,0.0,199.59999999999988,0.1995999999999999,0.19959999999999992,97.07794249534213,2185.9811448599326,2296.3634735276646,248164430.22333232,1.4422062751897295,0.0,0.0,0.0,nan,0,nan,0,nan,nan,nan,nan,nan,nan
arrival_rate,20,200,300.0,15.0,10.0,8,50,2dp_fhs,,3001,10.0,159.9986428129012,150.0,524.1277032479727,550.0,0.4311896034655115,0.5688103965344885,0.0,0.5995361470183841,0.0,17.489738367479863,1.4030912371537265,158504.09455061523,94.0,31.322892369210262,1.0526315789473684,0.0,1295.8,1.2958,1.2958,69.2247145031154,2218.0364407373436,2336.1528648348904,448085216.0744343,2.402224471740423,0.0,0.0,0.0,nan,0,nan,0,nan,nan,nan,nan,nan,nan
arrival_rate,20,200,300.0,15.0,10.0,8,50,3d_pos,,3001,10.0,157.46100385375908,150.0,515.6883501449698,550.0,0.4485171609463512,0.5514828390536488,0.0,0.4940757857289551,0.0,13.990218873867091,1.350112286702545,158505.74562763996,68.0,22.659113628790404,1.4492753623188406,0.0,1972.7999999999995,1.9727999999999994,1.9727999999999994,55.54386036664282,2414.170760949381,2525.574825637096,341351071.34703016,2.636859557568483,0.0,0.0,0.0,nan,0,nan,0,nan,nan,nan,nan,nan,nan
head_failure,20,200,180.0,9.0,10.0,8,50,spotis,5.0,1751,10.0,126.96481938791003,97.13721415112087,382.09336876425573,550.0,0.7601370645345517,0.23986293546544835,0.0,0.5402684153183683,0.0,6.464440821854859,1.0662628435217856,158107.69033446582,1.0,0.5711022272986864,50.0,2.9702970297029703,64.43825742574255,0.06443825742574255,0.06443825742574255,75.81121731643938,2408.864099028136,2556.708976742832,320310865.55698407,0.7100324304604291,97.02970297029702,0.0,0.0,1.0,0,57.554702180048764,0,14.433605757287909,20.30677825287582,7.748368329337745,18.703189647517082,26.943505738660345,11.864552274321099
head_failure,20,200,180.0,9.0,10.0,8,50,fu_serve,5.0,1751,10.0,126.62246467636655,97.8033032622374,351.0446067432631,550.0,0.7681324957167333,0.23186750428326675,0.0,0.895978709254393,0.0,10.62916760527274,1.0762140857084666,158136.0024350162,1.0,0.5711022272986864,50.0,0.0,199.59999999999988,0.1995999999999999,0.19959999999999992,96.5917530042048,2429.1991322145404,2556.617577221471,103157880.37138079,1.402597697038459,0.0,0.0,0.0,1.0,0,40.21478017940122,0,nan,nan,nan,nan,nan,nan
head_failure,20,200,180.0,9.0,10.0,8,50,2dp_fhs,5.0,1751,10.0,135.702931048498,110.91802663207595,402.0205431311558,550.0,0.7064534551684751,0.29354654483152487,0.0,0.9013997239327828,0.0,24.811609172992615,1.1738649501751057,158140.5654331049,89.0,50.8280982295831,1.1111111111111112,0.0,1295.8,1.2958,1.2958,79.11713924633615,2078.730112358234,2196.9626631679353,177875068.19013667,2.8041876007041937,0.0,0.0,0.0,1.0,1,38.33886230528172,0,nan,nan,nan,nan,nan,nan
head_failure,20,200,180.0,9.0,10.0,8,50,3d_pos,5.0,1751,10.0,133.8188406180324,105.90982881448596,400.5058817284256,550.0,0.7367218732153056,0.2632781267846944,0.0,0.6331235923203696,0.0,15.70501362588016,1.1372204419870362,158155.50885990157,48.0,27.41290691033695,2.0408163265306123,0.0,1972.7999999999995,1.9727999999999994,1.9727999999999994,64.08057774527327,2507.7083545289106,2628.3757158938183,235560653.3832872,2.574869465456164,0.0,0.0,0.0,1.0,1,49.8018161193618,0,nan,nan,nan,nan,nan,nan
fog_size,10,100,90.0,9.0,10.0,9,51,spotis,,884,10.0,114.5881828087831,80.83410321421391,340.133687587375,550.0,0.8133484162895928,0.18665158371040724,0.0,0.5590736344309748,0.0,6.584704167120358,0.9155046039058327,78883.44095869457,0.0,0.0,100.0,2.9702970297029703,60.736059405940594,0.060736059405940596,0.060736059405940596,90.22124781474052,1284.4882875283772,1753.0733316415904,262982659.45334998,0.7180661364770634,97.02970297029702,0.0,0.0,nan,0,nan,0,9.055437298224977,23.69386085176756,6.473403350640726,37.77934047986874,15.388515885421377,7.609442134076623
fog_size,10,100,90.0,9.0,10.0,9,51,fu_serve,,884,10.0,114.58861813844771,80.83410321421391,340.1436764681141,550.0,0.8133484162895928,0.18665158371040724,0.0,0.5590736344309748,0.0,6.589099095296475,0.9155098984431694,78883.44476546692,0.0,0.0,100.0,0.0,65.5,0.0655,0.0655,90.22124696161302,1284.4882875283772,1753.0733316415904,262990192.13834995,0.7219635300660383,0.0,0.0,0.0,nan,0,nan,0,nan,nan,nan,nan,nan,nan
fog_size,10,100,90.0,9.0,10.0,9,51,2dp_fhs,,884,10.0,123.64425063628364,95.87377035785228,350.81006440149054,550.0,0.7613122171945701,0.2386877828054299,0.0,0.6931687012208432,0.0,32.76622313215364,1.0071168344696113,78902.98277808432,84.0,95.02262443438914,1.1764705882352942,0.0,369.69999999999976,0.36969999999999975,0.36969999999999975,64.49860745719396,1573.9853040094665,1975.5961331205224,207084307.06152967,1.4396231147394505,0.0,0.0,0.0,nan,0,nan,0,nan,nan,nan,nan,nan,nan
fog_size,10,100,90.0,9.0,10.0,9,51,3d_pos,,884,10.0,111.42565970712417,80.02709163299792,314.54424158388923,550.0,0.8223981900452488,0.17760180995475117,0.0,0.5178733031674208,0.0,6.464338235293783,0.9071791984476113,78884.7124257577,0.0,0.0,100.0,0.0,547.3000000000003,0.5473000000000003,0.5473000000000003,52.28275084892814,2693.8668801714193,2745.7431054589692,215624216.85293952,1.0236780607039657,0.0,0.0,0.0,nan,0,nan,0,nan,nan,nan,nan,nan,nan
fog_size,20,200,180.0,9.0,10.0,9,51,spotis,,1803,10.0,118.7942145581914,87.65101476430814,350.55127995034013,550.0,0.8047698280643372,0.19523017193566283,0.0,0.5855774246688328,0.0,6.60753607513683,1.0182188736411995,158109.73620790467,0.0,0.0,100.0,3.9603960396039604,64.45100990099007,0.06445100990099008,0.06445100990099008,96.86498095533388,1733.902597901435,1775.633276994911,257973260.7944009,0.7608879216248983,96.03960396039604,0.0,2.9702970297029703,nan,0,nan,0,13.402154958732797,22.77250366485532,7.140618261388314,23.053292874512287,22.594512496335867,11.036917744175405
fog_size,20,200,180.0,9.0,10.0,9,51,fu_serve,,1803,10.0,118.38388595283438,87.0646344401369,339.0316288784784,550.0,0.8069883527454242,0.19301164725457576,0.0,0.584118041679004,0.0,6.6691178333639,1.014827003595505,158108.87391248278,0.0,0.0,100.0,0.0,199.59999999999988,0.1995999999999999,0.19959999999999992,96.86500468081803,1733.902597901435,1775.633276994911,308500929.2993391,0.8720272022399118,0.0,0.0,0.0,nan,0,nan,0,nan,nan,nan,nan,nan,nan
fog_size,20,200,180.0,9.0,10.0,9,51,2dp_fhs,,1803,10.0,129.73624454846086,105.14977833043116,370.97477406644776,550.0,0.7420965058236273,0.2579034941763727,0.0,0.7692353219079554,0.0,22.283053094974214,1.0995830580566686,158103.54275393113,88.0,48.807542983915695,1.1235955056179776,0.0,1295.8,1.2958,1.2958,59.03231849399582,1738.8397247214764,1781.0503976113466,201761649.34607297,2.3438191833726605,0.0,0.0,0.0,nan,0,nan,0,nan,nan,nan,nan,nan,nan
fog_size,20,200,180.0,9.0,10.0,9,51,3d_pos,,1803,10.0,125.86345389312899,97.38086067117813,352.9336141554135,550.0,0.7681641708264004,0.23183582917359957,0.0,0.6027246605859692,0.0,17.14940399742721,1.0605402238907933,158101.14883234008,65.0,36.051026067665006,1.5151515151515151,0.0,1972.7999999999995,1.9727999999999994,1.9727999999999994,61.88522013503408,1722.2685225750135,1749.8403581108103,245571595.2258712,2.378098147530163,0.0,0.0,0.0,nan,0,nan,0,nan,nan,nan,nan,nan,nan
fog_size,40,400,360.0,9.0,10.0,9,51,spotis,,3613,10.0,119.49545784793506,89.46300331085678,343.62017572433973,550.0,0.8145585386105729,0.18544146138942708,0.0,0.5507622731569576,0.0,6.025309374758355,1.0327409297336796,315054.51274418575,0.0,0.0,100.0,1.9801980198019802,73.72918811881188,0.07372918811881188,0.07372918811881188,93.54689771915398,2023.9244648367496,2033.6874000166779,244317383.50806,0.7321213619092757,98.01980198019803,0.0,0.0,nan,0,nan,0,13.494693258423307,21.589172474229436,7.223268134245177,16.45419348685692,30.013954084431642,11.224718561813525
fog_size,40,400,360.0,9.0,10.0,9,51,fu_serve,,3613,10.0,120.25276183428838,89.76296876131862,347.26925864300836,550.0,0.8073623027954608,0.19263769720453916,0.0,0.6171335778423727,0.0,6.916328298653515,1.038868970029695,315045.53697355615,0.0,0.0,100.0,0.0,692.6999999999998,0.6926999999999999,0.6926999999999999,94.74746664358017,1740.0414103860053,1714.0880206828451,347639487.9366444,1.3606343221289492,0.0,0.0,0.0,nan,0,nan,0,nan,nan,nan,nan,nan,nan
fog_size,40,400,360.0,9.0,10.0,9,51,2dp_fhs,,3613,10.0,130.35122088298985,107.89428175235649,374.7930075088329,550.0,0.7353999446443399,0.2646000553556601,0.0,0.7803442247546161,0.0,16.567385720522868,1.116705107458489,314982.2416584967,87.0,24.079712150567396,1.1363636363636365,0.0,4741.400000000002,4.741400000000002,4.741400000000002,56.23881792161167,1677.8853155003046,1660.3669534227008,188187059.22370854,6.029539884919853,0.0,0.0,0.0,nan,0,nan,0,nan,nan,nan,nan,nan,nan
fog_size,40,400,360.0,9.0,10.0,9,51,3d_pos,,3613,10.0,129.51902931556364,104.68609404846063,373.10947693361044,550.0,0.7450871851646831,0.2549128148353169,0.0,0.6159765867767008,0.0,14.776099340043892,1.1068079806084634,314994.6832717775,82.0,22.695820647661222,1.2048192771084338,0.0,7364.199999999996,7.364199999999996,7.364199999999996,75.09549953491307,1772.784685679672,1739.2105729998125,356148039.40843964,6.964009003894649,0.0,0.0,0.0,nan,0,nan,0,nan,nan,nan,nan,nan,nan
fog_size,80,800,720.0,9.0,10.0,9,51,spotis,,7189,10.0,122.90606490640889,93.42541903812807,359.0029806918414,550.0,0.7870357490610655,0.21296425093893445,0.0,0.5823745390228092,0.0,6.3012432482119385,1.0789934147010658,630251.5041694309,0.0,0.0,100.0,1.9801980198019802,87.03445544554455,0.08703445544554456,0.08703445544554456,95.62771238401696,2081.455411314545,2086.43348313158,528783547.4755835,0.9736400157015902,98.01980198019803,0.0,0.0,nan,0,nan,0,14.765028356534138,22.1583793130328,7.731999000245775,7.269075650929452,35.776067054178014,12.299450625079817
fog_size,80,800,720.0,9.0,10.0,9,51,fu_serve,,7189,10.0,125.99360637038927,98.32863525735914,364.70714240422996,550.0,0.7642231186534983,0.23577688134650165,0.0,0.7436012130842699,0.0,8.527055279103767,1.0987536636955715,630183.1120573957,3.0,0.4173042147725692,25.0,0.0,2499.099999999999,2.499099999999999,2.499099999999999,91.41788567350231,2210.987008448021,2211.1432526623557,110490922.9312307,3.8281998884992663,0.0,0.0,0.0,nan,0,nan,0,nan,nan,nan,nan,nan,nan
fog_size,80,800,720.0,9.0,10.0,9,51,2dp_fhs,,7189,10.0,152.30745276622767,150.0,415.5357539567354,550.0,0.5295590485463904,0.47044095145360965,0.0,0.8840247624719438,0.0,16.485661500723985,1.3559806822114853,629308.7778862314,96.0,13.353734872722214,1.0309278350515463,0.0,18068.0,18.068,18.068,64.85807796960582,1884.9768692310367,1867.7560796902815,255159667.43593174,27.722318327637396,0.0,0.0,0.0,nan,0,nan,0,nan,nan,nan,nan,nan,nan
fog_size,80,800,720.0,9.0,10.0,9,51,3d_pos,,7189,10.0,146.9426948542409,147.96316508728768,410.13853187171344,550.0,0.5868688273751564,0.41313117262484356,0.0,0.6931209918718736,0.0,14.784026107771037,1.2795632446408116,629545.0367581919,84.0,11.684518013631937,1.1764705882352942,0.0,28617.999999999996,28.617999999999995,28.617999999999995,62.06241322670352,2229.429609880437,2172.6142799350105,505142265.9299295,27.789806983616884,0.0,0.0,0.0,nan,0,nan,0,nan,nan,nan,nan,nan,nan
arrival_rate,20,200,60.0,3.0,10.0,9,51,spotis,,580,10.0,97.33036078243968,71.04267580440782,290.09763593333173,435.1000770289277,0.9362068965517242,0.06379310344827582,0.0,0.6192552033367027,0.0,6.669423942712566,0.8897545622084491,157115.43734953052,0.0,0.0,100.0,1.9801980198019802,64.42550495049503,0.06442550495049502,0.06442550495049502,96.87682889586125,1733.902597901435,1775.633276994911,66161113.27316904,0.7215964296189474,98.01980198019803,0.0,0.0,nan,0,nan,0,8.887895920483604,15.76203464499651,4.579171903497855,28.626449181510054,34.88561622816896,7.258832121343017
arrival_rate,20,200,60.0,3.0,10.0,9,51,fu_serve,,580,10.0,97.33726105470545,71.04267580440782,290.1143115913073,435.1000770289277,0.9362068965517242,0.06379310344827582,0.0,0.6192552033367027,0.0,6.860894790621237,0.8899590798728818,157115.5484026223,0.0,0.0,100.0,0.0,199.59999999999988,0.1995999999999999,0.19959999999999992,96.87680408916728,1733.902597901435,1775.633276994911,66191533.27316903,0.832756891937583,0.0,0.0,0.0,nan,0,nan,0,nan,nan,nan,nan,nan,nan
arrival_rate,20,200,60.0,3.0,10.0,9,51,2dp_fhs,,580,10.0,98.11809672151111,71.28786277420262,289.56905782719235,435.3064761539898,0.9327586206896552,0.0672413793103448,0.0,0.8069743685308681,0.0,14.601122459764111,0.900850784834713,157119.6608968469,8.0,13.793103448275861,11.11111111111111,0.0,1295.8,1.2958,1.2958,38.71481383544782,1553.2379876051552,1579.6408651954323,2301885.9426829712,2.2643459900391334,0.0,0.0,0.0,nan,0,nan,0,nan,nan,nan,nan,nan,nan
arrival_rate,20,200,60.0,3.0,10.0,9,51,3d_pos,,580,10.0,100.72179683363802,74.32495559336562,292.6339210084139,435.09512816850406,0.9327586206896552,0.0672413793103448,0.0,0.62249099606029,0.0,24.925620400566252,0.9080395446386605,157123.55001590084,34.0,58.62068965517241,2.857142857142857,0.0,1972.7999999999995,1.9727999999999994,1.9727999999999994,60.339781164028864,1646.3924463507535,1668.8550492769618,52262847.05232485,2.3606922460243456,0.0,0.0,0.0,nan,0,nan,0,nan,nan,nan,nan,nan,nan
arrival_rate,20,200,120.0,6.0,10.0,9,51,spotis,,1188,10.0,103.55534089925521,74.09597713010152,305.23246036482675,500.7621313596586,0.9090909090909091,0.09090909090909094,0.0,0.6173954748921535,0.0,6.622720987691443,0.9184680949980356,157624.2461648492,0.0,0.0,100.0,1.9801980198019802,64.42550495049503,0.06442550495049502,0.06442550495049502,96.86861163107717,1733.902597901435,1775.633276994911,154951936.78897154,0.728360580060388,98.01980198019803,0.0,0.9900990099009901,nan,0,nan,0,11.278266113422804,19.290133224576493,5.969618330785933,27.955089473387414,26.240440828461466,9.266452029365889
arrival_rate,20,200,120.0,6.0,10.0,9,51,fu_serve,,1188,10.0,103.5624854220197,74.09597713010152,305.23246036482675,500.7621313596586,0.9090909090909091,0.09090909090909094,0.0,0.6173954748921535,0.0,6.716200021182219,0.9185709219348754,157624.35721794097,0.0,0.0,100.0,0.0,199.59999999999988,0.1995999999999999,0.19959999999999992,96.86858691966825,1733.902597901435,1775.633276994911,155040067.84897175,0.8395210423790235,0.0,0.0,0.0,nan,0,nan,0,nan,nan,nan,nan,nan,nan
arrival_rate,20,200,120.0,6.0,10.0,9,51,2dp_fhs,,1188,10.0,107.52821767039164,80.35140111595668,306.862908476466,483.50686689438504,0.8880471380471381,0.11195286195286192,0.0,0.802295290736149,0.0,19.712426334654626,0.9522586965694465,157636.9335471321,45.0,37.878787878787875,2.1739130434782608,0.0,1295.8,1.2958,1.2958,45.401721271906666,1590.2796044413833,1620.7857526331316,66731558.183771916,2.2700162030560023,0.0,0.0,0.0,nan,0,nan,0,nan,nan,nan,nan,nan,nan
arrival_rate,20,200,120.0,6.0,10.0,9,51,3d_pos,,1188,10.0,109.61711933623548,82.17089408583567,311.50498549992307,483.1893782757291,0.8838383838383839,0.11616161616161613,0.0,0.6375874751626921,0.0,22.19201123057429,0.9628194372273788,157643.26103134005,63.0,53.03030303030303,1.5625,0.0,1972.7999999999995,1.9727999999999994,1.9727999999999994,62.415088370398486,1630.2519618364875,1653.8515083699344,133327963.67388663,2.370789789565176,0.0,0.0,0.0,nan,0,nan,0,nan,nan,nan,nan,nan,nan
arrival_rate,20,200,180.0,9.0,10.0,9,51,spotis,,1803,10.0,118.7942145581914,87.65101476430814,350.55127995034013,550.0,0.8047698280643372,0.19523017193566283,0.0,0.5855774246688328,0.0,6.60753607513683,1.0182188736411995,158109.73620790467,0.0,0.0,100.0,3.9603960396039604,64.45100990099007,0.06445100990099008,0.06445100990099008,96.86498095533388,1733.902597901435,1775.633276994911,257973260.7944009,0.7608879216248983,96.03960396039604,0.0,2.9702970297029703,nan,0,nan,0,13.402154958732797,22.77250366485532,7.140618261388314,23.053292874512287,22.594512496335867,11.036917744175405
arrival_rate,20,200,180.0,9.0,10.0,9,51,fu_serve,,1803,10.0,118.38388595283438,87.0646344401369,339.0316288784784,550.0,0.8069883527454242,0.19301164725457576,0.0,0.584118041679004,0.0,6.6691178333639,1.014827003595505,158108.87391248278,0.0,0.0,100.0,0.0,199.59999999999988,0.1995999999999999,0.19959999999999992,96.86500468081803,1733.902597901435,1775.633276994911,308500929.2993391,0.8720272022399118,0.0,0.0,0.0,nan,0,nan,0,nan,nan,nan,nan,nan,nan
arrival_rate,20,200,180.0,9.0,10.0,9,51,2dp_fhs,,1803,10.0,129.73624454846086,105.14977833043116,370.97477406644776,550.0,0.7420965058236273,0.2579034941763727,0.0,0.7692353219079554,0.0,22.283053094974214,1.0995830580566686,158103.54275393113,88.0,48.807542983915695,1.1235955056179776,0.0,1295.8,1.2958,1.2958,59.03231849399582,1738.8397247214764,1781.0503976113466,201761649.34607297,2.3438191833726605,0.0,0.0,0.0,nan,0,nan,0,nan,nan,nan,nan,nan,nan
arrival_rate,20,200,180.0,9.0,10.0,9,51,3d_pos,,1803,10.0,125.86345389312899,97.38086067117813,352.9336141554135,550.0,0.7681641708264004,0.23183582917359957,0.0,0.6027246605859692,0.0,17.14940399742721,1.0605402238907933,158101.14883234008,65.0,36.051026067665006,1.5151515151515151,0.0,1972.7999999999995,1.9727999999999994,1.9727999999999994,61.88522013503408,1722.2685225750135,1749.8403581108103,245571595.2258712,2.378098147530163,0.0,0.0,0.0,nan,0,nan,0,nan,nan,nan,nan,nan,nan
arrival_rate,20,200,240.0,12.0,10.0,9,51,spotis,,2440,10.0,137.0573485193821,116.45282560921939,413.45045340691223,550.0,0.6512295081967213,0.3487704918032787,0.0,0.5152000257268469,0.0,6.598480303787728,1.107860043759387,158392.69023178497,0.0,0.0,100.0,2.9702970297029703,64.43825742574255,0.06443825742574255,0.06443825742574255,96.86344153009462,1733.902597901435,1775.633276994911,269485640.6463699,0.7642327735155005,97.02970297029702,0.0,1.9801980198019802,nan,0,nan,0,13.908906907894899,22.93310567026027,7.463321437093823,24.019165169644445,20.219621786878086,11.45587902822847
arrival_rate,20,200,240.0,12.0,10.0,9,51,fu_serve,,2440,10.0,135.49694146343987,114.6560716678633,407.0717356282857,550.0,0.6594262295081967,0.34057377049180326,0.0,0.5106168753148341,0.0,6.64398952548248,1.0758222283646148,158363.29858768996,0.0,0.0,100.0,0.0,199.59999999999988,0.1995999999999999,0.19959999999999992,96.86386685921987,1733.902597901435,1775.633276994911,344142899.8725744,0.8753826449823248,0.0,0.0,0.0,nan,0,nan,0,nan,nan,nan,nan,nan,nan
arrival_rate,20,200,240.0,12.0,10.0,9,51,2dp_fhs,,2440,10.0,145.9297754795366,147.81479091343263,426.636242194107,550.0,0.5811475409836065,0.41885245901639345,0.0,0.709073357565646,0.0,18.715815066766492,1.225694943860922,158370.33605264613,86.0,35.24590163934426,1.1494252873563218,0.0,1295.8,1.2958,1.2958,66.79379104078667,1894.4549865439703,1947.8890468294321,329569013.88378924,2.443621703178052,0.0,0.0,0.0,nan,0,nan,0,nan,nan,nan,nan,nan,nan
arrival_rate,20,200,240.0,12.0,10.0,9,51,3d_pos,,2440,10.0,142.17128036194887,133.05597479335864,439.9222026029403,550.0,0.6122950819672132,0.38770491803278684,0.0,0.5233074042733662,0.0,13.157676674960502,1.162374836693728,158368.88862827176,54.0,22.131147540983605,1.8181818181818181,0.0,1972.7999999999995,1.9727999999999994,1.9727999999999994,64.91669872093378,1657.2462491038148,1682.8958614477938,250447283.1550255,2.3584670175285223,0.0,0.0,0.0,nan,0,nan,0,nan,nan,nan,nan,nan,nan
arrival_rate,20,200,300.0,15.0,10.0,9,51,spotis,,3027,10.0,148.57852052722595,150.0,504.81644553391396,550.0,0.533201189296333,0.466798810703667,0.0,0.44093506935183974,0.0,6.593552417063864,1.139602048402839,158471.6183283735,0.0,0.0,100.0,2.9702970297029703,64.43825742574255,0.06443825742574255,0.06443825742574255,96.86314190661886,1733.902597901435,1775.633276994911,381871058.41714424,0.8157351464191201,97.02970297029702,0.0,1.9801980198019802,nan,0,nan,0,15.629579806498894,25.68355650360247,8.383711073466952,18.15276786831581,19.290807632830976,12.859577115284898
arrival_rate,20,200,300.0,15.0,10.0,9,51,fu_serve,,3027,10.0,148.5603556457266,150.0,502.34616242914564,550.0,0.5335315493888338,0.46646845061116615,0.0,0.44115238579804567,0.0,6.630236427944328,1.1392523352081545,158472.19314361247,0.0,0.0,100.0,0.0,199.59999999999988,0.1995999999999999,0.19959999999999992,96.86312183165872,1733.902597901435,1775.633276994911,319949996.56379116,0.9268850178859442,0.0,0.0,0.0,nan,0,nan,0,nan,nan,nan,nan,nan,nan
arrival_rate,20,200,300.0,15.0,10.0,9,51,2dp_fhs,,3027,10.0,156.14640225655995,150.0,500.35502774058403,550.0,0.4773703336636934,0.5226296663363066,0.0,0.5694288285197842,0.0,16.075675445798293,1.2578891123877016,158449.95038965158,87.0,28.74132804757185,1.1363636363636365,0.0,1295.8,1.2958,1.2958,65.20989617352333,1946.7854672548035,2004.933227464615,308985324.5884029,2.248055936560777,0.0,0.0,0.0,nan,0,nan,0,nan,nan,nan,nan,nan,nan
arrival_rate,20,200,300.0,15.0,10.0,9,51,3d_pos,,3027,10.0,153.52232447206848,150.0,498.7994095371297,550.0,0.4909150974562273,0.5090849025437727,0.0,0.46360991176834254,0.0,12.7515234178666,1.2236145544313568,158450.59185013632,63.0,20.81268582755203,1.5625,0.0,1972.7999999999995,1.9727999999999994,1.9727999999999994,67.78028874059245,1693.8369207743642,1721.7521445592968,317249322.12557316,2.4365723157108348,0.0,0.0,0.0,nan,0,nan,0,nan,nan,nan,nan,nan,nan
head_failure,20,200,180.0,9.0,10.0,9,51,spotis,5.0,1803,10.0,120.64489957763992,88.8161771075322,350.80083619536373,550.0,0.7892401552967276,0.21075984470327236,0.0,0.5747833569670407,0.0,6.652199728932678,1.0137452908049533,158074.86017106674,1.0,0.5546311702717692,50.0,4.9504950495049505,64.46376237623758,0.06446376237623758,0.06446376237623758,80.78413323796399,2051.9799148669363,2112.3598277558913,275278841.49261314,0.7480677923055283,95.04950495049505,0.0,2.9702970297029703,1.0,0,15.832804411229915,0,11.57542416761077,23.184324461624968,7.362650521197439,23.467768881402588,24.6999836788221,9.709848289342144
head_failure,20,200,180.0,9.0,10.0,9,51,fu_serve,5.0,1803,10.0,121.26642008488959,89.64849562493438,358.53098016580026,550.0,0.7875762617859123,0.21242373821408767,0.0,0.6514124089009808,0.0,7.572752280956565,1.0238096116147162,158086.11027074422,1.0,0.5546311702717692,50.0,0.0,199.59999999999988,0.1995999999999999,0.19959999999999992,86.39808450925422,1650.2782464594527,1685.7966313398208,197126953.03380588,0.975473233611419,0.0,0.0,0.0,1.0,0,42.306919005682005,0,nan,nan,nan,nan,nan,nan
head_failure,20,200,180.0,9.0,10.0,9,51,2dp_fhs,5.0,1803,10.0,129.43263246709702,103.78378914122699,377.0390210512792,550.0,0.7409872434830838,0.25901275651691624,0.0,0.7382958171589254,0.0,21.82614618480949,1.0952826141895893,158095.59819480858,87.0,48.25291181364393,1.1363636363636365,0.0,1295.8,1.2958,1.2958,59.991150167721294,1742.166176411724,1781.2470959355942,223668406.83335677,2.257566859574216,0.0,0.0,0.0,1.0,0,35.22509081391374,2,nan,nan,nan,nan,nan,nan
head_failure,20,200,180.0,9.0,10.0,9,51,3d_pos,5.0,1803,10.0,125.97799867103635,97.05910286863606,369.03758529591784,550.0,0.764281752634498,0.23571824736550195,0.0,0.5753555329599124,0.0,14.90188131363738,1.0598719046176923,158092.8041068145,51.0,28.286189683860233,1.9230769230769231,0.0,1972.7999999999995,1.9727999999999994,1.9727999999999994,58.15709309011572,2182.922359294203,2236.868200865775,272282040.6983211,2.291385806515087,0.0,0.0,0.0,1.0,0,20.82315467617245,1,nan,nan,nan,nan,nan,nan
fog_size,10,100,90.0,9.0,10.0,10,52,spotis,,938,10.0,116.22154805823597,91.24829918757432,296.57895004932277,550.0,0.7590618336886994,0.2409381663113006,0.0,0.4938166311300639,0.0,6.048572942430519,0.9613296643364493,78598.35431501917,0.0,0.0,100.0,3.9603960396039604,60.74807920792079,0.06074807920792079,0.06074807920792079,54.921551469798004,2161.6395967043622,2412.5247672334503,193968097.4113237,0.6513076378229082,96.03960396039604,0.0,0.0,nan,0,nan,0,13.640410530029984,18.934152378586916,6.263914960595304,33.54188799172441,16.28867608100139,11.330958058061992
fog_size,10,100,90.0,9.0,10.0,10,52,fu_serve,,938,10.0,116.03061011253463,90.79874891130558,308.0953341878091,550.0,0.7654584221748401,0.23454157782515994,0.0,0.5838934885995885,0.0,7.091986030885392,0.9555482971383737,78599.97127135698,0.0,0.0,100.0,0.0,65.5,0.0655,0.0655,89.22506264160353,1867.3351179976532,1715.1872931411458,179051608.9467764,0.7696241446056721,0.0,0.0,0.0,nan,0,nan,0,nan,nan,nan,nan,nan,nan
fog_size,10,100,90.0,9.0,10.0,10,52,2dp_fhs,,938,10.0,125.27540086642242,102.52552694562311,334.4910867702433,550.0,0.7228144989339019,0.2771855010660981,0.0,0.7861713291980116,0.0,30.912782660198694,1.0253502042729405,78609.07503250867,77.0,82.08955223880596,1.2820512820512822,0.0,369.69999999999976,0.36969999999999975,0.36969999999999975,69.61214334125809,1898.5680393325672,1807.0974334260306,145152565.9526841,1.3808553714302065,0.0,0.0,0.0,nan,0,nan,0,nan,nan,nan,nan,nan,nan
fog_size,10,100,90.0,9.0,10.0,10,52,3d_pos,,938,10.0,119.32464859741341,93.63798519762764,292.36836332230166,550.0,0.746268656716418,0.25373134328358204,0.0,0.588387733998209,0.0,11.639505074369803,0.9753798261319349,78596.65347230398,15.0,15.991471215351812,6.25,0.0,547.3000000000003,0.5473000000000003,0.5473000000000003,83.65723252545224,1865.9982540450035,1724.3073391601858,174260298.39953548,1.1917301489176853,0.0,0.0,0.0,nan,0,nan,0,nan,nan,nan,nan,nan,nan
fog_size,20,200,180.0,9.0,10.0,10,52,spotis,,1867,10.0,112.64629041221974,85.94042127196788,294.40797665253746,550.0,0.8018211033743974,0.19817889662560262,0.0,0.5296197107659345,0.0,6.025880728440973,0.9395391436833267,157688.6319301971,0.0,0.0,100.0,1.9801980198019802,64.42550495049503,0.06442550495049502,0.06442550495049502,85.08810532767745,1732.5166373663587,1595.7298472019147,331497676.0677409,0.6813735811174539,98.01980198019803,0.0,0.0,nan,0,nan,0,13.824234843938507,20.788102000620224,6.935714640882316,24.01599388306809,22.98512082038033,11.450833811110531
fog_size,20,200,180.0,9.0,10.0,10,52,fu_serve,,1867,10.0,114.58924552972675,88.7596653190279,305.5424395056764,550.0,0.7959292983395823,0.20407070166041774,0.0,1.060846277450455,0.0,12.156348687733509,0.9492633175571534,157692.74712199304,0.0,0.0,100.0,0.0,199.59999999999988,0.1995999999999999,0.19959999999999992,72.6123669241646,1588.9422213698924,1414.9424276493812,27225204.058463074,1.6612717605132394,0.0,0.0,0.0,nan,0,nan,0,nan,nan,nan,nan,nan,nan
fog_size,20,200,180.0,9.0,10.0,10,52,2dp_fhs,,1867,10.0,122.42138392654014,102.53378153253223,307.74802190561707,550.0,0.7455811462238886,0.2544188537761114,0.0,0.7941194345352348,0.0,22.195651741471075,1.0105555036864424,157688.8350932347,88.0,47.134440278521694,1.1235955056179776,0.0,1295.8,1.2958,1.2958,62.1907818982111,1641.5032113179184,1483.2915992898822,119121571.7457116,2.4654329921068476,0.0,0.0,0.0,nan,0,nan,0,nan,nan,nan,nan,nan,nan
fog_size,20,200,180.0,9.0,10.0,10,52,3d_pos,,1867,10.0,116.49370459254567,91.62950343283649,303.11148417126515,549.2807297485701,0.7846813069094805,0.21531869309051954,0.0,0.6312721463876608,0.0,11.354227292572157,0.9744026762997797,157709.6417528823,23.0,12.319228709159079,4.166666666666667,0.0,1972.7999999999995,1.9727999999999994,1.9727999999999994,48.85701021964198,1552.1121132569883,1382.7379621343123,145898920.13402644,2.535321657419648,0.0,0.0,0.0,nan,0,nan,0,nan,nan,nan,nan,nan,nan
fog_size,40,400,360.0,9.0,10.0,10,52,spotis,,3621,10.0,112.38096854946434,85.14521325129998,298.2258324475904,547.4013305644169,0.8213200773267053,0.1786799226732947,0.0,0.6003978504623849,0.0,6.525901692938492,0.9684481609474506,314993.41881124,0.0,0.0,100.0,1.9801980198019802,73.72918811881188,0.07372918811881188,0.07372918811881188,98.19443726020279,1784.7190713988248,1624.0341365744132,416859813.4358732,0.8123815667056242,98.01980198019803,0.0,0.9900990099009901,nan,0,nan,0,13.936826138471089,22.364970841868566,7.103683527985356,17.083287631009796,27.97594337723041,11.535288483434789
fog_size,40,400,360.0,9.0,10.0,10,52,fu_serve,,3621,10.0,112.7019135044717,84.96264600026792,295.22023602881296,549.2292561748158,0.8210439105219552,0.17895608947804476,0.0,0.6304283596459083,0.0,7.225218027628971,0.960754036499015,314969.5757310938,3.0,0.8285004142502072,25.0,0.0,692.6999999999998,0.6926999999999999,0.6926999999999999,89.62096201631583,1910.8026115904775,1928.449453654614,302580347.2279253,1.387613786567872,0.0,0.0,0.0,nan,0,nan,0,nan,nan,nan,nan,nan,nan
fog_size,40,400,360.0,9.0,10.0,10,52,2dp_fhs,,3621,10.0,124.86043762626282,103.93426033141934,331.7439071381623,550.0,0.735984534658934,0.264015465341066,0.0,0.8507128273912379,0.0,17.575942686827545,1.0522432278348055,314917.48218276206,90.0,24.855012427506214,1.098901098901099,0.0,4741.400000000002,4.741400000000002,4.741400000000002,71.2439618730992,1424.211230157758,1303.9242930716512,146202595.97354975,6.58881487314307,0.0,0.0,0.0,nan,0,nan,0,nan,nan,nan,nan,nan,nan
fog_size,40,400,360.0,9.0,10.0,10,52,3d_pos,,3621,10.0,120.78176140311852,96.86159686403029,327.666958175977,549.334514476883,0.7702292184479426,0.22977078155205743,0.0,0.6405478938227833,0.0,13.227441758568874,1.0216864117338724,314962.73738290806,59.0,16.293841480254073,1.6666666666666667,0.0,7364.199999999996,7.364199999999996,7.364199999999996,64.46144404192346,1456.3109854892161,1314.5892016617272,264135688.2391311,7.212610047048075,0.0,0.0,0.0,nan,0,nan,0,nan,nan,nan,nan,nan,nan
fog_size,80,800,720.0,9.0,10.0,10,52,spotis,,7169,10.0,120.15757239561061,92.49927153111881,342.73745048016156,550.0,0.7892314130283163,0.21076858697168366,0.0,0.5701911668502636,0.0,6.114256785624833,1.0444672444871006,630214.5985464947,0.0,0.0,100.0,1.9801980198019802,87.03445544554455,0.08703445544554456,0.08703445544554456,97.76630792523811,2063.089539887848,1939.1209825221376,404202910.29156524,0.9244266262371539,98.01980198019803,0.0,0.9900990099009901,nan,0,nan,0,15.376773361927823,21.1496101864712,7.18641782203451,7.40082836574604,36.21078490635728,12.675585357463154
fog_size,80,800,720.0,9.0,10.0,10,52,fu_serve,,7169,10.0,120.51709187905695,93.1569573898856,342.46120211345647,550.0,0.7869995815315943,0.21300041846840567,0.0,0.6153840033275844,0.0,6.853254305934434,1.0481646237424522,630218.7476843417,0.0,0.0,100.0,0.0,2499.099999999999,2.499099999999999,2.499099999999999,93.1217390230343,1367.8649512264624,1321.858569058674,358605985.70398116,3.008472906770881,0.0,0.0,0.0,nan,0,nan,0,nan,nan,nan,nan,nan,nan
fog_size,80,800,720.0,9.0,10.0,10,52,2dp_fhs,,7169,10.0,150.32186694937926,150.0,417.5039496486569,550.0,0.5336867066536477,0.4663132933463523,0.0,0.9264440141541679,0.0,16.941647134709715,1.286024783584126,629225.3336991796,97.0,13.53047844887711,1.0204081632653061,0.0,18068.0,18.068,18.068,58.225632320320344,1306.1410327464394,1242.7387779162457,137248192.9693409,29.26681338252467,0.0,0.0,0.0,nan,0,nan,0,nan,nan,nan,nan,nan,nan
fog_size,80,800,720.0,9.0,10.0,10,52,3d_pos,,7169,10.0,137.72959514635363,126.88009439272285,382.8013380899963,550.0,0.6436044078672061,0.3563955921327939,0.0,0.6001999824933177,0.0,12.54580389576485,1.1667033059486926,629688.1719308341,68.0,9.48528386106849,1.4492753623188406,0.0,28617.999999999996,28.617999999999995,28.617999999999995,68.62029501200965,1890.1589700236116,1774.3042812911167,333929001.47742826,23.842305591371122,0.0,0.0,0.0,nan,0,nan,0,nan,nan,nan,nan,nan,nan
arrival_rate,20,200,60.0,3.0,10.0,10,52,spotis,,633,10.0,93.1765211252854,66.16042967122281,246.14869999961027,461.1007927457927,0.9368088467614534,0.06319115323854663,0.0,0.5677725118483412,0.0,6.07633383886195,0.8324099190168013,156775.7609140801,0.0,0.0,100.0,1.9801980198019802,64.42550495049503,0.06442550495049502,0.06442550495049502,85.09453705352453,1732.5166373663587,1595.7298472019147,136468068.80670136,0.6561528543598036,98.01980198019803,0.0,0.9900990099009901,nan,0,nan,0,9.870763203050311,15.955518083816933,4.830443184714223,26.342521885094435,34.863941924080265,8.136811719243838
arrival_rate,20,200,60.0,3.0,10.0,10,52,fu_serve,,633,10.0,93.43985495429418,66.74090998511417,246.62055500007938,458.6596110746568,0.9383886255924171,0.06161137440758291,0.0,1.134597156398104,0.0,12.461142180093715,0.8383439227195636,156780.11812219853,0.0,0.0,100.0,0.0,199.59999999999988,0.1995999999999999,0.19959999999999992,72.6240809278158,1588.9422213698924,1414.9424276493812,0.0,1.5385393580635742,0.0,0.0,0.0,nan,0,nan,0,nan,nan,nan,nan,nan,nan
arrival_rate,20,200,60.0,3.0,10.0,10,52,2dp_fhs,,633,10.0,96.63032340717368,69.87177771908293,250.42384886750918,453.70342548084926,0.919431279620853,0.08056872037914697,0.0,0.71880211201548,0.0,23.65758999175991,0.8625038304218188,156784.11906140862,34.0,53.712480252764614,2.857142857142857,0.0,1295.8,1.2958,1.2958,50.37052489797662,1541.3188059633983,1374.5472351614205,24916878.56932637,2.0038165784725934,0.0,0.0,0.0,nan,0,nan,0,nan,nan,nan,nan,nan,nan
arrival_rate,20,200,60.0,3.0,10.0,10,52,3d_pos,,633,10.0,94.19880979567638,67.78047788538632,246.03349376470584,457.9667867164657,0.9320695102685624,0.06793048973143756,0.0,0.6976609796803621,0.0,16.07050825285444,0.845489212940713,156780.98046773818,14.0,22.11690363349131,6.666666666666667,0.0,1972.7999999999995,1.9727999999999994,1.9727999999999994,49.292291660696655,1541.9858088945218,1371.0099782478192,28422785.896086738,2.567788142626408,0.0,0.0,0.0,nan,0,nan,0,nan,nan,nan,nan,nan,nan
arrival_rate,20,200,120.0,6.0,10.0,10,52,spotis,,1237,10.0,100.04611708996353,73.1911166297452,257.93910664478085,492.8132760097156,0.8932902182700081,0.1067097817299919,0.0,0.5529506871463218,0.0,6.039061697655181,0.876514988879449,157250.69089481494,0.0,0.0,100.0,1.9801980198019802,64.42550495049503,0.06442550495049502,0.06442550495049502,85.08950425643917,1732.5166373663587,1595.7298472019147,230063108.82254615,0.6848850064492595,98.01980198019803,0.0,0.9900990099009901,nan,0,nan,0,12.582944767035098,19.63130514914492,6.287964001413771,20.956530475346458,30.12495492559456,10.416300681465199
arrival_rate,20,200,120.0,6.0,10.0,10,52,fu_serve,,1237,10.0,101.41400113660355,74.54529573509738,255.45118627267564,487.1005551074342,0.8795472918350848,0.12045270816491516,0.0,1.104446240905416,0.0,12.235976556183244,0.8841684791548137,157244.11713742357,0.0,0.0,100.0,0.0,199.59999999999988,0.1995999999999999,0.19959999999999992,72.62016683872763,1588.9422213698924,1414.9424276493812,6528105.306669924,1.6343914766889913,0.0,0.0,0.0,nan,0,nan,0,nan,nan,nan,nan,nan,nan
arrival_rate,20,200,120.0,6.0,10.0,10,52,2dp_fhs,,1237,10.0,108.68041793081457,84.05771601469453,264.7977489625784,505.14767103320173,0.83589329021827,0.16410670978173003,0.0,0.788344144770178,0.0,25.66632213417285,0.9444277107560928,157258.68008502494,75.0,60.63055780113177,1.3157894736842106,0.0,1295.8,1.2958,1.2958,55.99988838746231,1559.0428370401905,1396.0726873126507,91949463.24551255,2.3337901224345816,0.0,0.0,0.0,nan,0,nan,0,nan,nan,nan,nan,nan,nan
arrival_rate,20,200,120.0,6.0,10.0,10,52,3d_pos,,1237,10.0,104.77221548471955,78.89664540126206,273.4043972231413,502.45883975893094,0.8714632174616006,0.1285367825383994,0.0,0.6613194214081063,0.0,15.0208295274761,0.903056620804038,157255.63686932987,30.0,24.252223120452708,3.225806451612903,0.0,1972.7999999999995,1.9727999999999994,1.9727999999999994,48.70922393285331,1554.3072288824549,1385.3663011843473,159063334.33710477,2.5506171960924595,0.0,0.0,0.0,nan,0,nan,0,nan,nan,nan,nan,nan,nan
arrival_rate,20,200,180.0,9.0,10.0,10,52,spotis,,1867,10.0,112.64629041221974,85.94042127196788,294.40797665253746,550.0,0.8018211033743974,0.19817889662560262,0.0,0.5296197107659345,0.0,6.025880728440973,0.9395391436833267,157688.6319301971,0.0,0.0,100.0,1.9801980198019802,64.42550495049503,0.06442550495049502,0.06442550495049502,85.08810532767745,1732.5166373663587,1595.7298472019147,331497676.0677409,0.6813735811174539,98.01980198019803,0.0,0.0,nan,0,nan,0,13.824234843938507,20.788102000620224,6.935714640882316,24.01599388306809,22.98512082038033,11.450833811110531
arrival_rate,20,200,180.0,9.0,10.0,10,52,fu_serve,,1867,10.0,114.58924552972675,88.7596653190279,305.5424395056764,550.0,0.7959292983395823,0.20407070166041774,0.0,1.060846277450455,0.0,12.156348687733509,0.9492633175571534,157692.74712199304,0.0,0.0,100.0,0.0,199.59999999999988,0.1995999999999999,0.19959999999999992,72.6123669241646,1588.9422213698924,1414.9424276493812,27225204.058463074,1.6612717605132394,0.0,0.0,0.0,nan,0,nan,0,nan,nan,nan,nan,nan,nan
arrival_rate,20,200,180.0,9.0,10.0,10,52,2dp_fhs,,1867,10.0,122.42138392654014,102.53378153253223,307.74802190561707,550.0,0.7455811462238886,0.2544188537761114,0.0,0.7941194345352348,0.0,22.195651741471075,1.0105555036864424,157688.8350932347,88.0,47.134440278521694,1.1235955056179776,0.0,1295.8,1.2958,1.2958,62.1907818982111,1641.5032113179184,1483.2915992898822,119121571.7457116,2.4654329921068476,0.0,0.0,0.0,nan,0,nan,0,nan,nan,nan,nan,nan,nan
arrival_rate,20,200,180.0,9.0,10.0,10,52,3d_pos,,1867,10.0,116.49370459254567,91.62950343283649,303.11148417126515,549.2807297485701,0.7846813069094805,0.21531869309051954,0.0,0.6312721463876608,0.0,11.354227292572157,0.9744026762997797,157709.6417528823,23.0,12.319228709159079,4.166666666666667,0.0,1972.7999999999995,1.9727999999999994,1.9727999999999994,48.85701021964198,1552.1121132569883,1382.7379621343123,145898920.13402644,2.535321657419648,0.0,0.0,0.0,nan,0,nan,0,nan,nan,nan,nan,nan,nan
arrival_rate,20,200,240.0,12.0,10.0,10,52,spotis,,2452,10.0,126.26031115702763,103.82289760603047,353.50415000503256,550.0,0.6957585644371941,0.3042414355628059,0.0,0.48621533442088094,0.0,6.019706084828359,0.9898864549029348,157970.88812416754,0.0,0.0,100.0,1.9801980198019802,64.42550495049503,0.06442550495049502,0.06442550495049502,85.0870844791538,1732.5166373663587,1595.7298472019147,367408148.629048,0.7172208097777716,98.01980198019803,0.0,0.0,nan,0,nan,0,15.410551127501899,23.005830895924507,7.759356192854979,20.053707671109944,21.006286169953373,12.7642679426553
arrival_rate,20,200,240.0,12.0,10.0,10,52,fu_serve,,2452,10.0,128.24893789472313,112.87974924491628,350.73666377815823,550.0,0.6737357259380098,0.3262642740619902,0.0,0.9809951060358889,0.0,12.119046900488758,1.0357079710611221,157993.13140029612,0.0,0.0,100.0,0.0,199.59999999999988,0.1995999999999999,0.19959999999999992,72.60153601279701,1588.9422213698924,1414.9424276493812,119417164.89901271,1.810322715738668,0.0,0.0,0.0,nan,0,nan,0,nan,nan,nan,nan,nan,nan
arrival_rate,20,200,240.0,12.0,10.0,10,52,2dp_fhs,,2452,10.0,136.59958180939688,131.82746084770025,368.40712187175643,550.0,0.6052202283849919,0.3947797716150081,0.0,0.7404293010119903,0.0,19.436272224771205,1.1323568362888732,157962.55937715585,91.0,37.11256117455139,1.0869565217391304,0.0,1295.8,1.2958,1.2958,66.60438713490119,1797.4461323519274,1677.125582369875,258542948.11016557,2.548234266569496,0.0,0.0,0.0,nan,0,nan,0,nan,nan,nan,nan,nan,nan
arrival_rate,20,200,240.0,12.0,10.0,10,52,3d_pos,,2452,10.0,130.05114503318023,111.87534376784525,352.99006116901546,550.0,0.6553833605220228,0.34461663947797716,0.0,0.5764576297477434,0.0,12.183193535291268,1.0438328196261852,157959.58117324242,41.0,16.721044045676997,2.380952380952381,0.0,1972.7999999999995,1.9727999999999994,1.9727999999999994,48.43418870803126,1573.7595416527233,1405.6579727773571,287985736.0982634,2.543430038472567,0.0,0.0,0.0,nan,0,nan,0,nan,nan,nan,nan,nan,nan
arrival_rate,20,200,300.0,15.0,10.0,10,52,spotis,,3028,10.0,136.6204093310124,137.29085700810072,375.24251582643615,550.0,0.5756274768824307,0.42437252311756934,0.0,0.43494055482166444,0.0,6.0159575033021975,1.040729948698179,158096.13413268406,0.0,0.0,100.0,1.9801980198019802,64.42550495049503,0.06442550495049502,0.06442550495049502,85.0870281691757,1732.5166373663587,1595.7298472019147,307993995.60431755,0.7368585267614536,98.01980198019803,0.0,0.0,nan,0,nan,0,16.336557286348278,24.51328647080566,8.24426512217557,18.579599697576636,18.816744565992664,13.509546857101187
arrival_rate,20,200,300.0,15.0,10.0,10,52,fu_serve,,3028,10.0,140.16010552617155,148.50603832143065,390.79429453262117,550.0,0.5535006605019815,0.44649933949801845,0.0,0.857001321003963,0.0,12.09640125495325,1.0842700511118684,158099.3784377666,0.0,0.0,100.0,0.0,199.59999999999988,0.1995999999999999,0.19959999999999992,72.59869463853015,1588.9422213698924,1414.9424276493812,141148690.7598914,1.910194686112032,0.0,0.0,0.0,nan,0,nan,0,nan,nan,nan,nan,nan,nan
arrival_rate,20,200,300.0,15.0,10.0,10,52,2dp_fhs,,3028,10.0,144.43548551881676,150.0,400.7700136698073,550.0,0.5168428005284016,0.4831571994715984,0.0,0.6390275842699904,0.0,16.944716310190767,1.1422108561620705,158069.70182199677,91.0,30.052840158520475,1.0869565217391304,0.0,1295.8,1.2958,1.2958,65.94429251523681,1842.7299708533264,1741.9258230583434,345011115.43194354,2.4788338417075617,0.0,0.0,0.0,nan,0,nan,0,nan,nan,nan,nan,nan,nan
arrival_rate,20,200,300.0,15.0,10.0,10,52,3d_pos,,3028,10.0,139.36149505874158,144.7773843464369,382.17842189903104,550.0,0.5627476882430648,0.43725231175693524,0.0,0.5337358900490842,0.0,10.541933445201057,1.0521196261982344,158074.95367514493,32.0,10.568031704095112,3.0303030303030303,0.0,1972.7999999999995,1.9727999999999994,1.9727999999999994,48.84423086183018,1555.751776585599,1385.9513040917186,199129869.60204026,2.622965987321044,0.0,0.0,0.0,nan,0,nan,0,nan,nan,nan,nan,nan,nan
head_failure,20,200,180.0,9.0,10.0,10,52,spotis,5.0,1867,10.0,114.88345947499488,88.12809680373235,295.96847992101044,550.0,0.7793251205141939,0.2206748794858061,0.0,0.5298117000751651,0.0,6.207003873456594,0.9455930944412493,157657.97978451516,1.0,0.5356186395286556,50.0,2.9702970297029703,64.43825742574255,0.06443825742574255,0.06443825742574255,86.12926185768342,1944.328076022375,1794.151475799913,252541528.99144867,0.6857475083539026,97.02970297029702,0.0,0.0,1.0,0,31.172396624350313,0,13.91434493515499,20.255940588896813,7.03387537925446,23.494997524668403,23.758390056876006,11.542451515149324
head_failure,20,200,180.0,9.0,10.0,10,52,fu_serve,5.0,1867,10.0,113.80124089159602,87.07495194317349,302.64735542630746,550.0,0.7959292983395823,0.20407070166041774,0.0,0.891669692612183,0.0,10.341767534457256,0.9413585180596279,157681.0005899397,1.0,0.5356186395286556,50.0,0.0,199.59999999999988,0.1995999999999999,0.19959999999999992,84.37090795118951,2028.8648377958689,2033.0418287337639,106887512.78391314,1.3672873548901154,0.0,0.0,0.0,1.0,0,28.18340469230931,0,nan,nan,nan,nan,nan,nan
head_failure,20,200,180.0,9.0,10.0,10,52,2dp_fhs,5.0,1867,10.0,121.89480577978536,101.56965703981591,305.68773557663275,550.0,0.7375468666309588,0.2624531333690412,0.0,0.7568873148357287,0.0,21.77867592712699,1.0036588117890954,157664.18001593673,88.0,47.134440278521694,1.1235955056179776,0.0,1295.8,1.2958,1.2958,60.436497077122006,1682.6598855201755,1527.9076307986616,154485363.87005532,2.339936453789566,0.0,0.0,0.0,1.0,0,19.79850905983396,0,nan,nan,nan,nan,nan,nan
head_failure,20,200,180.0,9.0,10.0,10,52,3d_pos,5.0,1867,10.0,119.29982301726115,95.8169214975797,296.0172534771636,550.0,0.7487948580610605,0.2512051419389395,0.0,0.6000792564943433,0.0,12.82493057332579,0.9782833402003349,157649.7819417032,36.0,19.2822710230316,2.7027027027027026,0.0,1972.7999999999995,1.9727999999999994,1.9727999999999994,49.09542829389976,1629.7912168080377,1463.1577695478074,154129990.3035146,2.4004051547935252,0.0,0.0,0.0,1.0,0,19.178533802398547,0,nan,nan,nan,nan,nan,nan
fog_size,10,100,90.0,9.0,10.0,11,53,spotis,,900,10.0,133.36677558865063,100.95312481809836,416.4733231098712,550.0,0.7388888888888889,0.26111111111111107,0.0,0.4739999999999999,0.0,6.050613683333138,1.0913043864721912,79126.55842521363,0.0,0.0,100.0,2.9702970297029703,60.736059405940594,0.060736059405940596,0.060736059405940596,95.64393898993788,1860.2163472482093,1694.0869672149688,254248171.67859703,0.6554842539419922,97.02970297029702,0.0,0.0,nan,0,nan,0,14.473302771306368,18.133192435724624,6.355986353850194,30.443195108938102,18.371172794342957,12.223150535837753
fog_size,10,100,90.0,9.0,10.0,11,53,fu_serve,,900,10.0,133.36712257698395,100.95312481809836,416.4733231098712,550.0,0.7388888888888889,0.26111111111111107,0.0,0.4739999999999999,0.0,6.054583333333114,1.0913097047954994,79126.56196189864,0.0,0.0,100.0,0.0,65.5,0.0655,0.0655,95.64393823082064,1860.2163472482093,1694.0869672149688,254253787.67859694,0.6590660439419918,0.0,0.0,0.0,nan,0,nan,0,nan,nan,nan,nan,nan,nan
fog_size,10,100,90.0,9.0,10.0,11,53,2dp_fhs,,900,10.0,143.1540985617844,119.59839568704922,418.67630540649515,550.0,0.6722222222222223,0.3277777777777777,0.0,0.7682191956756427,0.0,33.30136113369422,1.2253566819238049,79142.18180077351,81.0,90.0,1.2195121951219512,0.0,369.69999999999976,0.36969999999999975,0.36969999999999975,76.07008929423405,1929.953962675878,1878.4338021057433,200443551.0956402,1.4386652208723847,0.0,0.0,0.0,nan,0,nan,0,nan,nan,nan,nan,nan,nan
fog_size,10,100,90.0,9.0,10.0,11,53,3d_pos,,900,10.0,139.00318376447328,109.2812409471875,429.96890580707947,550.0,0.7077777777777777,0.29222222222222227,0.0,0.5658831824696137,0.0,16.87432797278209,1.1552598224661377,79136.74151512055,32.0,35.55555555555556,3.0303030303030303,0.0,547.3000000000003,0.5473000000000003,0.5473000000000003,87.75212842142672,1925.6738272149928,1750.2090317684333,222396940.2685277,1.2234745132582647,0.0,0.0,0.0,nan,0,nan,0,nan,nan,nan,nan,nan,nan
fog_size,20,200,180.0,9.0,10.0,11,53,spotis,,1878,10.0,124.6379268900099,92.83165598634955,361.1313120719496,550.0,0.7710330138445154,0.2289669861554846,0.0,0.531425834534288,0.0,6.190835346716732,1.0659809098130593,158163.7874116848,0.0,0.0,100.0,1.9801980198019802,64.42550495049503,0.06442550495049502,0.06442550495049502,90.09131838843548,1671.244241064896,1631.6824288286725,353141975.4098555,0.7083164856015307,98.01980198019803,0.0,0.0,nan,0,nan,0,13.506810982369863,24.524082818417167,7.897888459533446,20.490503499844277,22.21824771652054,11.362466523314705
fog_size,20,200,180.0,9.0,10.0,11,53,fu_serve,,1878,10.0,125.25180370218729,94.59095094716052,362.14709330228214,550.0,0.7694355697550586,0.23056443024494144,0.0,0.6629455081370849,0.0,8.132517466130171,1.0753249191376428,158174.09156242938,3.0,1.597444089456869,25.0,0.0,199.59999999999988,0.1995999999999999,0.19959999999999992,91.12700422230881,1650.4690104401293,1613.8853639625208,268344651.79938352,1.0170488266684623,0.0,0.0,0.0,nan,0,nan,0,nan,nan,nan,nan,nan,nan
fog_size,20,200,180.0,9.0,10.0,11,53,2dp_fhs,,1878,10.0,133.8994543523773,109.27937359183693,373.72898843790904,550.0,0.7177848775292864,0.28221512247071356,0.0,0.7453774026155565,0.0,21.85664882481272,1.134836707129388,158150.00693548593,90.0,47.92332268370607,1.098901098901099,0.0,1295.8,1.2958,1.2958,64.58491743812904,1542.2997725984608,1522.3640150800895,206863136.1103926,2.293699570800604,0.0,0.0,0.0,nan,0,nan,0,nan,nan,nan,nan,nan,nan
fog_size,20,200,180.0,9.0,10.0,11,53,3d_pos,,1878,10.0,131.07057357879387,102.48898524136685,377.7873546253985,550.0,0.7358892438764644,0.26411075612353563,0.0,0.5857054463952431,0.0,15.758868980014736,1.0929030511202056,158130.63907092361,58.0,30.8839190628328,1.694915254237288,0.0,1972.7999999999995,1.9727999999999994,1.9727999999999994,61.83966280655614,1533.1535240401759,1494.3810419072554,243493997.41011223,2.3872464762223116,0.0,0.0,0.0,nan,0,nan,0,nan,nan,nan,nan,nan,nan
fog_size,40,400,360.0,9.0,10.0,11,53,spotis,,3697,10.0,124.87973553858535,95.0642366466461,360.94133232768064,550.0,0.789559101974574,0.21044089802542598,0.0,0.5509298502209661,0.0,6.0553522607583705,1.0838947799523684,316378.3640736464,0.0,0.0,100.0,1.9801980198019802,73.72918811881188,0.07372918811881188,0.07372918811881188,92.12898990793755,1776.3110355115707,1723.7194252671752,310472406.2307552,0.7231340733795351,98.01980198019803,0.0,0.9900990099009901,nan,0,nan,0,13.187255938957835,21.831567459785504,7.523398384598548,18.37726492442119,28.117995443935694,10.962517848301239
fog_size,40,400,360.0,9.0,10.0,11,53,fu_serve,,3697,10.0,125.37330320899046,95.9861687602892,369.6273401121299,550.0,0.7844197998377063,0.21558020016229373,0.0,0.6276287555197932,0.0,7.3289878518537375,1.0857651487940876,316363.1941424682,3.0,0.8114687584527995,25.0,0.0,692.6999999999998,0.6926999999999999,0.6926999999999999,89.65778312573073,1329.7346472682818,1268.088529109517,374646073.51807404,1.3949969520262604,0.0,0.0,0.0,nan,0,nan,0,nan,nan,nan,nan,nan,nan
fog_size,40,400,360.0,9.0,10.0,11,53,2dp_fhs,,3697,10.0,136.48590580600987,114.3309551636107,394.20832085262305,550.0,0.7008385177170678,0.29916148228293216,0.0,0.8708422499778712,0.0,17.85643167924174,1.182266289075889,316277.72716596106,91.0,24.61455233973492,1.0869565217391304,0.0,4741.400000000002,4.741400000000002,4.741400000000002,58.246032958863346,1428.8825057151355,1378.617215182276,188319067.51356262,6.810390705102286,0.0,0.0,0.0,nan,0,nan,0,nan,nan,nan,nan,nan,nan
fog_size,40,400,360.0,9.0,10.0,11,53,3d_pos,,3697,10.0,132.26286403733894,107.38007519031889,379.9795373240176,550.0,0.7343792263997836,0.2656207736002164,0.0,0.6491143266096694,0.0,13.792436335612924,1.1352708594405103,316296.73559434636,64.0,17.311333513659726,1.5384615384615385,0.0,7364.199999999996,7.364199999999996,7.364199999999996,66.82028997318984,1753.9106523843168,1645.838658626661,275055400.42049074,7.416259824927344,0.0,0.0,0.0,nan,0,nan,0,nan,nan,nan,nan,nan,nan
fog_size,80,800,720.0,9.0,10.0,11,53,spotis,,7317,10.0,125.25264850713681,97.62061984515924,359.1664656888549,550.0,0.7732677326773267,0.22673226732267326,0.0,0.5554682424573905,0.0,6.030559976782674,1.104722097963133,630770.1944825953,0.0,0.0,100.0,1.9801980198019802,87.03445544554455,0.08703445544554456,0.08703445544554456,91.03997462822662,2288.5761900779007,2215.1955720054375,391583827.10998,0.8866217272308728,98.01980198019803,0.0,0.0,nan,0,nan,0,14.964337181044673,21.69279366939821,7.803773357623051,8.00313591891056,35.03461814095773,12.501341732065773
fog_size,80,800,720.0,9.0,10.0,11,53,fu_serve,,7317,10.0,126.28473260545957,99.81077961936703,366.8839784367471,550.0,0.7653409867432007,0.23465901325679928,0.0,0.7020904345557032,0.0,7.936526738070533,1.1126962194145442,630750.7756810414,0.0,0.0,100.0,0.0,2499.099999999999,2.499099999999999,2.499099999999999,95.44650761864337,2023.0193444044019,1975.8185655245861,288187587.07945275,3.636827678496336,0.0,0.0,0.0,nan,0,nan,0,nan,nan,nan,nan,nan,nan
fog_size,80,800,720.0,9.0,10.0,11,53,2dp_fhs,,7317,10.0,156.29070765466193,150.0,428.11039091885493,550.0,0.4926882602159355,0.5073117397840645,0.0,0.9384683274130075,0.0,17.247299337361607,1.4129803140724035,629613.470884551,99.0,13.530135301353013,1.0,0.0,18068.0,18.068,18.068,68.85206574470848,1943.0296880432527,1906.696958079955,297286626.64630747,32.436718918771625,0.0,0.0,0.0,nan,0,nan,0,nan,nan,nan,nan,nan,nan
fog_size,80,800,720.0,9.0,10.0,11,53,3d_pos,,7317,10.0,148.163082230229,149.8197746791181,420.19206031533326,550.0,0.5823424900915676,0.4176575099084324,0.0,0.7091736970459098,0.0,14.530693860107945,1.3028177288027798,630070.9831947488,74.0,10.11343446767801,1.3333333333333333,0.0,28617.999999999996,28.617999999999995,28.617999999999995,68.17295900332478,2360.0360981654167,2271.1936820688284,338010289.1142162,28.70223302397487,0.0,0.0,0.0,nan,0,nan,0,nan,nan,nan,nan,nan,nan
arrival_rate,20,200,60.0,3.0,10.0,11,53,spotis,,590,10.0,103.78746270117433,74.95790001590707,304.60466584566655,418.79075051745065,0.9220338983050848,0.07796610169491525,0.0,0.5850963889228757,0.0,6.248526751612676,0.9593204909863692,157142.1174013721,0.0,0.0,100.0,1.9801980198019802,64.42550495049503,0.06442550495049502,0.06442550495049502,90.09960249144468,1671.244241064896,1631.6824288286725,166147376.67447877,0.6699325189285864,98.01980198019803,0.0,0.0,nan,0,nan,0,7.678561082104521,15.278687196807745,4.485989855965554,30.997720756445858,35.127802412816095,6.43123869586023
arrival_rate,20,200,60.0,3.0,10.0,11,53,fu_serve,,590,10.0,103.65601637075163,75.04529591220899,283.8794841274026,418.79075051745065,0.9220338983050848,0.07796610169491525,0.0,0.7197171734223143,0.0,9.262447880968507,0.9615268807965185,157143.3176774288,3.0,5.084745762711864,25.0,0.0,199.59999999999988,0.1995999999999999,0.19959999999999992,91.14124044366105,1650.4690104401293,1613.8853639625208,81884880.46301612,0.9588595712510728,0.0,0.0,0.0,nan,0,nan,0,nan,nan,nan,nan,nan,nan
arrival_rate,20,200,60.0,3.0,10.0,11,53,2dp_fhs,,590,10.0,106.47988991867193,80.05864338950607,288.9845932984879,446.6781541144433,0.9186440677966101,0.08135593220338988,0.0,0.7177427359273978,0.0,23.881873287032494,0.9781725533334552,157150.41657818222,32.0,54.23728813559322,3.0303030303030303,0.0,1295.8,1.2958,1.2958,42.51746524372901,1343.2367018585394,1327.0634356057208,41905510.530506775,1.9819278476069173,0.0,0.0,0.0,nan,0,nan,0,nan,nan,nan,nan,nan,nan
arrival_rate,20,200,60.0,3.0,10.0,11,53,3d_pos,,590,10.0,107.5110175573432,80.82712918965007,299.1169691528151,448.1019194336771,0.9169491525423729,0.08305084745762714,0.0,0.6417239318228124,0.0,29.259971806576942,0.9836781944367368,157152.41695746576,44.0,74.57627118644068,2.2222222222222223,0.0,1972.7999999999995,1.9727999999999994,1.9727999999999994,59.58841357561585,1499.4599110034637,1459.9288795192267,61405943.39168953,2.3548164652473162,0.0,0.0,0.0,nan,0,nan,0,nan,nan,nan,nan,nan,nan
arrival_rate,20,200,120.0,6.0,10.0,11,53,spotis,,1228,10.0,108.74805029886816,81.49654762090069,298.58926493333,444.8516659034284,0.8982084690553745,0.10179153094462545,0.0,0.5757798384070755,0.0,6.200322869631804,0.9653702194965924,157685.05040638024,0.0,0.0,100.0,1.9801980198019802,64.42550495049503,0.06442550495049502,0.06442550495049502,90.09436375898103,1671.244241064896,1631.6824288286725,233530199.28517625,0.6774324496294714,98.01980198019803,0.0,0.0,nan,0,nan,0,10.410064039584853,18.843276538597628,6.024064577942207,31.16779904108376,24.805663722810866,8.749132079980686
arrival_rate,20,200,120.0,6.0,10.0,11,53,fu_serve,,1228,10.0,109.12797523141478,81.68013880751656,298.6735519597058,446.3884978592971,0.8990228013029316,0.10097719869706845,0.0,0.7149707034719179,0.0,8.417209651534444,0.9701104750195649,157691.2490186971,3.0,2.44299674267101,25.0,0.0,199.59999999999988,0.1995999999999999,0.19959999999999992,91.13519912221882,1650.4690104401293,1613.8853639625208,175263432.19041985,0.9724106638977016,0.0,0.0,0.0,nan,0,nan,0,nan,nan,nan,nan,nan,nan
arrival_rate,20,200,120.0,6.0,10.0,11,53,2dp_fhs,,1228,10.0,117.16908054308382,90.09608664288191,313.26135493502227,498.5720803064063,0.8517915309446255,0.14820846905537455,0.0,0.7693215532683199,0.0,26.934982846010797,1.026490588997487,157693.95621036686,82.0,66.77524429967427,1.2048192771084338,0.0,1295.8,1.2958,1.2958,59.46125894535578,1444.5218769563296,1421.6452802671834,148749248.33640912,2.169804792795836,0.0,0.0,0.0,nan,0,nan,0,nan,nan,nan,nan,nan,nan
arrival_rate,20,200,120.0,6.0,10.0,11,53,3d_pos,,1228,10.0,115.85713326521233,88.08269322478745,314.58561809802654,499.0776527635282,0.8705211726384365,0.12947882736156346,0.0,0.6239078226193301,0.0,19.392750264530065,1.0088866721982945,157698.7469068555,53.0,43.159609120521175,1.8518518518518519,0.0,1972.7999999999995,1.9727999999999994,1.9727999999999994,63.078055983163374,1531.3695896498818,1492.3312881915936,158556431.667789,2.3348237878286673,0.0,0.0,0.0,nan,0,nan,0,nan,nan,nan,nan,nan,nan
arrival_rate,20,200,180.0,9.0,10.0,11,53,spotis,,1878,10.0,124.6379268900099,92.83165598634955,361.1313120719496,550.0,0.7710330138445154,0.2289669861554846,0.0,0.531425834534288,0.0,6.190835346716732,1.0659809098130593,158163.7874116848,0.0,0.0,100.0,1.9801980198019802,64.42550495049503,0.06442550495049502,0.06442550495049502,90.09131838843548,1671.244241064896,1631.6824288286725,353141975.4098555,0.7083164856015307,98.01980198019803,0.0,0.0,nan,0,nan,0,13.506810982369863,24.524082818417167,7.897888459533446,20.490503499844277,22.21824771652054,11.362466523314705
arrival_rate,20,200,180.0,9.0,10.0,11,53,fu_serve,,1878,10.0,125.25180370218729,94.59095094716052,362.14709330228214,550.0,0.7694355697550586,0.23056443024494144,0.0,0.6629455081370849,0.0,8.132517466130171,1.0753249191376428,158174.09156242938,3.0,1.597444089456869,25.0,0.0,199.59999999999988,0.1995999999999999,0.19959999999999992,91.12700422230881,1650.4690104401293,1613.8853639625208,268344651.79938352,1.0170488266684623,0.0,0.0,0.0,nan,0,nan,0,nan,nan,nan,nan,nan,nan
arrival_rate,20,200,180.0,9.0,10.0,11,53,2dp_fhs,,1878,10.0,133.8994543523773,109.27937359183693,373.72898843790904,550.0,0.7177848775292864,0.28221512247071356,0.0,0.7453774026155565,0.0,21.85664882481272,1.134836707129388,158150.00693548593,90.0,47.92332268370607,1.098901098901099,0.0,1295.8,1.2958,1.2958,64.58491743812904,1542.2997725984608,1522.3640150800895,206863136.1103926,2.293699570800604,0.0,0.0,0.0,nan,0,nan,0,nan,nan,nan,nan,nan,nan
arrival_rate,20,200,180.0,9.0,10.0,11,53,3d_pos,,1878,10.0,131.07057357879387,102.48898524136685,377.7873546253985,550.0,0.7358892438764644,0.26411075612353563,0.0,0.5857054463952431,0.0,15.758868980014736,1.0929030511202056,158130.63907092361,58.0,30.8839190628328,1.694915254237288,0.0,1972.7999999999995,1.9727999999999994,1.9727999999999994,61.83966280655614,1533.1535240401759,1494.3810419072554,243493997.41011223,2.3872464762223116,0.0,0.0,0.0,nan,0,nan,0,nan,nan,nan,nan,nan,nan
arrival_rate,20,200,240.0,12.0,10.0,11,53,spotis,,2463,10.0,136.35055306165512,114.629692714598,407.5974618886397,550.0,0.658952496954933,0.34104750304506704,0.0,0.4750323634386162,0.0,6.18455854054434,1.0744881764244039,158364.14136461233,0.0,0.0,100.0,1.9801980198019802,64.42550495049503,0.06442550495049502,0.06442550495049502,90.09048580954945,1671.244241064896,1631.6824288286725,283771910.9033525,0.7234839767876671,98.01980198019803,0.0,0.0,nan,0,nan,0,13.486389834869476,24.08018773113094,7.891490938073719,22.663664803638262,20.53903501449194,11.339231677795667
arrival_rate,20,200,240.0,12.0,10.0,11,53,fu_serve,,2463,10.0,137.1821172914302,116.85209446419087,396.8615826302084,550.0,0.6479902557856273,0.3520097442143727,0.0,0.5783866441161596,0.0,7.886131226951301,1.0970538123234521,158371.1449387437,3.0,1.218026796589525,25.0,0.0,199.59999999999988,0.1995999999999999,0.19959999999999992,91.12534047971954,1650.4690104401293,1613.8853639625208,242649160.47055066,1.0333207499224921,0.0,0.0,0.0,nan,0,nan,0,nan,nan,nan,nan,nan,nan
arrival_rate,20,200,240.0,12.0,10.0,11,53,2dp_fhs,,2463,10.0,146.32630812704602,147.0970446221216,426.6935172572799,550.0,0.582216808769793,0.417783191230207,0.0,0.6791063136586284,0.0,19.25373318793638,1.2002714993388266,158341.4363843274,93.0,37.758830694275275,1.0638297872340425,0.0,1295.8,1.2958,1.2958,61.68883019057226,1645.9711573061074,1640.1361533486727,308938290.1801882,2.3936304796532046,0.0,0.0,0.0,nan,0,nan,0,nan,nan,nan,nan,nan,nan
arrival_rate,20,200,240.0,12.0,10.0,11,53,3d_pos,,2463,10.0,141.39006747461386,127.14082614763744,419.5668061727881,550.0,0.6126674786845311,0.3873325213154689,0.0,0.5248216352075692,0.0,13.145771562112404,1.1403452285410984,158341.02800414403,54.0,21.92448233861145,1.8181818181818181,0.0,1972.7999999999995,1.9727999999999994,1.9727999999999994,60.796432385439445,1505.19698136222,1467.7695006271006,308614754.64354706,2.3894120477828946,0.0,0.0,0.0,nan,0,nan,0,nan,nan,nan,nan,nan,nan
arrival_rate,20,200,300.0,15.0,10.0,11,53,spotis,,3078,10.0,151.14132904869743,150.0,489.44224020222174,550.0,0.5188434048083171,0.48115659519168286,0.0,0.40214853910511766,0.0,6.180535661398279,1.1556046024299422,158465.74760435612,0.0,0.0,100.0,2.9702970297029703,64.43825742574255,0.06443825742574255,0.06443825742574255,90.09025301977829,1671.244241064896,1631.6824288286725,300427538.1953365,0.7486308799100173,97.02970297029702,0.0,0.0,nan,0,nan,0,14.366907526872485,25.47515800349322,8.448793201559667,18.940370383419282,20.698622040756554,12.07014884389879
arrival_rate,20,200,300.0,15.0,10.0,11,53,fu_serve,,3078,10.0,152.47128943752037,150.0,510.7381807487747,550.0,0.51364522417154,0.48635477582846,0.0,0.4957429479869947,0.0,7.864550454911321,1.168761108979439,158468.058367572,3.0,0.9746588693957114,25.0,0.0,199.59999999999988,0.1995999999999999,0.19959999999999992,91.12322043005082,1650.4690104401293,1613.8853639625208,352038978.2101355,1.1257666895499348,0.0,0.0,0.0,nan,0,nan,0,nan,nan,nan,nan,nan,nan
arrival_rate,20,200,300.0,15.0,10.0,11,53,2dp_fhs,,3078,10.0,159.63779901290067,150.0,525.0173220815828,550.0,0.44671864847303444,0.5532813515269656,0.0,0.5544967195191587,0.0,15.78432326447092,1.3267996452286814,158444.59656646496,85.0,27.615334632878493,1.1627906976744187,0.0,1295.8,1.2958,1.2958,64.51453654766904,1666.2247710589054,1658.4330838838462,473554235.952417,2.2781843070580985,0.0,0.0,0.0,nan,0,nan,0,nan,nan,nan,nan,nan,nan
arrival_rate,20,200,300.0,15.0,10.0,11,53,3d_pos,,3078,10.0,158.14008523280322,150.0,505.23846271344956,550.0,0.453866146848603,0.5461338531513971,0.0,0.45156273807408825,0.0,13.029742717056248,1.3105508767267,158451.08662906272,68.0,22.092267706302795,1.4492753623188406,0.0,1972.7999999999995,1.9727999999999994,1.9727999999999994,64.03099417655815,1551.2153082637765,1514.4538122100848,395961302.350184,2.4154704583730875,0.0,0.0,0.0,nan,0,nan,0,nan,nan,nan,nan,nan,nan
head_failure,20,200,180.0,9.0,10.0,11,53,spotis,5.0,1878,10.0,126.57797417428141,97.09857824811473,359.1544853317748,550.0,0.7486687965921193,0.25133120340788073,0.0,0.5259196009013477,0.0,6.317200836291867,1.0813627769494878,158140.64311866648,1.0,0.5324813631522897,50.0,2.9702970297029703,64.43825742574255,0.06443825742574255,0.06443825742574255,65.19731302750485,1843.1164732890643,1852.7615934568478,278584972.94174165,0.7059682114906767,97.02970297029702,0.0,0.0,1.0,0,37.617867826836246,0,12.22256368512226,24.896795279714233,8.213289393033202,20.84418481461441,23.534634543672876,10.288532283843024
head_failure,20,200,180.0,9.0,10.0,11,53,fu_serve,5.0,1878,10.0,128.08055177031545,98.78733260929096,362.34511761951563,550.0,0.7486687965921193,0.25133120340788073,0.0,0.7492294540299037,0.0,9.02059942607021,1.0821436203214592,158141.74098444748,1.0,0.5324813631522897,50.0,0.0,199.59999999999988,0.1995999999999999,0.19959999999999992,92.01049177347922,1630.8658345759013,1596.2089179504733,226223462.09368706,1.1849118454539644,0.0,0.0,0.0,1.0,0,52.626069671910656,0,nan,nan,nan,nan,nan,nan
head_failure,20,200,180.0,9.0,10.0,11,53,2dp_fhs,5.0,1878,10.0,138.6115869869633,116.4879121538469,412.6772469610463,550.0,0.6826411075612353,0.3173588924387647,0.0,0.7549960274689693,0.0,22.453071704849737,1.1774679415376,158129.7609553267,93.0,49.52076677316294,1.0638297872340425,0.0,1295.8,1.2958,1.2958,62.770635945673234,1568.3112128732982,1551.7236318949158,276039311.7122006,2.3477477401352496,0.0,0.0,0.0,1.0,0,38.17190604770522,0,nan,nan,nan,nan,nan,nan
head_failure,20,200,180.0,9.0,10.0,11,53,3d_pos,5.0,1878,10.0,131.99046731758725,104.86613763293917,383.6777113731436,550.0,0.722577209797657,0.27742279020234295,0.0,0.593674402535183,0.0,14.314295944127776,1.1031567798768787,158117.23080456842,47.0,25.026624068157613,2.0833333333333335,0.0,1972.7999999999995,1.9727999999999994,1.9727999999999994,66.61288455420382,1627.5961608918733,1588.2914296535496,218487947.4032492,2.3963752952379034,0.0,0.0,0.0,1.0,1,45.1863440725882,0,nan,nan,nan,nan,nan,nan
fog_size,10,100,90.0,9.0,10.0,12,54,spotis,,831,10.0,112.54227909040827,85.1656529145366,293.3150895458119,550.0,0.8038507821901324,0.1961492178098676,0.0,0.5140794223826713,0.0,6.0548162635377105,0.9634148716197845,78882.14296991247,0.0,0.0,100.0,2.9702970297029703,60.736059405940594,0.060736059405940596,0.060736059405940596,73.38722536453398,2016.5932635655292,2179.0832581704335,180991829.2070536,0.6551099176497085,97.02970297029702,0.0,0.9900990099009901,nan,0,nan,0,10.945571400101258,20.761669697892156,6.5296114824895595,34.13281842535598,18.57563634920436,9.05469264495668
fog_size,10,100,90.0,9.0,10.0,12,54,fu_serve,,831,10.0,112.89919312225629,87.08435689692351,288.96592460985136,550.0,0.8062575210589651,0.1937424789410349,0.0,0.5703198893093759,0.0,7.630075433066238,0.9278294633588744,78860.2275761209,3.0,3.6101083032490973,25.0,0.0,65.5,0.0655,0.0655,87.05280963257005,2069.9024865047327,2103.264511825716,126273097.67362854,0.7312969194297037,0.0,0.0,0.0,nan,0,nan,0,nan,nan,nan,nan,nan,nan
fog_size,10,100,90.0,9.0,10.0,12,54,2dp_fhs,,831,10.0,119.13913445532843,100.12369718452696,283.7148251167674,520.0907610619755,0.762936221419976,0.23706377858002403,0.0,0.8124511791209308,0.0,31.946111109985228,1.0124399882647988,78880.46878823034,71.0,85.43922984356198,1.3888888888888888,0.0,369.69999999999976,0.36969999999999975,0.36969999999999975,67.3292237785884,1904.1533408959542,2128.5602966852252,109412710.95501772,1.4182261091949047,0.0,0.0,0.0,nan,0,nan,0,nan,nan,nan,nan,nan,nan
fog_size,10,100,90.0,9.0,10.0,12,54,3d_pos,,831,10.0,118.07415513338229,95.21269703416002,273.0483470926384,540.2230801866714,0.7677496991576414,0.23225030084235865,0.0,0.604234380522927,0.0,23.49043802365449,0.9935315106834093,78872.45493948647,51.0,61.371841155234655,1.9230769230769231,0.0,547.3000000000003,0.5473000000000003,0.5473000000000003,53.282177309321476,2178.5023191990417,2137.335313359833,133597440.9398406,1.2098976919907742,0.0,0.0,0.0,nan,0,nan,0,nan,nan,nan,nan,nan,nan
fog_size,20,200,180.0,9.0,10.0,12,54,spotis,,1743,10.0,119.13585333298613,94.49101246332958,309.6415599626149,544.195872137127,0.7860011474469306,0.21399885255306939,0.0,0.5381847028284888,0.0,6.113353863450773,1.044662341778385,158798.81794935296,0.0,0.0,100.0,1.9801980198019802,64.42550495049503,0.06442550495049502,0.06442550495049502,72.05302541428294,2641.05952068258,2684.7793548604363,312716411.99817866,0.6998985474190903,98.01980198019803,0.0,0.0,nan,0,nan,0,16.03490779065496,19.149640105934782,6.885370324864091,18.015281611446092,26.764633375480827,13.15016679161925
fog_size,20,200,180.0,9.0,10.0,12,54,fu_serve,,1743,10.0,118.66869688759412,93.02752420835515,310.12394760404794,550.0,0.7928858290304074,0.20711417096959261,0.0,0.5918643372604575,0.0,6.8276365905285346,1.0358966248699173,158799.23967668682,0.0,0.0,100.0,0.0,199.59999999999988,0.1995999999999999,0.19959999999999992,98.08419995344038,1887.8515998339662,1785.0639098519607,269342534.8684781,0.8948874466996337,0.0,0.0,0.0,nan,0,nan,0,nan,nan,nan,nan,nan,nan
fog_size,20,200,180.0,9.0,10.0,12,54,2dp_fhs,,1743,10.0,127.16127225932956,107.61323482419715,316.9275229833519,550.0,0.7269076305220884,0.2730923694779116,0.0,0.9265823709799124,0.0,23.934278211765754,1.1102097910174165,158774.26634633564,83.0,47.61904761904762,1.1904761904761905,0.0,1295.8,1.2958,1.2958,72.58500686926183,1901.0195739997514,1817.122493707362,120650161.46755724,2.856150312421477,0.0,0.0,0.0,nan,0,nan,0,nan,nan,nan,nan,nan,nan
fog_size,20,200,180.0,9.0,10.0,12,54,3d_pos,,1743,10.0,121.78924899942679,98.48426395163479,320.85979256615246,550.0,0.7693631669535284,0.23063683304647165,0.0,0.5920888703386412,0.0,12.718518991260364,1.0590060578362948,158787.75766467507,33.0,18.9328743545611,2.9411764705882355,0.0,1972.7999999999995,1.9727999999999994,1.9727999999999994,87.3702461209262,1889.6973205192717,1789.6852293246357,183979337.09355384,2.3889503429151877,0.0,0.0,0.0,nan,0,nan,0,nan,nan,nan,nan,nan,nan
fog_size,40,400,360.0,9.0,10.0,12,54,spotis,,3530,10.0,117.2453214656859,89.38810558721988,320.2458689132665,550.0,0.8028328611898017,0.19716713881019832,0.0,0.5731125734968291,0.0,6.2700683487043,1.0335020587662496,314584.49521058996,0.0,0.0,100.0,1.9801980198019802,73.72918811881188,0.07372918811881188,0.07372918811881188,90.96019569247645,1834.3498439419905,1835.282106154777,464460384.5015891,0.7714241170817955,98.01980198019803,0.0,0.9900990099009901,nan,0,nan,0,13.901100561399252,21.50625870081869,7.428597763456675,13.861784315786874,31.679746873964927,11.622511784573582
fog_size,40,400,360.0,9.0,10.0,12,54,fu_serve,,3530,10.0,117.38335621138802,90.25354262329333,323.9873181595845,526.9150939853275,0.8059490084985835,0.19405099150141647,0.0,0.6075647702918827,0.0,6.800558955245303,1.0283228356295102,314581.1288434124,0.0,0.0,100.0,0.0,692.6999999999998,0.6926999999999999,0.6926999999999999,88.60905176133564,2004.9630965904464,2000.5805311595211,253077295.1521647,1.3422072827789038,0.0,0.0,0.0,nan,0,nan,0,nan,nan,nan,nan,nan,nan
fog_size,40,400,360.0,9.0,10.0,12,54,2dp_fhs,,3530,10.0,128.31362569250177,108.16967300566071,362.59260698326653,550.0,0.7195467422096318,0.2804532577903682,0.0,0.9482533005029398,0.0,18.51651913627032,1.1136699595960928,314484.27207342046,82.0,23.229461756373937,1.2048192771084338,0.0,4741.400000000002,4.741400000000002,4.741400000000002,74.05523020277947,1604.0550257339655,1602.891137314195,132992368.04938772,7.476147841988654,0.0,0.0,0.0,nan,0,nan,0,nan,nan,nan,nan,nan,nan
fog_size,40,400,360.0,9.0,10.0,12,54,3d_pos,,3530,10.0,126.06630036944479,104.78418269149603,348.0037559935015,550.0,0.7495750708215297,0.25042492917847026,0.0,0.6398818511225759,0.0,15.405900939237942,1.0837702791693729,314523.2065347286,82.0,23.229461756373937,1.2048192771084338,0.0,7364.199999999996,7.364199999999996,7.364199999999996,68.51910894421226,2619.3646854285544,2590.575730251009,278445324.3975324,7.2361025798457135,0.0,0.0,0.0,nan,0,nan,0,nan,nan,nan,nan,nan,nan
fog_size,80,800,720.0,9.0,10.0,12,54,spotis,,7119,10.0,119.69292681961143,90.3213901204385,344.1653858803378,550.0,0.7966006461581683,0.20339935384183172,0.0,0.5612208033094737,0.0,6.0097589495475825,1.0379094377444589,630007.1133085837,0.0,0.0,100.0,1.9801980198019802,87.03445544554455,0.08703445544554456,0.08703445544554456,95.65133915340671,2115.3631325439633,2094.3197660494643,254403478.642102,0.8829911942139312,98.01980198019803,0.0,0.0,nan,0,nan,0,15.852145928866019,20.55060069041768,6.809407348721011,6.515119136785941,37.19110668131478,13.081620213894574
fog_size,80,800,720.0,9.0,10.0,12,54,fu_serve,,7119,10.0,121.90593434582586,93.93358796757045,357.5660839986317,550.0,0.7808680994521703,0.21913190054782972,0.0,0.686114010335913,0.0,7.768701645214709,1.0565634588293056,629994.565154767,3.0,0.42140750105351876,25.0,0.0,2499.099999999999,2.499099999999999,2.499099999999999,96.50808435245618,1237.5098405560084,1175.2845718862372,289026681.46043676,3.4142591019345407,0.0,0.0,0.0,nan,0,nan,0,nan,nan,nan,nan,nan,nan
fog_size,80,800,720.0,9.0,10.0,12,54,2dp_fhs,,7119,10.0,149.2746706708721,150.0,412.3871237987477,550.0,0.5520438263801095,0.4479561736198905,0.0,0.8941886855493775,0.0,16.49832302403166,1.277273720333106,629140.814608044,98.0,13.765978367748279,1.0101010101010102,0.0,18068.0,18.068,18.068,63.18925815589703,1233.42120725775,1167.4168662652776,307512709.53233963,27.095499166373564,0.0,0.0,0.0,nan,0,nan,0,nan,nan,nan,nan,nan,nan
fog_size,80,800,720.0,9.0,10.0,12,54,3d_pos,,7119,10.0,137.76960010558244,124.66414569735474,390.50575396853674,550.0,0.6526197499648827,0.3473802500351173,0.0,0.6055646057130492,0.0,12.368949612994221,1.1698549606329545,629556.2750342356,64.0,8.990026689141734,1.5384615384615385,0.0,28617.999999999996,28.617999999999995,28.617999999999995,61.541599244337405,1288.194976164432,1214.2510910235512,463439165.2182811,23.9159047299797,0.0,0.0,0.0,nan,0,nan,0,nan,nan,nan,nan,nan,nan
arrival_rate,20,200,60.0,3.0,10.0,12,54,spotis,,549,10.0,94.62370151126828,72.10391475987343,226.12665275072402,425.7517193943806,0.9253187613843351,0.07468123861566489,0.0,0.5743591089238638,0.0,6.176600667316574,0.8773945200892945,157813.34695732195,0.0,0.0,100.0,1.9801980198019802,64.42550495049503,0.06442550495049502,0.06442550495049502,72.06196696691413,2641.05952068258,2684.7793548604363,80478684.42332692,0.6652141338944594,98.01980198019803,0.0,0.0,nan,0,nan,0,10.937193669569123,14.539614692786143,4.473382878441836,20.114084773152445,41.046968220775184,8.888755765275278
arrival_rate,20,200,60.0,3.0,10.0,12,54,fu_serve,,549,10.0,95.03239117779589,72.47386372700475,224.7584496844933,428.1079149225608,0.9253187613843351,0.07468123861566489,0.0,0.6353575711353877,0.0,7.039501992927948,0.8795893816524586,157814.46194699602,0.0,0.0,100.0,0.0,199.59999999999988,0.1995999999999999,0.19959999999999992,98.09249124148307,1887.8515998339662,1785.0639098519607,82448102.68781489,0.8507983637588262,0.0,0.0,0.0,nan,0,nan,0,nan,nan,nan,nan,nan,nan
arrival_rate,20,200,60.0,3.0,10.0,12,54,2dp_fhs,,549,10.0,97.71418415083953,74.33080897801547,224.8405153742334,434.5011398140322,0.9089253187613844,0.09107468123861562,0.0,1.024582769056386,0.0,25.140793081118595,0.9128788467194618,157823.1570856296,23.0,41.89435336976321,4.166666666666667,0.0,1295.8,1.2958,1.2958,78.75535694852834,1790.4142776709878,1683.8697657593282,1314535.2843645548,2.923673684592702,0.0,0.0,0.0,nan,0,nan,0,nan,nan,nan,nan,nan,nan
arrival_rate,20,200,60.0,3.0,10.0,12,54,3d_pos,,549,10.0,98.96004722182906,77.42028532455336,224.72909732422048,419.6168649541778,0.9107468123861566,0.08925318761384338,0.0,0.6386533639038419,0.0,26.18862343793689,0.9171165132511143,157826.18879774213,34.0,61.93078324225865,2.857142857142857,0.0,1972.7999999999995,1.9727999999999994,1.9727999999999994,88.51083113697165,1891.6637706169508,1790.4086139567664,74193327.9311134,2.377181131363252,0.0,0.0,0.0,nan,0,nan,0,nan,nan,nan,nan,nan,nan
arrival_rate,20,200,120.0,6.0,10.0,12,54,spotis,,1142,10.0,105.4566331963347,80.30812287288504,255.820948082996,469.922412101847,0.8695271453590193,0.13047285464098068,0.0,0.5596922494897546,0.0,6.130240138231255,0.9486204540247423,158309.61065196316,0.0,0.0,100.0,1.9801980198019802,64.42550495049503,0.06442550495049502,0.06442550495049502,72.05629388268058,2641.05952068258,2684.7793548604363,174523136.16058025,0.6706026106618188,98.01980198019803,0.0,0.9900990099009901,nan,0,nan,0,13.821763171092572,17.051903252497763,5.86121281296035,18.828273467868186,33.153442243085834,11.2834050524953
arrival_rate,20,200,120.0,6.0,10.0,12,54,fu_serve,,1142,10.0,105.02401599013817,79.67926818889737,269.7100230571788,461.2998111164801,0.8747810858143608,0.12521891418563924,0.0,0.6197227028168891,0.0,6.880766493136757,0.9541910887324894,158320.86743876032,0.0,0.0,100.0,0.0,199.59999999999988,0.1995999999999999,0.19959999999999992,98.08753402121201,1887.8515998339662,1785.0639098519607,149932088.80932218,0.8594192879928028,0.0,0.0,0.0,nan,0,nan,0,nan,nan,nan,nan,nan,nan
arrival_rate,20,200,120.0,6.0,10.0,12,54,2dp_fhs,,1142,10.0,111.01034023449012,90.38154357290674,257.13059767787536,490.29299640271205,0.8388791593695272,0.16112084063047283,0.0,0.9966982413508633,0.0,23.0083126182556,0.9845011766257081,158310.782668324,46.0,40.280210157618214,2.127659574468085,0.0,1295.8,1.2958,1.2958,76.17340307628285,1810.2777631490733,1706.8648118290052,19220238.322022744,2.903692655024573,0.0,0.0,0.0,nan,0,nan,0,nan,nan,nan,nan,nan,nan
arrival_rate,20,200,120.0,6.0,10.0,12,54,3d_pos,,1142,10.0,110.03324280657131,88.40097902847388,274.4494593988483,472.8289845389736,0.8528896672504378,0.1471103327495622,0.0,0.6296835641323989,0.0,19.002033717180563,0.9848478323255823,158326.87232980167,46.0,40.280210157618214,2.127659574468085,0.0,1972.7999999999995,1.9727999999999994,1.9727999999999994,84.37598681600012,1890.7565308965732,1791.7846038900918,146064759.90004224,2.3956206461704643,0.0,0.0,0.0,nan,0,nan,0,nan,nan,nan,nan,nan,nan
arrival_rate,20,200,180.0,9.0,10.0,12,54,spotis,,1743,10.0,119.13585333298613,94.49101246332958,309.6415599626149,544.195872137127,0.7860011474469306,0.21399885255306939,0.0,0.5381847028284888,0.0,6.113353863450773,1.044662341778385,158798.81794935296,0.0,0.0,100.0,1.9801980198019802,64.42550495049503,0.06442550495049502,0.06442550495049502,72.05302541428294,2641.05952068258,2684.7793548604363,312716411.99817866,0.6998985474190903,98.01980198019803,0.0,0.0,nan,0,nan,0,16.03490779065496,19.149640105934782,6.885370324864091,18.015281611446092,26.764633375480827,13.15016679161925
arrival_rate,20,200,180.0,9.0,10.0,12,54,fu_serve,,1743,10.0,118.66869688759412,93.02752420835515,310.12394760404794,550.0,0.7928858290304074,0.20711417096959261,0.0,0.5918643372604575,0.0,6.8276365905285346,1.0358966248699173,158799.23967668682,0.0,0.0,100.0,0.0,199.59999999999988,0.1995999999999999,0.19959999999999992,98.08419995344038,1887.8515998339662,1785.0639098519607,269342534.8684781,0.8948874466996337,0.0,0.0,0.0,nan,0,nan,0,nan,nan,nan,nan,nan,nan
arrival_rate,20,200,180.0,9.0,10.0,12,54,2dp_fhs,,1743,10.0,127.16127225932956,107.61323482419715,316.9275229833519,550.0,0.7269076305220884,0.2730923694779116,0.0,0.9265823709799124,0.0,23.934278211765754,1.1102097910174165,158774.26634633564,83.0,47.61904761904762,1.1904761904761905,0.0,1295.8,1.2958,1.2958,72.58500686926183,1901.0195739997514,1817.122493707362,120650161.46755724,2.856150312421477,0.0,0.0,0.0,nan,0,nan,0,nan,nan,nan,nan,nan,nan
arrival_rate,20,200,180.0,9.0,10.0,12,54,3d_pos,,1743,10.0,121.78924899942679,98.48426395163479,320.85979256615246,550.0,0.7693631669535284,0.23063683304647165,0.0,0.5920888703386412,0.0,12.718518991260364,1.0590060578362948,158787.75766467507,33.0,18.9328743545611,2.9411764705882355,0.0,1972.7999999999995,1.9727999999999994,1.9727999999999994,87.3702461209262,1889.6973205192717,1789.6852293246357,183979337.09355384,2.3889503429151877,0.0,0.0,0.0,nan,0,nan,0,nan,nan,nan,nan,nan,nan
arrival_rate,20,200,240.0,12.0,10.0,12,54,spotis,,2348,10.0,131.82354020239057,110.051128353022,377.7160869887509,550.0,0.6682282793867121,0.33177172061328786,0.0,0.48040047097580774,0.0,6.107059004795652,1.065969662987967,159040.1369423447,0.0,0.0,100.0,2.9702970297029703,64.43825742574255,0.06443825742574255,0.06443825742574255,72.05188120090432,2641.05952068258,2684.7793548604363,452551021.87070954,0.7087755477003855,97.02970297029702,0.0,0.0,nan,0,nan,0,17.76524859222398,21.12032839693338,7.62807129078196,17.708995775046475,21.23706450934535,14.540291435668848
arrival_rate,20,200,240.0,12.0,10.0,12,54,fu_serve,,2348,10.0,131.67313457342874,112.21721352504588,369.35094055682583,550.0,0.6563032367972743,0.3436967632027257,0.0,0.5337145895099611,0.0,6.803869539792841,1.1042239665242286,159069.2396735304,0.0,0.0,100.0,0.0,199.59999999999988,0.1995999999999999,0.19959999999999992,98.0835982724098,1887.8515998339662,1785.0639098519607,321068556.5835178,0.9048071161794077,0.0,0.0,0.0,nan,0,nan,0,nan,nan,nan,nan,nan,nan
arrival_rate,20,200,240.0,12.0,10.0,12,54,2dp_fhs,,2348,10.0,140.02562097766952,138.58152715816226,382.23676013948017,550.0,0.5885860306643952,0.4114139693356048,0.0,0.8038914415294494,0.0,20.55901886564678,1.203163243621507,159030.4021438015,89.0,37.9045996592845,1.1111111111111112,0.0,1295.8,1.2958,1.2958,69.76802744359983,2001.8998457022867,1938.836204984222,259715062.87271732,2.743666538443755,0.0,0.0,0.0,nan,0,nan,0,nan,nan,nan,nan,nan,nan
arrival_rate,20,200,240.0,12.0,10.0,12,54,3d_pos,,2348,10.0,133.80509301924417,116.42974048815536,375.8289612226148,550.0,0.6473594548551959,0.35264054514480414,0.0,0.5546837836973157,0.0,11.44326520210713,1.0899323868080104,159024.32776906478,34.0,14.480408858603067,2.857142857142857,0.0,1972.7999999999995,1.9727999999999994,1.9727999999999994,88.35790553077783,1892.2420049981693,1791.8938828278294,222688574.40227127,2.4492973717293602,0.0,0.0,0.0,nan,0,nan,0,nan,nan,nan,nan,nan,nan
arrival_rate,20,200,300.0,15.0,10.0,12,54,spotis,,2952,10.0,143.85551220169637,150.0,429.6577030713113,550.0,0.5399728997289973,0.4600271002710027,0.0,0.41221381122908834,0.0,6.1039236305181275,1.1437865350850889,159190.8262780422,0.0,0.0,100.0,1.9801980198019802,64.42550495049503,0.06442550495049502,0.06442550495049502,72.05128457032177,2641.05952068258,2684.7793548604363,303309818.902792,0.757804779446637,98.01980198019803,0.0,0.0,nan,0,nan,0,19.05007276610754,22.505148247595553,8.233142778464133,13.986753882873066,20.627031906513224,15.597850418446486
arrival_rate,20,200,300.0,15.0,10.0,12,54,fu_serve,,2952,10.0,144.90816086489914,150.0,431.8949054795088,550.0,0.524390243902439,0.47560975609756095,0.0,0.45713256265817376,0.0,6.7906604463101825,1.1707868057496766,159180.0085164171,0.0,0.0,100.0,0.0,199.59999999999988,0.1995999999999999,0.19959999999999992,98.08330026402335,1887.8515998339662,1785.0639098519607,381211677.4827784,0.9659315305510134,0.0,0.0,0.0,nan,0,nan,0,nan,nan,nan,nan,nan,nan
arrival_rate,20,200,300.0,15.0,10.0,12,54,2dp_fhs,,2952,10.0,150.95782417084231,150.0,439.5033593161505,550.0,0.47459349593495936,0.5254065040650406,0.0,0.6158491710035664,0.0,17.321148542610395,1.273637867163963,159151.99719301332,92.0,31.165311653116532,1.075268817204301,0.0,1295.8,1.2958,1.2958,73.3563293481501,2169.5111997221056,2136.6210668630843,395245262.8880863,2.4588627121047835,0.0,0.0,0.0,nan,0,nan,0,nan,nan,nan,nan,nan,nan
arrival_rate,20,200,300.0,15.0,10.0,12,54,3d_pos,,2952,10.0,148.32646847449192,150.0,441.7470670562361,550.0,0.49966124661246614,0.5003387533875339,0.0,0.46839047217269864,0.0,11.465858736561584,1.2198608350064064,159166.92527275102,47.0,15.92140921409214,2.0833333333333335,0.0,1972.7999999999995,1.9727999999999994,1.9727999999999994,85.28806636125402,1887.074132938158,1787.7547561457216,291453960.66441256,2.4409030278930084,0.0,0.0,0.0,nan,0,nan,0,nan,nan,nan,nan,nan,nan
head_failure,20,200,180.0,9.0,10.0,12,54,spotis,5.0,1743,10.0,120.73949740295363,96.70402292922198,318.4112609247398,525.8443857815089,0.7699368904188181,0.23006310958118192,0.0,0.5634601243144077,0.0,6.634492332261595,1.0406008205206398,158764.1168422553,1.0,0.5737234652897304,50.0,2.9702970297029703,64.43825742574255,0.06443825742574255,0.06443825742574255,82.46998574060288,2623.300759485507,2676.3332746316178,227259880.04946622,0.7449775699969291,97.02970297029702,0.0,0.0,1.0,0,63.289566120318355,0,16.299906577803007,18.936712651931934,6.969202746774125,17.719250366791787,26.717130645508902,13.357797011190245
head_failure,20,200,180.0,9.0,10.0,12,54,fu_serve,5.0,1743,10.0,121.93555015267295,97.28932125783984,324.34041969113946,550.0,0.7607573149741824,0.23924268502581758,0.0,0.7109301073058067,0.0,8.40711717967372,1.0550804745916706,158766.66725042515,1.0,0.5737234652897304,50.0,0.0,199.59999999999988,0.1995999999999999,0.19959999999999992,95.45334953256099,1944.6220400107711,1865.9391842085947,208889547.886679,1.0975048858400778,0.0,0.0,0.0,1.0,0,88.12459206189726,0,nan,nan,nan,nan,nan,nan
head_failure,20,200,180.0,9.0,10.0,12,54,2dp_fhs,5.0,1743,10.0,128.01983996977958,109.33001272386633,316.9275229833519,550.0,0.7154331612162937,0.28456683878370626,0.0,0.9069096597544771,0.0,23.99962277601418,1.1046882190407534,158745.1767502604,85.0,48.76649454962708,1.1627906976744187,0.0,1295.8,1.2958,1.2958,71.08334123338916,1922.9258828889276,1841.4967415034928,149579094.93520936,2.768164802549417,0.0,0.0,0.0,1.0,0,88.76464669865422,0,nan,nan,nan,nan,nan,nan
head_failure,20,200,180.0,9.0,10.0,12,54,3d_pos,5.0,1743,10.0,124.93458591295418,100.70873993693041,331.09835556631515,550.0,0.7406769936890418,0.25932300631095817,0.0,0.5618989775539861,0.0,12.537303876012015,1.082728529487501,158765.43307268497,34.0,19.506597819850832,2.857142857142857,0.0,1972.7999999999995,1.9727999999999994,1.9727999999999994,72.60893421848715,1914.6837661936702,1827.8121371624702,191323828.0380353,2.2675655247909536,0.0,0.0,0.0,1.0,0,70.77566151702152,0,nan,nan,nan,nan,nan,nan
fog_size,10,100,90.0,9.0,10.0,13,55,spotis,,930,10.0,124.30454708422447,98.9404797222797,321.65997053764534,550.0,0.7397849462365591,0.2602150537634409,0.0,0.4793548387096773,0.0,6.048990774193333,1.0264003495600837,78620.05103450896,0.0,0.0,100.0,3.9603960396039604,60.74807920792079,0.06074807920792079,0.06074807920792079,90.19215185291998,2116.1719831185605,2120.168983406991,248990256.3648224,0.6718281277386486,96.03960396039604,0.0,0.9900990099009901,nan,0,nan,0,15.922558425163707,20.899617280662238,7.454530001169594,24.141013114593783,18.32349463030531,13.25878654810537
fog_size,10,100,90.0,9.0,10.0,13,55,fu_serve,,930,10.0,122.8209762027939,96.39309143858,321.39741062445876,550.0,0.7462365591397849,0.2537634408602151,0.0,0.581183837063653,0.0,7.270019248584103,1.0155392531454248,78618.67183569455,0.0,0.0,100.0,0.0,65.5,0.0655,0.0655,80.7588163482839,1441.879794249539,1522.4180374559633,197966865.61099908,0.8156018963921798,0.0,0.0,0.0,nan,0,nan,0,nan,nan,nan,nan,nan,nan
fog_size,10,100,90.0,9.0,10.0,13,55,2dp_fhs,,930,10.0,133.38146939008513,116.29046764521345,345.8728258848645,550.0,0.678494623655914,0.32150537634408605,0.0,0.8202912252424523,0.0,33.419242526768556,1.1084018474426227,78613.2891597479,82.0,88.17204301075269,1.2048192771084338,0.0,369.69999999999976,0.36969999999999975,0.36969999999999975,61.51305117413125,1645.766363906228,1738.4601578393506,141764083.7107966,1.5795594775650295,0.0,0.0,0.0,nan,0,nan,0,nan,nan,nan,nan,nan,nan
fog_size,10,100,90.0,9.0,10.0,13,55,3d_pos,,930,10.0,124.50236462277374,101.44257184658744,316.3786804429003,550.0,0.7311827956989247,0.26881720430107525,0.0,0.48078209412639583,0.0,7.010178518410215,1.0499720339853285,78627.86857712164,2.0,2.150537634408602,33.333333333333336,0.0,547.3000000000003,0.5473000000000003,0.5473000000000003,90.09625529000448,2109.592383404974,2114.4501918233345,238650377.1597601,1.0387830119856238,0.0,0.0,0.0,nan,0,nan,0,nan,nan,nan,nan,nan,nan
fog_size,20,200,180.0,9.0,10.0,13,55,spotis,,1789,10.0,116.56933271729397,85.17846204544865,327.40750584140835,550.0,0.8116266070430408,0.1883733929569592,0.0,0.5319172722191167,0.0,6.026696721917768,0.9949478339363627,157310.34402418276,0.0,0.0,100.0,2.9702970297029703,64.43825742574255,0.06443825742574255,0.06443825742574255,88.32952028618857,1094.7744492749,989.1322513227841,328063959.08527297,0.6979326795664212,97.02970297029702,0.0,0.0,nan,0,nan,0,14.622888808219242,21.7852021875093,7.634559670497626,20.838151227323053,22.908681016965616,12.21051708948517
fog_size,20,200,180.0,9.0,10.0,13,55,fu_serve,,1789,10.0,117.56694959061451,90.87626957871464,322.16504098537854,531.4612507313932,0.8043599776411403,0.1956400223588597,0.0,1.0745667970933481,0.0,12.162847655399721,1.0300404859388865,157347.90802857318,0.0,0.0,100.0,0.0,199.59999999999988,0.1995999999999999,0.19959999999999992,89.31335963341752,1063.759629663796,923.256822045453,47647654.597119376,1.667838435674851,0.0,0.0,0.0,nan,0,nan,0,nan,nan,nan,nan,nan,nan
fog_size,20,200,180.0,9.0,10.0,13,55,2dp_fhs,,1789,10.0,125.53322853339802,101.57437441404404,347.24463420831404,550.0,0.7557294577976523,0.24427054220234767,0.0,0.9455789112292723,0.0,22.153345258302444,1.0784039206106384,157323.68186997273,73.0,40.804918949133594,1.3513513513513513,0.0,1295.8,1.2958,1.2958,55.612463316892594,1011.8103709166128,909.8252755896744,98833775.67901555,2.9000582733373235,0.0,0.0,0.0,nan,0,nan,0,nan,nan,nan,nan,nan,nan
fog_size,20,200,180.0,9.0,10.0,13,55,3d_pos,,1789,10.0,118.22767216733672,89.53347996169825,321.6891064561855,550.0,0.801006148686417,0.19899385131358305,0.0,0.5986438787897628,0.0,8.891252741490998,1.0153059664061286,157320.6132191671,8.0,4.471771939631079,11.11111111111111,0.0,1972.7999999999995,1.9727999999999994,1.9727999999999994,56.832529056841544,1135.9595581937888,985.3570738285541,171302835.37102336,2.4141957440439192,0.0,0.0,0.0,nan,0,nan,0,nan,nan,nan,nan,nan,nan
fog_size,40,400,360.0,9.0,10.0,13,55,spotis,,3609,10.0,116.27583189101024,88.50610664391745,328.27078879378996,549.5642636995743,0.8176780271543364,0.18232197284566365,0.0,0.5521337728977915,0.0,6.034970806238869,1.0069170252263906,315387.98206205777,0.0,0.0,100.0,2.9702970297029703,73.74378217821783,0.07374378217821782,0.07374378217821782,84.41547183507456,1026.635608762332,920.233781013318,360774582.1630371,0.740959273121924,97.02970297029702,0.0,1.9801980198019802,nan,0,nan,0,12.907826650480969,21.209877737802113,7.336431973035008,15.475720228697057,32.2565468004672,10.81359660951767
fog_size,40,400,360.0,9.0,10.0,13,55,fu_serve,,3609,10.0,119.00463169550967,92.21367230648082,326.52841569488476,547.977317231967,0.7949570518149072,0.20504294818509283,0.0,0.999414534147182,0.0,11.125777662539145,1.03515967987954,315386.4430421892,0.0,0.0,100.0,0.0,692.6999999999998,0.6926999999999999,0.6926999999999999,93.77640936874437,857.9309667566191,733.8940947957697,113778886.46497622,2.382134661319011,0.0,0.0,0.0,nan,0,nan,0,nan,nan,nan,nan,nan,nan
fog_size,40,400,360.0,9.0,10.0,13,55,2dp_fhs,,3609,10.0,130.00392129178084,107.43521490721398,363.190664892509,550.0,0.7182044887780549,0.2817955112219451,0.0,0.9579222438744769,0.0,18.89608166137854,1.0892638761342486,315239.94188755477,91.0,25.214740925464117,1.0869565217391304,0.0,4741.400000000002,4.741400000000002,4.741400000000002,65.33192271825007,874.4774691274923,760.0107169456328,137163335.6278527,7.48642906526341,0.0,0.0,0.0,nan,0,nan,0,nan,nan,nan,nan,nan,nan
fog_size,40,400,360.0,9.0,10.0,13,55,3d_pos,,3609,10.0,121.0282038388806,93.43548922813305,340.7884241783378,520.9450864580617,0.7780548628428927,0.2219451371571073,0.0,0.6562790415594506,0.0,11.296758799926812,1.042893013219388,315345.0135017348,31.0,8.5896370185647,3.125,0.0,7364.199999999996,7.364199999999996,7.364199999999996,51.46679144195313,876.4604173580983,759.178054256666,191906201.52510464,7.407511579302402,0.0,0.0,0.0,nan,0,nan,0,nan,nan,nan,nan,nan,nan
fog_size,80,800,720.0,9.0,10.0,13,55,spotis,,7207,10.0,121.248105471505,92.78603815685304,347.06813042220176,550.0,0.7834050228944082,0.21659497710559183,0.0,0.5578724766752394,0.0,6.04240079207987,1.0599208586295192,629744.0866531903,0.0,0.0,100.0,1.9801980198019802,87.03445544554455,0.08703445544554456,0.08703445544554456,97.59511869652636,2160.2906118395567,2073.0791371341393,311619594.96183103,0.8861143218350908,98.01980198019803,0.0,0.0,nan,0,nan,0,15.385239545857269,20.225693634785028,7.3219795919625605,6.802994310365003,37.43812960972191,12.825963307308221
fog_size,80,800,720.0,9.0,10.0,13,55,fu_serve,,7207,10.0,124.92545380158883,99.87030572983157,350.2098760673063,550.0,0.7469127237408075,0.2530872762591925,0.0,0.8832990783488475,0.0,9.93549931745505,1.0869058404789036,629610.5876246662,0.0,0.0,100.0,0.0,2499.099999999999,2.499099999999999,2.499099999999999,90.29264422314083,1221.7893760124366,1143.3849774949458,129969907.70605749,4.96509738342604,0.0,0.0,0.0,nan,0,nan,0,nan,nan,nan,nan,nan,nan
fog_size,80,800,720.0,9.0,10.0,13,55,2dp_fhs,,7207,10.0,149.71908954295455,150.0,410.35921569463324,550.0,0.5278201748300264,0.4721798251699736,0.0,0.8920257954361395,0.0,16.533624948583448,1.3095586099260623,628741.3344375268,98.0,13.597890939364508,1.0101010101010102,0.0,18068.0,18.068,18.068,61.407906810374826,1168.6458746903031,1094.8369260593918,162957400.51741037,27.714895359493283,0.0,0.0,0.0,nan,0,nan,0,nan,nan,nan,nan,nan,nan
fog_size,80,800,720.0,9.0,10.0,13,55,3d_pos,,7207,10.0,142.03553328412087,139.08196374703462,393.1998084286531,550.0,0.6041348688774802,0.39586513112251975,0.0,0.691742637341328,0.0,13.531137608363762,1.2122322450731562,629037.8326804168,58.0,8.047731372276953,1.694915254237288,0.0,28617.999999999996,28.617999999999995,28.617999999999995,60.54472997150299,1257.0148142780424,1176.6875290266412,382712059.6021865,27.894677950371193,0.0,0.0,0.0,nan,0,nan,0,nan,nan,nan,nan,nan,nan
arrival_rate,20,200,60.0,3.0,10.0,13,55,spotis,,614,10.0,95.33511263219448,71.01596312535509,257.7116751680664,357.49114850939895,0.9218241042345277,0.07817589576547235,0.0,0.5648208469055374,0.0,6.078695960911421,0.869872003307746,156358.02732317933,0.0,0.0,100.0,1.9801980198019802,64.42550495049503,0.06442550495049502,0.06442550495049502,88.3370761549701,1094.7744492749,989.1322513227841,120275296.78966542,0.6707117467947412,98.01980198019803,0.0,0.0,nan,0,nan,0,10.159900551833127,17.053634814915778,5.238389644358095,22.435792822814964,36.64933771146013,8.46294445461791
arrival_rate,20,200,60.0,3.0,10.0,13,55,fu_serve,,614,10.0,95.7026972479573,71.37890487309218,259.73360977394213,385.882270359738,0.9201954397394136,0.07980456026058635,0.0,1.1296416938110747,0.0,12.485184039086851,0.8744106009779626,156359.72175885967,0.0,0.0,100.0,0.0,199.59999999999988,0.1995999999999999,0.19959999999999992,89.32828260021131,1063.759629663796,923.256822045453,0.0,1.591059700398979,0.0,0.0,0.0,nan,0,nan,0,nan,nan,nan,nan,nan,nan
arrival_rate,20,200,60.0,3.0,10.0,13,55,2dp_fhs,,614,10.0,97.31780263798822,75.06305664485978,265.71091754000827,349.988601150756,0.9185667752442996,0.08143322475570036,0.0,1.0254704474357335,0.0,22.267601596243463,0.8878693234272756,156366.43806772013,20.0,32.57328990228013,4.761904761904762,0.0,1295.8,1.2958,1.2958,46.82985787456404,959.0719926397268,865.8555494452922,2275115.4972571214,3.1891536322956977,0.0,0.0,0.0,nan,0,nan,0,nan,nan,nan,nan,nan,nan
arrival_rate,20,200,60.0,3.0,10.0,13,55,3d_pos,,614,10.0,97.0593692123547,74.62584054878275,254.31623404001115,399.32959029931544,0.9201954397394136,0.07980456026058635,0.0,0.6390363153346211,0.0,13.346773959464288,0.8792824589381802,156362.47435860723,9.0,14.657980456026058,10.0,0.0,1972.7999999999995,1.9727999999999994,1.9727999999999994,58.90302901720427,1120.5385593312187,970.4391614914791,88496015.85584238,2.3832728028671877,0.0,0.0,0.0,nan,0,nan,0,nan,nan,nan,nan,nan,nan
arrival_rate,20,200,120.0,6.0,10.0,13,55,spotis,,1231,10.0,107.62433708911962,80.35774414564045,285.8353464763392,480.4876582381661,0.8740861088545898,0.12591389114541018,0.0,0.5551584077985378,0.0,6.039259935011748,0.9590046089879366,156897.56872857813,0.0,0.0,100.0,2.9702970297029703,64.43825742574255,0.06443825742574255,0.06443825742574255,88.33185880457089,1094.7744492749,989.1322513227841,196770888.90685597,0.6616684944577912,97.02970297029702,0.0,0.0,nan,0,nan,0,11.9858736848626,18.73456210233373,6.261994215407402,25.312456011349337,27.716927239950323,9.988186746096622
arrival_rate,20,200,120.0,6.0,10.0,13,55,fu_serve,,1231,10.0,107.80961677415047,80.82847838036855,283.7954203785325,497.362006445284,0.8724614134849715,0.12753858651502847,0.0,1.11519090170593,0.0,12.242000812346618,0.957296524576352,156893.81623670214,0.0,0.0,100.0,0.0,199.59999999999988,0.1995999999999999,0.19959999999999992,89.32516773442757,1063.759629663796,923.256822045453,2664172.4532429655,1.5894571649651934,0.0,0.0,0.0,nan,0,nan,0,nan,nan,nan,nan,nan,nan
arrival_rate,20,200,120.0,6.0,10.0,13,55,2dp_fhs,,1231,10.0,109.6911448476039,83.6095607256988,290.4470780841777,445.0212468793789,0.8683996750609261,0.13160032493907392,0.0,1.0092989163664718,0.0,18.197719750681244,0.973990353708682,156906.87545742173,28.0,22.74573517465475,3.4482758620689653,0.0,1295.8,1.2958,1.2958,46.295488872174246,963.9292044785367,870.2178371259672,23894245.340183295,2.926525624469194,0.0,0.0,0.0,nan,0,nan,0,nan,nan,nan,nan,nan,nan
arrival_rate,20,200,120.0,6.0,10.0,13,55,3d_pos,,1231,10.0,109.47576944575617,81.80811333240534,297.1665919157724,483.985387968988,0.8635255889520714,0.13647441104792857,0.0,0.6313849413382973,0.0,10.711504464156164,0.964153700062911,156890.57515247402,12.0,9.748172217709179,7.6923076923076925,0.0,1972.7999999999995,1.9727999999999994,1.9727999999999994,58.360060438787606,1128.00612261106,978.4816817235602,149459464.85850713,2.374065121859749,0.0,0.0,0.0,nan,0,nan,0,nan,nan,nan,nan,nan,nan
arrival_rate,20,200,180.0,9.0,10.0,13,55,spotis,,1789,10.0,116.56933271729397,85.17846204544865,327.40750584140835,550.0,0.8116266070430408,0.1883733929569592,0.0,0.5319172722191167,0.0,6.026696721917768,0.9949478339363627,157310.34402418276,0.0,0.0,100.0,2.9702970297029703,64.43825742574255,0.06443825742574255,0.06443825742574255,88.32952028618857,1094.7744492749,989.1322513227841,328063959.08527297,0.6979326795664212,97.02970297029702,0.0,0.0,nan,0,nan,0,14.622888808219242,21.7852021875093,7.634559670497626,20.838151227323053,22.908681016965616,12.21051708948517
arrival_rate,20,200,180.0,9.0,10.0,13,55,fu_serve,,1789,10.0,117.56694959061451,90.87626957871464,322.16504098537854,531.4612507313932,0.8043599776411403,0.1956400223588597,0.0,1.0745667970933481,0.0,12.162847655399721,1.0300404859388865,157347.90802857318,0.0,0.0,100.0,0.0,199.59999999999988,0.1995999999999999,0.19959999999999992,89.31335963341752,1063.759629663796,923.256822045453,47647654.597119376,1.667838435674851,0.0,0.0,0.0,nan,0,nan,0,nan,nan,nan,nan,nan,nan
arrival_rate,20,200,180.0,9.0,10.0,13,55,2dp_fhs,,1789,10.0,125.53322853339802,101.57437441404404,347.24463420831404,550.0,0.7557294577976523,0.24427054220234767,0.0,0.9455789112292723,0.0,22.153345258302444,1.0784039206106384,157323.68186997273,73.0,40.804918949133594,1.3513513513513513,0.0,1295.8,1.2958,1.2958,55.612463316892594,1011.8103709166128,909.8252755896744,98833775.67901555,2.9000582733373235,0.0,0.0,0.0,nan,0,nan,0,nan,nan,nan,nan,nan,nan
arrival_rate,20,200,180.0,9.0,10.0,13,55,3d_pos,,1789,10.0,118.22767216733672,89.53347996169825,321.6891064561855,550.0,0.801006148686417,0.19899385131358305,0.0,0.5986438787897628,0.0,8.891252741490998,1.0153059664061286,157320.6132191671,8.0,4.471771939631079,11.11111111111111,0.0,1972.7999999999995,1.9727999999999994,1.9727999999999994,56.832529056841544,1135.9595581937888,985.3570738285541,171302835.37102336,2.4141957440439192,0.0,0.0,0.0,nan,0,nan,0,nan,nan,nan,nan,nan,nan
arrival_rate,20,200,240.0,12.0,10.0,13,55,spotis,,2383,10.0,129.73448564451215,105.17330407137493,384.3215269161154,550.0,0.692404532102392,0.30759546789760805,0.0,0.4811582039446076,0.0,6.020276676457885,1.0270344782123426,157560.2866583575,0.0,0.0,100.0,1.9801980198019802,64.42550495049503,0.06442550495049502,0.06442550495049502,88.32929682088513,1094.7744492749,989.1322513227841,381270111.21608466,0.6834795736261222,98.01980198019803,0.0,0.0,nan,0,nan,0,14.523240959724626,21.588484187845932,7.640798801478112,24.906981988160716,19.203670595011488,12.136823467779124
arrival_rate,20,200,240.0,12.0,10.0,13,55,fu_serve,,2383,10.0,131.83598838163854,114.06452187769389,384.9453207048,550.0,0.663029794376836,0.33697020562316404,0.0,0.96634494334872,0.0,12.125011749894469,1.0790220635678587,157570.53462974433,0.0,0.0,100.0,0.0,199.59999999999988,0.1995999999999999,0.19959999999999992,89.30753377649712,1063.759629663796,923.256822045453,49629020.046171464,1.7011350881535678,0.0,0.0,0.0,nan,0,nan,0,nan,nan,nan,nan,nan,nan
arrival_rate,20,200,240.0,12.0,10.0,13,55,2dp_fhs,,2383,10.0,139.3083384850823,132.60506015600183,398.83786976252503,550.0,0.6101552664708351,0.38984473352916493,0.0,0.8101225541205513,0.0,19.752059766110705,1.1624484882311559,157555.87987119524,85.0,35.66932438103231,1.1627906976744187,0.0,1295.8,1.2958,1.2958,63.45871511439377,1082.2638550823474,993.8009080105257,182510163.10351503,2.697077459630039,0.0,0.0,0.0,nan,0,nan,0,nan,nan,nan,nan,nan,nan
arrival_rate,20,200,240.0,12.0,10.0,13,55,3d_pos,,2383,10.0,130.84340658070013,109.99731659279365,373.2646073754498,550.0,0.6743600503566932,0.3256399496433068,0.0,0.5401374663823105,0.0,8.6924567624103,1.0704533484104641,157585.89830020274,11.0,4.616030214015947,8.333333333333334,0.0,1972.7999999999995,1.9727999999999994,1.9727999999999994,57.58756537691091,1128.3919686169504,977.8573337827382,204503305.35382682,2.3986894542390425,0.0,0.0,0.0,nan,0,nan,0,nan,nan,nan,nan,nan,nan
arrival_rate,20,200,300.0,15.0,10.0,13,55,spotis,,2974,10.0,140.64394066650445,145.66554889723716,403.5324444787096,550.0,0.5662407531943511,0.4337592468056489,0.0,0.4160053799596503,0.0,6.016247249495307,1.0773215896640675,157679.88932630143,0.0,0.0,100.0,1.9801980198019802,64.42550495049503,0.06442550495049502,0.06442550495049502,88.32901884154039,1094.7744492749,989.1322513227841,320594603.3741587,0.7188964234379263,98.01980198019803,0.0,0.0,nan,0,nan,0,15.386349916174048,23.038656248769836,8.065419078512353,22.232040222658743,18.445675989305453,12.831858544579575
arrival_rate,20,200,300.0,15.0,10.0,13,55,fu_serve,,2974,10.0,141.31285644016927,147.21397956745054,413.97665005321187,550.0,0.5622057834566241,0.4377942165433759,0.0,0.8493611297915266,0.0,12.100169132480982,1.0869308188793816,157683.02809847344,0.0,0.0,100.0,0.0,199.59999999999988,0.1995999999999999,0.19959999999999992,89.30285195869038,1063.759629663796,923.256822045453,170110142.5890179,1.7725470617817305,0.0,0.0,0.0,nan,0,nan,0,nan,nan,nan,nan,nan,nan
arrival_rate,20,200,300.0,15.0,10.0,13,55,2dp_fhs,,2974,10.0,149.2466400029121,150.0,435.0889006660123,550.0,0.4932750504371217,0.5067249495628783,0.0,0.6649921862134021,0.0,17.407119411547125,1.2110036986283612,157642.22219519495,91.0,30.598520511096165,1.0869565217391304,0.0,1295.8,1.2958,1.2958,66.20043044503906,1161.8126462450284,1086.0619100625163,280084423.2850404,2.4694784178847833,0.0,0.0,0.0,nan,0,nan,0,nan,nan,nan,nan,nan,nan
arrival_rate,20,200,300.0,15.0,10.0,13,55,3d_pos,,2974,10.0,142.0257480438611,150.0,421.0247677329494,550.0,0.5487558843308675,0.4512441156691325,0.0,0.4708768403343553,0.0,8.48428702002809,1.1159096260454182,157686.84427901328,13.0,4.371217215870881,7.142857142857143,0.0,1972.7999999999995,1.9727999999999994,1.9727999999999994,57.90884725671418,1124.1590676423998,972.9855987268135,239817966.4999552,2.436124098074536,0.0,0.0,0.0,nan,0,nan,0,nan,nan,nan,nan,nan,nan
head_failure,20,200,180.0,9.0,10.0,13,55,spotis,5.0,1789,10.0,119.54347314856093,89.12966895582119,335.03932555377907,550.0,0.7831190609278926,0.21688093907210737,0.0,0.5676466713158751,0.0,6.611419475891199,1.01171799421848,157283.09667920723,1.0,0.5589714924538849,50.0,3.9603960396039604,64.45100990099007,0.06445100990099008,0.06445100990099008,91.10293636754326,1312.3357793544085,1302.3196713318446,315827181.33234614,0.7528193993492057,96.03960396039604,0.0,0.0,1.0,0,59.542751200620316,0,14.73306595273402,21.368190809588373,7.868635921701495,20.800718815749256,22.890631487413206,12.338757012813646
head_failure,20,200,180.0,9.0,10.0,13,55,fu_serve,5.0,1789,10.0,117.51062446529883,89.77968668566128,321.1545746609072,540.0398085845794,0.7970933482392398,0.20290665176076017,0.0,0.8610422669260439,0.0,9.927261295506145,1.0271050113606996,157330.3315155075,1.0,0.5589714924538849,50.0,0.0,199.59999999999988,0.1995999999999999,0.19959999999999992,89.71650243469426,1019.1180543221426,893.6081417761856,108374404.71632338,1.3118240212063557,0.0,0.0,0.0,1.0,0,93.12550886553501,0,nan,nan,nan,nan,nan,nan
head_failure,20,200,180.0,9.0,10.0,13,55,2dp_fhs,5.0,1789,10.0,127.70568294371878,105.89369619016242,348.72868341963255,550.0,0.7322526551145891,0.26774734488541085,0.0,0.9263826084473566,0.0,23.139784601003555,1.0940472170902806,157298.88162369543,81.0,45.276690888764676,1.2195121951219512,0.0,1295.8,1.2958,1.2958,59.399216246592204,1019.5997365757788,917.3186078831081,129043968.68375172,2.8214781512289346,0.0,0.0,0.0,1.0,0,86.1142597866269,0,nan,nan,nan,nan,nan,nan
head_failure,20,200,180.0,9.0,10.0,13,55,3d_pos,5.0,1789,10.0,121.1966537763216,92.95824718905443,343.8256528747955,550.0,0.7697037451089994,0.23029625489100058,0.0,0.6130522958940643,0.0,9.973706052004964,1.0333713142173941,157288.6320689845,14.0,7.8256008943543875,6.666666666666667,0.0,1972.7999999999995,1.9727999999999994,1.9727999999999994,70.29334588562213,1080.7753069300502,949.4758081118493,200825341.5021434,2.4680893466180422,0.0,0.0,0.0,1.0,0,95.83707252410912,0,nan,nan,nan,nan,nan,nan
fog_size,10,100,90.0,9.0,10.0,14,56,spotis,,904,10.0,129.6072725833699,93.66450031758689,420.46642138685314,550.0,0.7533185840707964,0.24668141592920356,0.0,0.4918141592920353,0.0,6.050389728982092,1.0732512931078606,78644.77172461807,0.0,0.0,100.0,2.9702970297029703,60.736059405940594,0.060736059405940596,0.060736059405940596,61.35417162814263,2192.8834105262326,2472.610961818633,300319160.1924007,0.6746902878344576,97.02970297029702,0.0,0.0,nan,0,nan,0,6.196858805200354,26.82150419002976,8.02482439500729,33.45865360124732,20.16519354143857,5.332965467076704
fog_size,10,100,90.0,9.0,10.0,14,56,fu_serve,,904,10.0,129.6075742310469,93.66450031758689,420.46642138685314,550.0,0.7533185840707964,0.24668141592920356,0.0,0.4918141592920353,0.0,6.0543418141590575,1.0732564864779044,78644.77526130308,0.0,0.0,100.0,0.0,65.5,0.0655,0.0655,61.35417087176821,2192.8834105262326,2472.610961818633,300325964.1924007,0.678272077834457,0.0,0.0,0.0,nan,0,nan,0,nan,nan,nan,nan,nan,nan
fog_size,10,100,90.0,9.0,10.0,14,56,2dp_fhs,,904,10.0,141.1361760678322,110.923514290741,449.75749395321355,550.0,0.7057522123893806,0.2942477876106194,0.0,0.7547880775831877,0.0,33.15408679974166,1.1464448382603785,78645.31940082173,83.0,91.8141592920354,1.1904761904761905,0.0,369.69999999999976,0.36969999999999975,0.36969999999999975,61.59106203034674,2011.179504471636,2259.388456708673,191181739.46330947,1.4011055377415544,0.0,0.0,0.0,nan,0,nan,0,nan,nan,nan,nan,nan,nan
fog_size,10,100,90.0,9.0,10.0,14,56,3d_pos,,904,10.0,132.1372191031139,97.54434433609848,417.11022174569007,550.0,0.7411504424778761,0.2588495575221239,0.0,0.5355355519864281,0.0,10.414001818068453,1.083259582531627,78639.67151430782,12.0,13.274336283185841,7.6923076923076925,0.0,547.3000000000003,0.5473000000000003,0.5473000000000003,40.60707733767382,2621.672297412232,2797.082063538531,167387396.19669667,1.1277385220968315,0.0,0.0,0.0,nan,0,nan,0,nan,nan,nan,nan,nan,nan
fog_size,20,200,180.0,9.0,10.0,14,56,spotis,,1816,10.0,131.7239442906326,100.24912606003467,403.25333188872946,550.0,0.7527533039647577,0.2472466960352423,0.0,0.5008810572687225,0.0,6.026612874448958,1.1126268272214503,157360.30135851324,0.0,0.0,100.0,2.9702970297029703,64.43825742574255,0.06443825742574255,0.06443825742574255,74.62972152323424,2091.314717357267,2089.903406793476,297024554.52982134,0.6924433468381257,97.02970297029702,0.0,1.9801980198019802,nan,0,nan,0,11.457821332195993,22.769151258140045,8.591064013194693,19.49714883030931,27.90728208672754,9.777532479432411
fog_size,20,200,180.0,9.0,10.0,14,56,fu_serve,,1816,10.0,131.12800218651026,99.34967192714161,401.4102544850031,550.0,0.7522026431718062,0.24779735682819382,0.0,0.5656058618511554,0.0,7.090119306181084,1.1091477832393681,157354.43635760646,2.0,1.1013215859030836,33.333333333333336,0.0,199.59999999999988,0.1995999999999999,0.19959999999999992,78.7044906086116,1619.134820397832,1566.341953793598,241603688.56081748,0.8970870701893138,0.0,0.0,0.0,nan,0,nan,0,nan,nan,nan,nan,nan,nan
fog_size,20,200,180.0,9.0,10.0,14,56,2dp_fhs,,1816,10.0,141.03273079569655,116.48804441059335,435.2309496706457,550.0,0.6866740088105727,0.3133259911894273,0.0,0.814278492107072,0.0,23.134865044625727,1.2082557123119442,157346.0353589545,88.0,48.458149779735685,1.1235955056179776,0.0,1295.8,1.2958,1.2958,63.64982464177803,1538.253116095057,1514.4749568408554,205320642.6476825,2.6163102818837816,0.0,0.0,0.0,nan,0,nan,0,nan,nan,nan,nan,nan,nan
fog_size,20,200,180.0,9.0,10.0,14,56,3d_pos,,1816,10.0,134.50336696491482,103.91224862167847,416.9331187009783,550.0,0.7301762114537445,0.26982378854625555,0.0,0.5874234119436567,0.0,12.093354676396297,1.1367283520890714,157346.6422805716,28.0,15.418502202643172,3.4482758620689653,0.0,1972.7999999999995,1.9727999999999994,1.9727999999999994,66.42441354640215,1512.1585105038266,1439.4154098534875,210191592.8198705,2.5166820930091323,0.0,0.0,0.0,nan,0,nan,0,nan,nan,nan,nan,nan,nan
fog_size,40,400,360.0,9.0,10.0,14,56,spotis,,3682,10.0,131.4160859433098,100.02607382786888,415.0230513006874,550.0,0.7588267246061923,0.24117327539380773,0.0,0.5531878233327849,0.0,6.233012967157404,1.1542980903852813,315653.9826604599,0.0,0.0,100.0,2.9702970297029703,73.74378217821783,0.07374378217821782,0.07374378217821782,91.49030647858719,1636.0552107631001,1604.5077736766646,452866807.0232795,0.7696339068722124,97.02970297029702,0.0,0.0,nan,0,nan,0,16.98569688680912,19.3559747924044,7.472828533042739,14.021126567385139,28.0837820415133,14.0805911788453
fog_size,40,400,360.0,9.0,10.0,14,56,fu_serve,,3682,10.0,131.95136857116873,101.51761576380224,405.05643356185226,550.0,0.744975556762629,0.25502444323737095,0.0,0.891776015747217,0.0,10.235825213780657,1.1676103742374229,315631.62905245664,0.0,0.0,100.0,0.0,692.6999999999998,0.6926999999999999,0.6926999999999999,88.33432623684224,1569.4508132984583,1533.5621629720176,202620613.84184745,2.135610410409665,0.0,0.0,0.0,nan,0,nan,0,nan,nan,nan,nan,nan,nan
fog_size,40,400,360.0,9.0,10.0,14,56,2dp_fhs,,3682,10.0,143.55348047105556,124.3265531108504,435.395806621956,550.0,0.6442151004888648,0.35578489951113523,0.0,0.8984845156652967,0.0,18.769102039830905,1.3020888656085028,315517.42858514684,96.0,26.072786529060295,1.0309278350515463,0.0,4741.400000000002,4.741400000000002,4.741400000000002,69.08998514671764,1637.8740366640816,1609.7370379212066,335771952.3140389,7.116366074531769,0.0,0.0,0.0,nan,0,nan,0,nan,nan,nan,nan,nan,nan
fog_size,40,400,360.0,9.0,10.0,14,56,3d_pos,,3682,10.0,140.68330493928045,116.42190763503812,443.3709734589769,550.0,0.6797935904399782,0.3202064095600218,0.0,0.6586841042093358,0.0,15.40104448809748,1.2384911336924158,315528.81710355554,81.0,21.998913633894624,1.2195121951219512,0.0,7364.199999999996,7.364199999999996,7.364199999999996,66.49581769399735,1868.466888338503,1820.1536190036481,269586818.4013279,7.676152000160005,0.0,0.0,0.0,nan,0,nan,0,nan,nan,nan,nan,nan,nan
fog_size,80,800,720.0,9.0,10.0,14,56,spotis,,7324,10.0,123.67533688266069,94.03920354486387,368.0138430633742,550.0,0.7704806116876024,0.2295193883123976,0.0,0.5679004965277069,0.0,6.135899370876134,1.0839730158882745,630887.3338013947,0.0,0.0,100.0,1.9801980198019802,87.03445544554455,0.08703445544554456,0.08703445544554456,92.40989862438708,1919.298885330073,1758.1316100656268,363227861.4155532,0.9419791559776565,98.01980198019803,0.0,0.9900990099009901,nan,0,nan,0,15.07582003756032,21.363888008984492,7.5177757934304115,7.797552164544869,35.67255814104809,12.572405854431818
fog_size,80,800,720.0,9.0,10.0,14,56,fu_serve,,7324,10.0,128.42509412286628,103.5259517853041,376.2614868682694,550.0,0.7370289459311852,0.2629710540688148,0.0,0.7544722370224256,0.0,8.577955429132004,1.1104458319718724,630764.6606737215,3.0,0.4096122337520481,25.0,0.0,2499.099999999999,2.499099999999999,2.499099999999999,96.36090641830589,1756.4010363357797,1603.4510121171688,374197829.4156358,5.059546978772786,0.0,0.0,0.0,nan,0,nan,0,nan,nan,nan,nan,nan,nan
fog_size,80,800,720.0,9.0,10.0,14,56,2dp_fhs,,7324,10.0,157.07594170337768,150.0,431.83787782794855,550.0,0.4670944838885855,0.5329055161114145,0.0,0.9649306760794545,0.0,17.354928240996326,1.4078061642817867,629586.5789607452,98.0,13.380666302566903,1.0101010101010102,0.0,18068.0,18.068,18.068,46.62561467768679,1480.5820602375281,1451.1206351519127,212857431.6989682,33.975921670865496,0.0,0.0,0.0,nan,0,nan,0,nan,nan,nan,nan,nan,nan
fog_size,80,800,720.0,9.0,10.0,14,56,3d_pos,,7324,10.0,142.82862493850774,137.38242175153349,406.7332250134497,550.0,0.6119606772255598,0.3880393227744402,0.0,0.6554041807396711,0.0,12.799994166795221,1.2216340268475783,630245.837781068,56.0,7.64609503003823,1.7543859649122806,0.0,28617.999999999996,28.617999999999995,28.617999999999995,77.31036877735659,1758.1428173820752,1592.9849780661407,376088607.7843001,26.357240272736384,0.0,0.0,0.0,nan,0,nan,0,nan,nan,nan,nan,nan,nan
arrival_rate,20,200,60.0,3.0,10.0,14,56,spotis,,611,10.0,105.32709617175026,72.2982779057535,313.1662421850143,491.1247478181093,0.9427168576104746,0.057283142389525366,0.0,0.5754500818330605,0.0,6.079082356791485,0.9646409769407042,156394.97368841936,0.0,0.0,100.0,1.9801980198019802,64.42550495049503,0.06442550495049502,0.06442550495049502,74.63745573911365,2091.314717357267,2089.903406793476,96846923.01675083,0.6580172584670375,98.01980198019803,0.0,0.9900990099009901,nan,0,nan,0,7.243055193477793,16.00181132071661,5.318424430701901,21.30519856154204,43.960913668378524,6.170596825183127
arrival_rate,20,200,60.0,3.0,10.0,14,56,fu_serve,,611,10.0,105.85948761707289,72.6619695992512,315.4602697632538,501.99438746875654,0.939443535188216,0.060556464811784005,0.0,0.6445980443727131,0.0,7.855486728390527,0.9692970255416432,156395.71697836238,2.0,3.2733224222585924,33.333333333333336,0.0,199.59999999999988,0.1995999999999999,0.19959999999999992,78.71119997825761,1619.134820397832,1566.341953793598,191267754.12244442,0.8513396059836367,0.0,0.0,0.0,nan,0,nan,0,nan,nan,nan,nan,nan,nan
arrival_rate,20,200,60.0,3.0,10.0,14,56,2dp_fhs,,611,10.0,110.97979671299478,78.92759165019791,322.50970689311146,474.99263141374627,0.9263502454991817,0.07364975450081834,0.0,0.7882550370406062,0.0,31.9683860490319,1.0028485073930107,156406.95274088596,50.0,81.83306055646482,1.9607843137254901,0.0,1295.8,1.2958,1.2958,72.56804300442946,1403.177322770599,1379.2198205571628,40579083.67106166,2.1559198905755514,0.0,0.0,0.0,nan,0,nan,0,nan,nan,nan,nan,nan,nan
arrival_rate,20,200,60.0,3.0,10.0,14,56,3d_pos,,611,10.0,110.82833333047839,80.20002231743462,345.5723649201508,497.72713001081655,0.9296235679214403,0.0703764320785597,0.0,0.678059960386575,0.0,25.884707111162793,0.9919247110675096,156402.75372158783,37.0,60.55646481178396,2.6315789473684212,0.0,1972.7999999999995,1.9727999999999994,1.9727999999999994,65.51769186640067,1506.8751416119974,1432.346010174458,55457169.10514775,2.466990957855731,0.0,0.0,0.0,nan,0,nan,0,nan,nan,nan,nan,nan,nan
arrival_rate,20,200,120.0,6.0,10.0,14,56,spotis,,1211,10.0,117.53701355663341,86.19596586770406,359.4020334445351,550.0,0.8761354252683733,0.12386457473162671,0.0,0.5554087530966143,0.0,6.039908323698976,1.0565116473578506,156960.2993435482,0.0,0.0,100.0,2.9702970297029703,64.43825742574255,0.06443825742574255,0.06443825742574255,74.63166470082807,2091.314717357267,2089.903406793476,261892594.7627254,0.6705668961194224,97.02970297029702,0.0,1.9801980198019802,nan,0,nan,0,9.934660234743784,20.19920835958796,7.40036057736218,21.093466794661996,32.8922992513483,8.48000478229578
arrival_rate,20,200,120.0,6.0,10.0,14,56,fu_serve,,1211,10.0,117.62613330221066,86.42483839842896,358.761448876737,520.0841266504884,0.8777869529314616,0.12221304706853842,0.0,0.6200840854468911,0.0,7.289944947633622,1.0434402653385793,156948.5174877564,2.0,1.6515276630883566,33.333333333333336,0.0,199.59999999999988,0.1995999999999999,0.19959999999999992,78.70659070948828,1619.134820397832,1566.341953793598,157403354.99926394,0.8679496036102656,0.0,0.0,0.0,nan,0,nan,0,nan,nan,nan,nan,nan,nan
arrival_rate,20,200,120.0,6.0,10.0,14,56,2dp_fhs,,1211,10.0,127.00952164537253,96.69699373689866,393.4877025459738,550.0,0.8265895953757225,0.17341040462427748,0.0,0.8414698403064171,0.0,25.700060702856625,1.1187312544076937,156959.1904713636,71.0,58.62923203963666,1.3888888888888888,0.0,1295.8,1.2958,1.2958,69.79919756374343,1453.3017388854037,1418.12322413691,151669756.1218512,2.4415090867819154,0.0,0.0,0.0,nan,0,nan,0,nan,nan,nan,nan,nan,nan
arrival_rate,20,200,120.0,6.0,10.0,14,56,3d_pos,,1211,10.0,123.54924187122249,92.29060304472725,383.36369238705225,550.0,0.8480594549958712,0.1519405450041288,0.0,0.646824828717083,0.0,16.470882008136698,1.0862738787557615,156954.94375918366,37.0,30.5532617671346,2.6315789473684212,0.0,1972.7999999999995,1.9727999999999994,1.9727999999999994,65.86337851908418,1525.5247411680355,1451.7482633003792,141141320.58510873,2.448671620377907,0.0,0.0,0.0,nan,0,nan,0,nan,nan,nan,nan,nan,nan
arrival_rate,20,200,180.0,9.0,10.0,14,56,spotis,,1816,10.0,131.7239442906326,100.24912606003467,403.25333188872946,550.0,0.7527533039647577,0.2472466960352423,0.0,0.5008810572687225,0.0,6.026612874448958,1.1126268272214503,157360.30135851324,0.0,0.0,100.0,2.9702970297029703,64.43825742574255,0.06443825742574255,0.06443825742574255,74.62972152323424,2091.314717357267,2089.903406793476,297024554.52982134,0.6924433468381257,97.02970297029702,0.0,1.9801980198019802,nan,0,nan,0,11.457821332195993,22.769151258140045,8.591064013194693,19.49714883030931,27.90728208672754,9.777532479432411
arrival_rate,20,200,180.0,9.0,10.0,14,56,fu_serve,,1816,10.0,131.12800218651026,99.34967192714161,401.4102544850031,550.0,0.7522026431718062,0.24779735682819382,0.0,0.5656058618511554,0.0,7.090119306181084,1.1091477832393681,157354.43635760646,2.0,1.1013215859030836,33.333333333333336,0.0,199.59999999999988,0.1995999999999999,0.19959999999999992,78.7044906086116,1619.134820397832,1566.341953793598,241603688.56081748,0.8970870701893138,0.0,0.0,0.0,nan,0,nan,0,nan,nan,nan,nan,nan,nan
arrival_rate,20,200,180.0,9.0,10.0,14,56,2dp_fhs,,1816,10.0,141.03273079569655,116.48804441059335,435.2309496706457,550.0,0.6866740088105727,0.3133259911894273,0.0,0.814278492107072,0.0,23.134865044625727,1.2082557123119442,157346.0353589545,88.0,48.458149779735685,1.1235955056179776,0.0,1295.8,1.2958,1.2958,63.64982464177803,1538.253116095057,1514.4749568408554,205320642.6476825,2.6163102818837816,0.0,0.0,0.0,nan,0,nan,0,nan,nan,nan,nan,nan,nan
arrival_rate,20,200,180.0,9.0,10.0,14,56,3d_pos,,1816,10.0,134.50336696491482,103.91224862167847,416.9331187009783,550.0,0.7301762114537445,0.26982378854625555,0.0,0.5874234119436567,0.0,12.093354676396297,1.1367283520890714,157346.6422805716,28.0,15.418502202643172,3.4482758620689653,0.0,1972.7999999999995,1.9727999999999994,1.9727999999999994,66.42441354640215,1512.1585105038266,1439.4154098534875,210191592.8198705,2.5166820930091323,0.0,0.0,0.0,nan,0,nan,0,nan,nan,nan,nan,nan,nan
arrival_rate,20,200,240.0,12.0,10.0,14,56,spotis,,2439,10.0,145.98793405986422,127.77809328428091,480.39556688765254,550.0,0.6076260762607626,0.3923739237392374,0.0,0.4349323493234933,0.0,6.0198150799504635,1.1861533508438362,157597.21975165207,0.0,0.0,100.0,2.9702970297029703,64.43825742574255,0.06443825742574255,0.06443825742574255,74.62867698848298,2091.314717357267,2089.903406793476,393349031.51918197,0.6908748325965075,97.02970297029702,0.0,1.9801980198019802,nan,0,nan,0,11.822406972025302,23.321466984144894,8.915374973081788,19.692208798507906,26.153752983254503,10.09478928898561
arrival_rate,20,200,240.0,12.0,10.0,14,56,fu_serve,,2439,10.0,145.18899804843753,125.62296058035294,482.50497796491385,550.0,0.6055760557605576,0.3944239442394424,0.0,0.4916294992315484,0.0,6.990792006415753,1.1830091411892816,157586.64498723808,2.0,0.8200082000820008,33.333333333333336,0.0,199.59999999999988,0.1995999999999999,0.19959999999999992,78.70313569819587,1619.131842353264,1566.3375635904752,424156070.6154853,0.8943304204441154,0.0,0.0,0.0,nan,0,nan,0,nan,nan,nan,nan,nan,nan
arrival_rate,20,200,240.0,12.0,10.0,14,56,2dp_fhs,,2439,10.0,153.76304661665085,150.0,493.1677958362907,550.0,0.5334153341533415,0.4665846658466585,0.0,0.7114171330608159,0.0,19.471781733278615,1.3281409765792702,157567.25189623112,88.0,36.08036080360804,1.1235955056179776,0.0,1295.8,1.2958,1.2958,57.05057979441509,1634.8149645960157,1628.7580258405096,284815218.66684157,2.5715715703969124,0.0,0.0,0.0,nan,0,nan,0,nan,nan,nan,nan,nan,nan
arrival_rate,20,200,240.0,12.0,10.0,14,56,3d_pos,,2439,10.0,150.9902510845917,150.0,511.73076510204544,550.0,0.5629356293562936,0.4370643706437064,0.0,0.5128000869076819,0.0,12.586801943535594,1.2742793159661834,157588.9259865231,46.0,18.86018860188602,2.127659574468085,0.0,1972.7999999999995,1.9727999999999994,1.9727999999999994,67.57972987436551,1538.8202083656274,1467.9323543120972,327555874.17885774,2.467440467745054,0.0,0.0,0.0,nan,0,nan,0,nan,nan,nan,nan,nan,nan
arrival_rate,20,200,300.0,15.0,10.0,14,56,spotis,,3061,10.0,153.72080496221326,150.0,510.3306059614008,550.0,0.4887291734727213,0.5112708265272787,0.0,0.37615158444952634,0.0,6.0157917804635925,1.2208234284852393,157665.69233471545,0.0,0.0,100.0,3.9603960396039604,64.45100990099007,0.06445100990099008,0.06445100990099008,74.62802989260831,2091.314717357267,2089.903406793476,529948569.6740197,0.7132999732939477,96.03960396039604,0.0,2.9702970297029703,nan,0,nan,0,12.401186395447425,24.180207310423103,9.34345082417979,17.712483346295524,25.789907926472587,10.572764197181574
arrival_rate,20,200,300.0,15.0,10.0,14,56,fu_serve,,3061,10.0,154.00201393142942,150.0,517.3936244374231,550.0,0.48742241097680494,0.5125775890231951,0.0,0.42325230783842016,0.0,6.9424615543037005,1.2278699883304727,157671.32250829056,2.0,0.6533812479581836,33.333333333333336,0.0,199.59999999999988,0.1995999999999999,0.19959999999999992,78.70283723518136,1619.131842353264,1566.3375635904752,356295404.4189184,0.9217812340322901,0.0,0.0,0.0,nan,0,nan,0,nan,nan,nan,nan,nan,nan
arrival_rate,20,200,300.0,15.0,10.0,14,56,2dp_fhs,,3061,10.0,160.8442388936354,150.0,523.4434029481018,550.0,0.42437112054884024,0.5756288794511597,0.0,0.5919744282519898,0.0,17.086230903155514,1.3885207852986308,157643.02898580444,90.0,29.402156158118263,1.098901098901099,0.0,1295.8,1.2958,1.2958,63.05656693610449,1648.0614151858265,1643.8798390143115,341808289.7223846,2.4807171482244694,0.0,0.0,0.0,nan,0,nan,0,nan,nan,nan,nan,nan,nan
arrival_rate,20,200,300.0,15.0,10.0,14,56,3d_pos,,3061,10.0,156.68660763688587,150.0,541.2193840799849,550.0,0.46749428291408035,0.5325057170859196,0.0,0.4566839540159047,0.0,10.731468448031212,1.2750738301868805,157663.97113669896,38.0,12.414243711205488,2.5641025641025643,0.0,1972.7999999999995,1.9727999999999994,1.9727999999999994,67.16055257443232,1537.8714064840035,1466.1087037189097,260013924.0397776,2.4818954151304733,0.0,0.0,0.0,nan,0,nan,0,nan,nan,nan,nan,nan,nan
head_failure,20,200,180.0,9.0,10.0,14,56,spotis,5.0,1816,10.0,135.01125774683797,101.59046050304565,433.30815438451475,550.0,0.7296255506607929,0.27037444933920707,0.0,0.563248493229897,0.0,6.969261400443599,1.123404425368101,157327.85134931424,1.0,0.5506607929515418,50.0,3.9603960396039604,64.45100990099007,0.06445100990099008,0.06445100990099008,70.02106929206502,1771.1301066034057,1738.4356487190423,243910067.08106205,0.7916462234301381,96.03960396039604,0.0,1.9801980198019802,1.0,0,94.6769772893841,0,11.5806268437306,21.292389956166875,8.580103652753701,18.892479097247687,29.762161376198303,9.89223907390283
head_failure,20,200,180.0,9.0,10.0,14,56,fu_serve,5.0,1816,10.0,135.0699876238762,102.36287107121893,428.43843919412956,550.0,0.7263215859030837,0.2736784140969163,0.0,0.7037172559812638,0.0,8.73159796784149,1.1485528757722485,157354.28172884512,1.0,0.5506607929515418,50.0,0.0,199.59999999999988,0.1995999999999999,0.19959999999999992,84.47781086064596,1527.5885596423616,1465.5079243156588,261517469.0379068,1.1483825314165497,0.0,0.0,0.0,1.0,0,73.37126822309601,0,nan,nan,nan,nan,nan,nan
head_failure,20,200,180.0,9.0,10.0,14,56,2dp_fhs,5.0,1816,10.0,141.95208176092723,116.26183701551872,444.74143248652064,550.0,0.6784140969162996,0.3215859030837004,0.0,0.826420712349195,0.0,23.847106470822805,1.214985473014471,157336.20258845531,92.0,50.66079295154185,1.075268817204301,0.0,1295.8,1.2958,1.2958,57.96927984766437,1598.9610292066995,1592.943094864121,235437665.19733524,2.6449063222774867,0.0,0.0,0.0,1.0,1,71.62272363144938,0,nan,nan,nan,nan,nan,nan
head_failure,20,200,180.0,9.0,10.0,14,56,3d_pos,5.0,1816,10.0,137.84966494259987,107.54006169009989,428.0389106878334,550.0,0.7009911894273128,0.29900881057268724,0.0,0.5973149174318395,0.0,13.267546219483608,1.159181806957773,157314.97892595877,35.0,19.273127753303964,2.7777777777777777,0.0,1972.7999999999995,1.9727999999999994,1.9727999999999994,62.46827482157586,1501.4026024843922,1449.168142902034,228946571.8598156,2.5487387545805067,0.0,0.0,0.0,1.0,1,42.852283150462256,0,nan,nan,nan,nan,nan,nan
fog_size,10,100,90.0,9.0,10.0,15,57,spotis,,909,10.0,124.32184903015838,92.55849884579703,358.22216665793894,550.0,0.7513751375137514,0.2486248624862486,0.0,0.48561946109484816,0.0,6.1479881243833905,0.9817636074050009,78584.43213786923,0.0,0.0,100.0,2.9702970297029703,60.736059405940594,0.060736059405940596,0.060736059405940596,66.78931601942094,1186.208753847943,1136.8737282361583,252924377.49561074,0.6819492819728435,97.02970297029702,0.0,0.0,nan,0,nan,0,7.488169938304515,24.370073134652685,7.520931384010265,30.920113082030436,23.268305749473928,6.432406711528166
fog_size,10,100,90.0,9.0,10.0,15,57,fu_serve,,909,10.0,124.90941157877302,90.66748651245061,385.8338638295778,550.0,0.7381738173817382,0.26182618261826185,0.0,0.6071731956240408,0.0,7.7007059035210474,1.000051876051832,78584.92240284239,0.0,0.0,100.0,0.0,65.5,0.0655,0.0655,82.66840956897238,1170.4545107541562,1123.3546833331377,208005050.9336136,0.8641266072575065,0.0,0.0,0.0,nan,0,nan,0,nan,nan,nan,nan,nan,nan
fog_size,10,100,90.0,9.0,10.0,15,57,2dp_fhs,,909,10.0,133.85659577943477,108.30006584852202,423.4794553148199,550.0,0.7029702970297029,0.29702970297029707,0.0,0.8329282414329717,0.0,29.099171669420688,1.04848818117708,78583.87154178377,65.0,71.5071507150715,1.5151515151515151,0.0,369.69999999999976,0.36969999999999975,0.36969999999999975,49.57189083404498,1194.583002130506,1177.344154036425,115856398.12795223,1.6015825287980712,0.0,0.0,0.0,nan,0,nan,0,nan,nan,nan,nan,nan,nan
fog_size,10,100,90.0,9.0,10.0,15,57,3d_pos,,909,10.0,130.62625834826392,99.44724088168044,411.27724265727636,550.0,0.7216721672167217,0.27832783278327833,0.0,0.5494267573353493,0.0,18.896158023147855,1.0368560245678184,78594.0651461281,41.0,45.1045104510451,2.380952380952381,0.0,547.3000000000003,0.5473000000000003,0.5473000000000003,74.16314149277726,1199.7493455085782,1151.3319414324521,188316760.1104751,1.186153281256983,0.0,0.0,0.0,nan,0,nan,0,nan,nan,nan,nan,nan,nan
fog_size,20,200,180.0,9.0,10.0,15,57,spotis,,1768,10.0,125.87740187314921,95.90424367458849,373.93127367632417,550.0,0.7618778280542986,0.2381221719457014,0.0,0.5073529411764705,0.0,6.027335395927202,1.052551608234553,158397.78609341726,0.0,0.0,100.0,2.9702970297029703,64.43825742574255,0.06443825742574255,0.06443825742574255,93.42865901683912,1233.370824274943,1270.0876259995357,309947274.9622038,0.6913017859002649,97.02970297029702,0.0,1.9801980198019802,nan,0,nan,0,15.337163547295058,20.05470214019465,7.346459305748521,18.7103827930253,25.874341980324722,12.676950233411743
fog_size,20,200,180.0,9.0,10.0,15,57,fu_serve,,1768,10.0,125.80203058353543,95.89767386512204,371.0854901135234,550.0,0.748868778280543,0.251131221719457,0.0,0.6271383643831308,0.0,7.495988448780834,1.066357932357359,158391.85697956645,0.0,0.0,100.0,0.0,199.59999999999988,0.1995999999999999,0.19959999999999992,95.88115527135335,1050.301584552314,1061.190302884478,203675532.57162285,0.9917012202895005,0.0,0.0,0.0,nan,0,nan,0,nan,nan,nan,nan,nan,nan
fog_size,20,200,180.0,9.0,10.0,15,57,2dp_fhs,,1768,10.0,135.31888419603334,116.14315162718026,379.6861801043006,550.0,0.6815610859728507,0.3184389140271493,0.0,0.7462161552137142,0.0,23.736800213196787,1.16534947112686,158384.24518983313,96.0,54.29864253393665,1.0309278350515463,0.0,1295.8,1.2958,1.2958,75.8638399548878,1193.7114135744707,1208.2002869781327,188559337.7897683,2.378894137237996,0.0,0.0,0.0,nan,0,nan,0,nan,nan,nan,nan,nan,nan
fog_size,20,200,180.0,9.0,10.0,15,57,3d_pos,,1768,10.0,131.37546772582343,105.63991268364691,365.03394521407137,550.0,0.7160633484162896,0.2839366515837104,0.0,0.6309690739304913,0.0,14.587937290477972,1.1221298330688392,158400.61544579043,41.0,23.190045248868778,2.380952380952381,0.0,1972.7999999999995,1.9727999999999994,1.9727999999999994,62.46562069421838,1631.228190979463,1625.802575852056,194381050.1715709,2.656095263021373,0.0,0.0,0.0,nan,0,nan,0,nan,nan,nan,nan,nan,nan
fog_size,40,400,360.0,9.0,10.0,15,57,spotis,,3624,10.0,122.12767456937347,92.47217315475442,362.45343745576963,550.0,0.7980132450331126,0.20198675496688745,0.0,0.5587149312135963,0.0,6.147583374463041,1.0568570588880994,315972.38393462443,0.0,0.0,100.0,2.9702970297029703,73.74378217821783,0.07374378217821782,0.07374378217821782,96.22887110606425,1674.0137499603297,1592.9654906452915,366797386.955792,0.7452218907265487,97.02970297029702,0.0,1.9801980198019802,nan,0,nan,0,14.101757692048247,20.748344272356185,7.266074548832734,17.145667869038807,29.018079370507994,11.720076247216042
fog_size,40,400,360.0,9.0,10.0,15,57,fu_serve,,3624,10.0,122.6126330944267,92.27665260835094,369.07327336365444,550.0,0.7980132450331126,0.20198675496688745,0.0,0.5583765212007473,0.0,6.278468281791902,1.056496901361865,315971.34235905856,0.0,0.0,100.0,0.0,692.6999999999998,0.6926999999999999,0.6926999999999999,96.22880715158772,1674.0137499603297,1592.9654906452915,353781031.893047,1.2196619767101489,0.0,0.0,0.0,nan,0,nan,0,nan,nan,nan,nan,nan,nan
fog_size,40,400,360.0,9.0,10.0,15,57,2dp_fhs,,3624,10.0,131.82938946711107,109.11080951189956,373.2121290659195,550.0,0.7152317880794702,0.2847682119205298,0.0,0.9235936874331634,0.0,17.96956614183886,1.1276329463095127,315838.77791715425,81.0,22.350993377483444,1.2195121951219512,0.0,4741.400000000002,4.741400000000002,4.741400000000002,66.19332232262495,1470.84392779254,1422.774992464867,117213142.16187048,7.323119414380726,0.0,0.0,0.0,nan,0,nan,0,nan,nan,nan,nan,nan,nan
fog_size,40,400,360.0,9.0,10.0,15,57,3d_pos,,3624,10.0,130.01926730618848,105.28276972810286,373.72771918957415,550.0,0.7362030905077263,0.26379690949227375,0.0,0.6029553025319553,0.0,13.180719400383989,1.1267592830213922,315922.14708742115,64.0,17.660044150110377,1.5384615384615385,0.0,7364.199999999996,7.364199999999996,7.364199999999996,62.695097764642284,1639.8088574137673,1556.132244020365,330867996.4962375,6.824852181759152,0.0,0.0,0.0,nan,0,nan,0,nan,nan,nan,nan,nan,nan
fog_size,80,800,720.0,9.0,10.0,15,57,spotis,,7167,10.0,124.4474026347448,94.95633820406879,371.2119165942428,550.0,0.7773126831310172,0.2226873168689828,0.0,0.5588679645019806,0.0,6.1011192195416095,1.0885509667899242,630681.3116587845,0.0,0.0,100.0,1.9801980198019802,87.03445544554455,0.08703445544554456,0.08703445544554456,95.71926091453139,1880.9630108214915,1790.012777635604,321148351.99851096,0.8959930595041076,98.01980198019803,0.0,0.0,nan,0,nan,0,15.28306670177553,20.30743578423937,7.422037124438206,8.325707991044887,35.90946273786368,12.752289660638333
fog_size,80,800,720.0,9.0,10.0,15,57,fu_serve,,7167,10.0,126.68524727398776,99.7305524297194,369.2041005349888,550.0,0.7558253104506767,0.2441746895493233,0.0,0.7583702080135364,0.0,8.72881556156343,1.1071883202571557,630614.6333536309,3.0,0.4185851820845542,25.0,0.0,2499.099999999999,2.499099999999999,2.499099999999999,91.85252761442162,1448.502851333997,1485.752707890082,257230387.11686066,3.9683287486441725,0.0,0.0,0.0,nan,0,nan,0,nan,nan,nan,nan,nan,nan
fog_size,80,800,720.0,9.0,10.0,15,57,2dp_fhs,,7167,10.0,157.46680310483424,150.0,436.55363329310643,550.0,0.48667503837030834,0.5133249616296917,0.0,0.9636695447372174,0.0,17.733199165422793,1.4228992552782018,629580.0668252081,99.0,13.813311008790288,1.0,0.0,18068.0,18.068,18.068,67.43244586935273,1397.6886105519727,1413.6458053925455,190634408.20226032,33.81139160142041,0.0,0.0,0.0,nan,0,nan,0,nan,nan,nan,nan,nan,nan
fog_size,80,800,720.0,9.0,10.0,15,57,3d_pos,,7167,10.0,145.7532812204523,142.22087968642595,413.5583867060861,550.0,0.5989953955629971,0.4010046044370029,0.0,0.6458621107469555,0.0,14.0463174563591,1.2644694006974555,630045.3613599921,83.0,11.580856704339332,1.1904761904761905,0.0,28617.999999999996,28.617999999999995,28.617999999999995,63.43893898620344,1885.7576821400569,1784.673402456683,445038473.04717195,26.04362438550041,0.0,0.0,0.0,nan,0,nan,0,nan,nan,nan,nan,nan,nan
arrival_rate,20,200,60.0,3.0,10.0,15,57,spotis,,625,10.0,103.46043019527677,71.95428785684277,325.9622344665646,466.80557991449484,0.9264,0.0736,0.0,0.56352,0.0,6.077310911999395,0.9411954786747283,157524.95125927796,0.0,0.0,100.0,1.9801980198019802,64.42550495049503,0.06442550495049502,0.06442550495049502,93.43597332877216,1233.370824274943,1270.0876259995357,145312883.0130092,0.6746015021192663,98.01980198019803,0.0,0.0,nan,0,nan,0,9.06705155034708,13.709407792022926,4.304760139109975,16.32541245900172,49.16076234933419,7.432605710184108
arrival_rate,20,200,60.0,3.0,10.0,15,57,fu_serve,,625,10.0,103.40227007699616,72.07829454674375,310.40600064171326,462.8532231427616,0.928,0.07199999999999995,0.0,0.6942445106886862,0.0,7.686398704541384,0.9383870496770533,157524.263565938,0.0,0.0,100.0,0.0,199.59999999999988,0.1995999999999999,0.19959999999999992,95.89094622566704,1050.301584552314,1061.190302884478,76036744.62949564,0.9631144824315103,0.0,0.0,0.0,nan,0,nan,0,nan,nan,nan,nan,nan,nan
arrival_rate,20,200,60.0,3.0,10.0,15,57,2dp_fhs,,625,10.0,110.18987254526861,81.58740213958905,333.4605673713901,481.6520609382441,0.9088,0.09119999999999995,0.0,0.7419919947966142,0.0,35.08121859068498,0.9899441289623624,157542.28734237593,60.0,96.0,1.639344262295082,0.0,1295.8,1.2958,1.2958,82.1254100098154,1072.3294273634142,1078.8318776290314,50489771.87979813,2.1070048393336855,0.0,0.0,0.0,nan,0,nan,0,nan,nan,nan,nan,nan,nan
arrival_rate,20,200,60.0,3.0,10.0,15,57,3d_pos,,625,10.0,107.20417816587661,77.96520796464578,328.3024834772675,479.1618018508811,0.912,0.08799999999999997,0.0,0.7112899174590067,0.0,24.472742777471115,0.9610138731188416,157527.77698480306,33.0,52.8,2.9411764705882355,0.0,1972.7999999999995,1.9727999999999994,1.9727999999999994,61.24699659445514,1718.7293628101816,1713.1869623191114,88692457.9122117,2.663530265765879,0.0,0.0,0.0,nan,0,nan,0,nan,nan,nan,nan,nan,nan
arrival_rate,20,200,120.0,6.0,10.0,15,57,spotis,,1211,10.0,112.84342412359499,82.58505540440896,325.22270730064747,525.9559110801155,0.8447563996696945,0.1552436003303055,0.0,0.5380677126341865,0.0,6.039900346820332,0.9683236557931942,157970.59417700174,0.0,0.0,100.0,1.9801980198019802,64.42550495049503,0.06442550495049502,0.06442550495049502,93.430756437683,1233.370824274943,1270.0876259995357,207700144.81988013,0.6656784044560814,98.01980198019803,0.0,0.0,nan,0,nan,0,13.304207830765346,17.948421878876307,6.303895569087984,21.413718616057754,30.069266837551208,10.9604892676614
arrival_rate,20,200,120.0,6.0,10.0,15,57,fu_serve,,1211,10.0,113.1418780264619,82.72424248989464,324.8638324312751,506.85977776454627,0.8546655656482246,0.1453344343517754,0.0,0.6634982344538017,0.0,7.543877383391335,0.9739869309941552,157988.07555070426,0.0,0.0,100.0,0.0,199.59999999999988,0.1995999999999999,0.19959999999999992,95.88467450829526,1050.301584552314,1061.190302884478,159849856.82379115,0.9545914339981438,0.0,0.0,0.0,nan,0,nan,0,nan,nan,nan,nan,nan,nan
arrival_rate,20,200,120.0,6.0,10.0,15,57,2dp_fhs,,1211,10.0,121.20557794377198,92.06957070040733,342.93264032721265,521.9391329604601,0.800990916597853,0.19900908340214696,0.0,0.7772073831761028,0.0,26.53167077565727,1.0353198807437778,157984.25936144675,77.0,63.58381502890173,1.2820512820512822,0.0,1295.8,1.2958,1.2958,76.67733138417678,1115.070265950423,1124.3246507862975,92722162.77931824,2.3185567353463568,0.0,0.0,0.0,nan,0,nan,0,nan,nan,nan,nan,nan,nan
arrival_rate,20,200,120.0,6.0,10.0,15,57,3d_pos,,1211,10.0,117.80258861507879,89.97728654254078,337.38746260783705,485.3857811341483,0.8340214698596201,0.1659785301403799,0.0,0.6723363893163269,0.0,18.736980133124007,1.007153305161663,157997.22391533857,45.0,37.15937241948803,2.1739130434782608,0.0,1972.7999999999995,1.9727999999999994,1.9727999999999994,61.34323733016591,1671.587567707841,1665.6181710705175,142035182.16872552,2.618285752754986,0.0,0.0,0.0,nan,0,nan,0,nan,nan,nan,nan,nan,nan
arrival_rate,20,200,180.0,9.0,10.0,15,57,spotis,,1768,10.0,125.87740187314921,95.90424367458849,373.93127367632417,550.0,0.7618778280542986,0.2381221719457014,0.0,0.5073529411764705,0.0,6.027335395927202,1.052551608234553,158397.78609341726,0.0,0.0,100.0,2.9702970297029703,64.43825742574255,0.06443825742574255,0.06443825742574255,93.42865901683912,1233.370824274943,1270.0876259995357,309947274.9622038,0.6913017859002649,97.02970297029702,0.0,1.9801980198019802,nan,0,nan,0,15.337163547295058,20.05470214019465,7.346459305748521,18.7103827930253,25.874341980324722,12.676950233411743
arrival_rate,20,200,180.0,9.0,10.0,15,57,fu_serve,,1768,10.0,125.80203058353543,95.89767386512204,371.0854901135234,550.0,0.748868778280543,0.251131221719457,0.0,0.6271383643831308,0.0,7.495988448780834,1.066357932357359,158391.85697956645,0.0,0.0,100.0,0.0,199.59999999999988,0.1995999999999999,0.19959999999999992,95.88115527135335,1050.301584552314,1061.190302884478,203675532.57162285,0.9917012202895005,0.0,0.0,0.0,nan,0,nan,0,nan,nan,nan,nan,nan,nan
arrival_rate,20,200,180.0,9.0,10.0,15,57,2dp_fhs,,1768,10.0,135.31888419603334,116.14315162718026,379.6861801043006,550.0,0.6815610859728507,0.3184389140271493,0.0,0.7462161552137142,0.0,23.736800213196787,1.16534947112686,158384.24518983313,96.0,54.29864253393665,1.0309278350515463,0.0,1295.8,1.2958,1.2958,75.8638399548878,1193.7114135744707,1208.2002869781327,188559337.7897683,2.378894137237996,0.0,0.0,0.0,nan,0,nan,0,nan,nan,nan,nan,nan,nan
arrival_rate,20,200,180.0,9.0,10.0,15,57,3d_pos,,1768,10.0,131.37546772582343,105.63991268364691,365.03394521407137,550.0,0.7160633484162896,0.2839366515837104,0.0,0.6309690739304913,0.0,14.587937290477972,1.1221298330688392,158400.61544579043,41.0,23.190045248868778,2.380952380952381,0.0,1972.7999999999995,1.9727999999999994,1.9727999999999994,62.46562069421838,1631.228190979463,1625.802575852056,194381050.1715709,2.656095263021373,0.0,0.0,0.0,nan,0,nan,0,nan,nan,nan,nan,nan,nan
arrival_rate,20,200,240.0,12.0,10.0,15,57,spotis,,2384,10.0,139.00268974410153,119.96485524681734,434.81910507792253,550.0,0.6338087248322147,0.36619127516778527,0.0,0.44899328859060406,0.0,6.019293400583007,1.121073361936785,158673.9409270118,0.0,0.0,100.0,2.9702970297029703,64.43825742574255,0.06443825742574255,0.06443825742574255,93.42805847519358,1233.370824274943,1270.0876259995357,373034151.00435966,0.685987422900404,97.02970297029702,0.0,0.0,nan,0,nan,0,16.029595960714083,20.7549613773272,7.675518091429274,21.024697471757534,21.278531699832783,13.236695398939135
arrival_rate,20,200,240.0,12.0,10.0,15,57,fu_serve,,2384,10.0,140.23840557260368,123.70974635532554,422.34293011924,550.0,0.6304530201342282,0.3695469798657718,0.0,0.5540802524177554,0.0,7.467522919536365,1.1420266885522035,158696.46519001925,0.0,0.0,100.0,0.0,199.59999999999988,0.1995999999999999,0.19959999999999992,95.87937919177654,1050.301584552314,1061.190302884478,282905466.34751445,0.9811357046996418,0.0,0.0,0.0,nan,0,nan,0,nan,nan,nan,nan,nan,nan
arrival_rate,20,200,240.0,12.0,10.0,15,57,2dp_fhs,,2384,10.0,149.20306205510929,150.0,438.2004729569831,550.0,0.5469798657718121,0.4530201342281879,0.0,0.7009214927247541,0.0,19.72929541263873,1.2751560536320947,158642.80257106153,92.0,38.59060402684564,1.075268817204301,0.0,1295.8,1.2958,1.2958,70.38248400300286,1323.6327494029538,1339.166960927319,310331973.2525991,2.432018930581447,0.0,0.0,0.0,nan,0,nan,0,nan,nan,nan,nan,nan,nan
arrival_rate,20,200,240.0,12.0,10.0,15,57,3d_pos,,2384,10.0,145.07894682539293,143.0667995341941,440.7475449907549,550.0,0.5893456375838926,0.4106543624161074,0.0,0.5718561927629412,0.0,13.546881877066319,1.202910245802071,158670.08797247722,48.0,20.13422818791946,2.0408163265306123,0.0,1972.7999999999995,1.9727999999999994,1.9727999999999994,62.784702882290176,1611.9177480342632,1608.137193834889,253423796.98635915,2.654756976640712,0.0,0.0,0.0,nan,0,nan,0,nan,nan,nan,nan,nan,nan
arrival_rate,20,200,300.0,15.0,10.0,15,57,spotis,,2986,10.0,150.2154176038479,150.0,487.7059288945229,550.0,0.5187541862022773,0.4812458137977227,0.0,0.38559946416610846,0.0,6.016185190890505,1.1751250049758382,158800.26770983287,0.0,0.0,100.0,2.9702970297029703,64.43825742574255,0.06443825742574255,0.06443825742574255,93.42779198008432,1233.370824274943,1270.0876259995357,360139455.6837267,0.7301384950797069,97.02970297029702,0.0,0.0,nan,0,nan,0,17.030119989308943,21.993799608627846,8.17589427588409,17.231932569281945,21.513268372924973,14.054985183972201
arrival_rate,20,200,300.0,15.0,10.0,15,57,fu_serve,,2986,10.0,150.9834182924046,150.0,513.7516663203116,550.0,0.521768251841929,0.478231748158071,0.0,0.4866851339805652,0.0,7.453518512613565,1.1696951912006122,158802.38418501586,0.0,0.0,100.0,0.0,199.59999999999988,0.1995999999999999,0.19959999999999992,95.87918646102497,1050.301584552314,1061.190302884478,381995490.206349,1.04417137204865,0.0,0.0,0.0,nan,0,nan,0,nan,nan,nan,nan,nan,nan
arrival_rate,20,200,300.0,15.0,10.0,15,57,2dp_fhs,,2986,10.0,159.8214320965113,150.0,536.7805799779353,550.0,0.44273275284661756,0.5572672471533824,0.0,0.620107688916604,0.0,17.332080480230147,1.3537683282660709,158769.68080709304,90.0,30.14065639651708,1.098901098901099,0.0,1295.8,1.2958,1.2958,69.11823431210367,1382.398839825353,1397.2727569495428,355814876.5117455,2.4914024519160507,0.0,0.0,0.0,nan,0,nan,0,nan,nan,nan,nan,nan,nan
arrival_rate,20,200,300.0,15.0,10.0,15,57,3d_pos,,2986,10.0,155.2127502772212,150.0,501.5578223789121,550.0,0.47622237106496984,0.5237776289350302,0.0,0.4876914880185835,0.0,11.836200928004304,1.264419642427571,158778.00380865732,44.0,14.735432016075016,2.2222222222222223,0.0,1972.7999999999995,1.9727999999999994,1.9727999999999994,64.2050524892594,1473.4585856124434,1472.3338441496537,259772096.57813048,2.668538616220245,0.0,0.0,0.0,nan,0,nan,0,nan,nan,nan,nan,nan,nan
head_failure,20,200,180.0,9.0,10.0,15,57,spotis,5.0,1768,10.0,127.53451938946259,97.91412812555711,371.83849952473895,550.0,0.7494343891402715,0.2505656108597285,0.0,0.5569821586675707,0.0,6.854912035757425,1.0724485186158386,158400.9933642913,1.0,0.5656108597285068,50.0,3.9603960396039604,64.45100990099007,0.06445100990099008,0.06445100990099008,94.60014781950554,1149.3860219005503,1174.0469115029107,350574982.44903064,0.7777976579829544,96.03960396039604,0.0,1.9801980198019802,1.0,0,54.13386476106673,1,14.802162101198824,20.14100143058347,7.825758866550657,19.243590127099193,25.68721257606364,12.300274898504211
head_failure,20,200,180.0,9.0,10.0,15,57,fu_serve,5.0,1768,10.0,127.6015039384778,98.9475910857402,378.1842042413143,550.0,0.7432126696832579,0.25678733031674206,0.0,0.6171889609610884,0.0,7.610708001714567,1.0790312624406928,158397.8461559724,1.0,0.5656108597285068,50.0,0.0,199.59999999999988,0.1995999999999999,0.19959999999999992,90.04448242385389,1170.5839971983448,1192.2888509739416,217362628.54199845,0.988683941718544,0.0,0.0,0.0,1.0,0,71.29455072517925,2,nan,nan,nan,nan,nan,nan
head_failure,20,200,180.0,9.0,10.0,15,57,2dp_fhs,5.0,1768,10.0,135.80972633181975,117.31299047585941,378.9022198142274,550.0,0.6702488687782805,0.3297511312217195,0.0,0.7635642702218448,0.0,23.637365706790085,1.1720448774107304,158368.87225685702,94.0,53.16742081447964,1.0526315789473684,0.0,1295.8,1.2958,1.2958,74.20656941241732,1236.3979339221412,1251.5632150295135,219724893.5433651,2.4126572476249954,0.0,0.0,0.0,1.0,0,96.36535702782012,2,nan,nan,nan,nan,nan,nan
head_failure,20,200,180.0,9.0,10.0,15,57,3d_pos,5.0,1768,10.0,131.68099285196448,106.04215492867053,379.2470110957369,550.0,0.7154977375565611,0.2845022624434389,0.0,0.5909413340380089,0.0,13.492660543462618,1.1169900893035112,158392.99154009423,37.0,20.92760180995475,2.6315789473684212,0.0,1972.7999999999995,1.9727999999999994,1.9727999999999994,62.77956309674265,1324.9277922053454,1326.1971759913702,210153912.35949704,2.486515142303423,0.0,0.0,0.0,1.0,0,50.49894772088183,2,nan,nan,nan,nan,nan,nan
fog_size,10,100,90.0,9.0,10.0,16,58,spotis,,905,10.0,107.59055513535107,80.58208979967851,265.40920692901636,550.0,0.8044198895027624,0.19558011049723756,0.0,0.5419768884796798,0.0,6.276699660597551,0.876390285100734,79240.8851501305,0.0,0.0,100.0,4.9504950495049505,60.76009900990098,0.06076009900990098,0.06076009900990099,74.18173150112791,2208.1079539661905,2516.06015071584,122812307.34065586,0.6879882060210295,95.04950495049505,0.0,0.0,nan,0,nan,0,8.429336315694249,26.551782586269397,7.1214659459652845,33.24235740972264,17.82759038481739,6.827467357531029
fog_size,10,100,90.0,9.0,10.0,16,58,fu_serve,,905,10.0,106.91742340406275,80.86303152881236,268.66476842689036,550.0,0.8187845303867404,0.18121546961325963,0.0,0.5610636499711393,0.0,6.510204504739373,0.8610757500317251,79240.93015335068,0.0,0.0,100.0,0.0,65.5,0.0655,0.0655,79.31001485177754,2425.3295102272255,2574.6648759437558,118670076.79283953,0.7176507504776733,0.0,0.0,0.0,nan,0,nan,0,nan,nan,nan,nan,nan,nan
fog_size,10,100,90.0,9.0,10.0,16,58,2dp_fhs,,905,10.0,113.80326979742736,90.90619758388763,294.1007302187084,527.9393904652125,0.7878453038674034,0.21215469613259663,0.0,0.7244728527745524,0.0,30.926807022621713,0.9325776381702777,79267.80087859258,78.0,86.1878453038674,1.2658227848101267,0.0,369.69999999999976,0.36969999999999975,0.36969999999999975,54.207670051497594,1947.4306310856437,2213.3228282845766,152690044.50176287,1.3958315676047834,0.0,0.0,0.0,nan,0,nan,0,nan,nan,nan,nan,nan,nan
fog_size,10,100,90.0,9.0,10.0,16,58,3d_pos,,905,10.0,107.3107455462741,81.9171143431534,268.66476842689036,550.0,0.8165745856353591,0.18342541436464088,0.0,0.5567917543324682,0.0,8.613890787924777,0.866429756653917,79243.16461274441,6.0,6.629834254143646,14.285714285714286,0.0,547.3000000000003,0.5473000000000003,0.5473000000000003,76.16582802605191,2397.328626856872,2549.267259259619,134003267.06993885,1.1008878495256698,0.0,0.0,0.0,nan,0,nan,0,nan,nan,nan,nan,nan,nan
fog_size,20,200,180.0,9.0,10.0,16,58,spotis,,1837,10.0,111.05839537451983,84.9030588751254,312.2879370462981,524.2868538918722,0.8203592814371258,0.17964071856287422,0.0,0.5727966919141727,0.0,6.378024799739601,0.942329176880637,157432.9534901127,0.0,0.0,100.0,2.9702970297029703,64.43825742574255,0.06443825742574255,0.06443825742574255,85.14453329637453,2712.662879843913,2742.1202770366385,312314082.4521175,0.7201180987355162,97.02970297029702,0.0,0.0,nan,0,nan,0,11.790112873171422,23.51639273982687,7.18070462116945,25.24366669300156,22.371235461849288,9.897887610981405
fog_size,20,200,180.0,9.0,10.0,16,58,fu_serve,,1837,10.0,113.2247571155275,86.82334384679535,334.2812081003887,548.4582521426756,0.8170930865541643,0.18290691344583565,0.0,0.7971198576095067,0.0,9.35093753548402,0.943784730516954,157429.48430105957,3.0,1.633097441480675,25.0,0.0,199.59999999999988,0.1995999999999999,0.19959999999999992,86.96258960015355,2165.92435300808,2154.721799487558,187815018.5770423,1.1810584005150084,0.0,0.0,0.0,nan,0,nan,0,nan,nan,nan,nan,nan,nan
fog_size,20,200,180.0,9.0,10.0,16,58,2dp_fhs,,1837,10.0,120.24929203888948,100.10556185200414,328.447102375191,550.0,0.7670114316820904,0.2329885683179096,0.0,0.8591873731246918,0.0,22.74122449770964,0.9983776556954757,157419.5775374285,87.0,47.359825802939575,1.1363636363636365,0.0,1295.8,1.2958,1.2958,68.84161886110012,1427.7625647585298,1392.996099189194,139362116.19771254,2.552694463122655,0.0,0.0,0.0,nan,0,nan,0,nan,nan,nan,nan,nan,nan
fog_size,20,200,180.0,9.0,10.0,16,58,3d_pos,,1837,10.0,113.28677515239453,86.82740215036056,314.3569771467218,550.0,0.7985846488840501,0.20141535111594988,0.0,0.5772460479983178,0.0,9.54474593607264,0.9523113160654649,157409.90412122165,16.0,8.709853021230266,5.882352941176471,0.0,1972.7999999999995,1.9727999999999994,1.9727999999999994,57.80301568848469,1463.1444888137762,1403.1556190984563,179076850.04582295,2.250202745714111,0.0,0.0,0.0,nan,0,nan,0,nan,nan,nan,nan,nan,nan
fog_size,40,400,360.0,9.0,10.0,16,58,spotis,,3680,10.0,116.01324447755798,87.57290186951127,319.83048290929963,543.1518856500528,0.8027173913043478,0.19728260869565217,0.0,0.578533430742755,0.0,6.35596182288806,1.0021015287007993,314615.75829182856,0.0,0.0,100.0,1.9801980198019802,73.72918811881188,0.07372918811881188,0.07372918811881188,90.46136340711078,1916.367021951004,1969.9405166610065,347590123.2003443,0.7767446378683559,98.01980198019803,0.0,0.0,nan,0,nan,0,13.173460577103405,21.11788159387831,7.372215244181706,17.198815849015315,30.10521433670439,11.032412399116884
fog_size,40,400,360.0,9.0,10.0,16,58,fu_serve,,3680,10.0,117.43793051383929,90.15926730683654,322.86832309417696,550.0,0.7948369565217391,0.20516304347826086,0.0,0.63678249686796,0.0,7.200190696811732,1.01613973574742,314627.7591031077,1.0,0.2717391304347826,50.0,0.0,692.6999999999998,0.6926999999999999,0.6926999999999999,88.89600810819927,1403.3297944507513,1253.3960367436446,250513009.07175472,1.4021267024561765,0.0,0.0,0.0,nan,0,nan,0,nan,nan,nan,nan,nan,nan
fog_size,40,400,360.0,9.0,10.0,16,58,2dp_fhs,,3680,10.0,128.27312684931002,106.15127315531092,363.2373261877834,550.0,0.7179347826086957,0.2820652173913043,0.0,0.8941510396088985,0.0,17.623791780027023,1.0943318377182059,314546.775091298,85.0,23.097826086956523,1.1627906976744187,0.0,4741.400000000002,4.741400000000002,4.741400000000002,66.32502168626999,1205.0861248840708,1148.329304288024,147008789.23795354,6.940698481147215,0.0,0.0,0.0,nan,0,nan,0,nan,nan,nan,nan,nan,nan
fog_size,40,400,360.0,9.0,10.0,16,58,3d_pos,,3680,10.0,125.10750807269034,101.89714210153778,341.9493189699172,550.0,0.7432065217391305,0.2567934782608695,0.0,0.6418650470308972,0.0,13.60743637312433,1.0683408318940304,314577.4625512766,65.0,17.66304347826087,1.5151515151515151,0.0,7364.199999999996,7.364199999999996,7.364199999999996,72.73729994954661,1409.6801035753629,1259.8342880603147,232865890.97707722,7.233294141622043,0.0,0.0,0.0,nan,0,nan,0,nan,nan,nan,nan,nan,nan
fog_size,80,800,720.0,9.0,10.0,16,58,spotis,,7303,10.0,122.37123428644847,91.68625795915197,363.1292241096858,550.0,0.7857045049979461,0.21429549500205392,0.0,0.5561276187867997,0.0,6.00893825824989,1.0650180320833116,630818.9143603591,0.0,0.0,100.0,1.9801980198019802,87.03445544554455,0.08703445544554456,0.08703445544554456,97.25923192777233,1700.2358620418402,1671.4625743673394,359521917.617375,0.8777824601319618,98.01980198019803,0.0,0.0,nan,0,nan,0,15.437405033176029,20.254673359153653,7.291636739565586,8.875772411510635,35.336303095653065,12.804209360941035
fog_size,80,800,720.0,9.0,10.0,16,58,fu_serve,,7303,10.0,122.00546841230135,92.78494812343929,353.2742797655764,550.0,0.7814596741065316,0.2185403258934684,0.0,0.5917186702959709,0.0,6.635349014593357,1.0645809440730605,630783.40434009,0.0,0.0,100.0,0.0,2499.099999999999,2.499099999999999,2.499099999999999,90.96185881516881,1169.7926824547114,1055.4895402842867,337171230.16383696,2.8712966251997214,0.0,0.0,0.0,nan,0,nan,0,nan,nan,nan,nan,nan,nan
fog_size,80,800,720.0,9.0,10.0,16,58,2dp_fhs,,7303,10.0,155.1501662401665,150.0,424.8806100331677,550.0,0.4989730247843352,0.5010269752156649,0.0,0.9809804314963418,0.0,17.53534188212343,1.3374075663024674,629581.3540638713,99.0,13.556072846775297,1.0,0.0,18068.0,18.068,18.068,83.00888931080523,1041.3878808430898,940.9150828515294,177499412.32771903,35.167886897215865,0.0,0.0,0.0,nan,0,nan,0,nan,nan,nan,nan,nan,nan
fog_size,80,800,720.0,9.0,10.0,16,58,3d_pos,,7303,10.0,141.091352101958,134.48367429654695,400.2426447263449,550.0,0.6220731206353554,0.37792687936464464,0.0,0.6358942091865922,0.0,12.6802170249619,1.2098819610235245,630204.3346411949,63.0,8.62659181158428,1.5625,0.0,28617.999999999996,28.617999999999995,28.617999999999995,80.41456262256996,1080.5094143344277,960.3748889259773,394740082.9529345,25.278104055113413,0.0,0.0,0.0,nan,0,nan,0,nan,nan,nan,nan,nan,nan
arrival_rate,20,200,60.0,3.0,10.0,16,58,spotis,,607,10.0,85.69305653586424,63.11173356695399,182.94675787696167,367.21483081779655,0.9159802306425041,0.08401976935749589,0.0,0.590034711704956,0.0,6.434398538695812,0.7694690511685386,156440.68821300328,0.0,0.0,100.0,1.9801980198019802,64.42550495049503,0.06442550495049502,0.06442550495049502,85.1528952941965,2712.662879843913,2742.1202770366385,76420470.27851705,0.7058432015648068,98.01980198019803,0.0,0.0,nan,0,nan,0,7.909249743346912,18.379772264592628,4.8851729198562746,26.090509696729487,36.11814977512515,6.617145600349549
arrival_rate,20,200,60.0,3.0,10.0,16,58,fu_serve,,607,10.0,86.14997967864767,63.73414778408204,183.35321622308513,367.9912653912574,0.9159802306425041,0.08401976935749589,0.0,0.8120501640810592,0.0,10.364372611537757,0.7740296837832776,156443.2239247371,3.0,4.942339373970346,25.0,0.0,199.59999999999988,0.1995999999999999,0.19959999999999992,86.97365649414402,2165.92435300808,2154.721799487558,22045155.16726467,1.116209438574006,0.0,0.0,0.0,nan,0,nan,0,nan,nan,nan,nan,nan,nan
arrival_rate,20,200,60.0,3.0,10.0,16,58,2dp_fhs,,607,10.0,89.14054257455908,68.28726068372015,196.8611418500609,356.6886728222683,0.9060955518945635,0.09390444810543652,0.0,0.7227595167545704,0.0,21.536250204543677,0.7907874062831204,156447.7964940093,27.0,44.481054365733115,3.5714285714285716,0.0,1295.8,1.2958,1.2958,54.14852163423666,1321.3306052667863,1314.5372051068032,13430987.3130735,2.1627151379078255,0.0,0.0,0.0,nan,0,nan,0,nan,nan,nan,nan,nan,nan
arrival_rate,20,200,60.0,3.0,10.0,16,58,3d_pos,,607,10.0,86.57934085644266,65.11949434404673,182.95343692089784,356.7976629007515,0.9126853377265239,0.08731466227347606,0.0,0.5933517651067797,0.0,12.888431709360903,0.7795944932665931,156444.75876982327,9.0,14.827018121911038,10.0,0.0,1972.7999999999995,1.9727999999999994,1.9727999999999994,57.85541269584219,1470.1697653308813,1410.2618493970188,70378701.4961726,2.2340966337547847,0.0,0.0,0.0,nan,0,nan,0,nan,nan,nan,nan,nan,nan
arrival_rate,20,200,120.0,6.0,10.0,16,58,spotis,,1205,10.0,98.80803873909154,73.939338834764,250.46238985207242,435.43375456150943,0.8896265560165975,0.11037344398340254,0.0,0.5928606482380181,0.0,6.392611855969804,0.8734506758459942,156949.20254506049,0.0,0.0,100.0,1.9801980198019802,64.42550495049503,0.06442550495049502,0.06442550495049502,85.1466659929181,2712.662879843913,2742.1202770366385,230455568.7694581,0.7125894585702364,98.01980198019803,0.0,0.9900990099009901,nan,0,nan,0,9.947655210044786,20.853732538978683,6.06065903441292,23.112907995574396,31.685209860732677,8.33983536025654
arrival_rate,20,200,120.0,6.0,10.0,16,58,fu_serve,,1205,10.0,99.97549265651858,74.8990536408698,253.45092542667524,463.7457766201666,0.8813278008298755,0.1186721991701245,0.0,0.8087141016102695,0.0,9.522655848161747,0.8769738313283996,156944.20962942438,3.0,2.4896265560165975,25.0,0.0,199.59999999999988,0.1995999999999999,0.19959999999999992,86.97066476126821,2165.92435300808,2154.721799487558,55928308.05473668,1.1433201763846235,0.0,0.0,0.0,nan,0,nan,0,nan,nan,nan,nan,nan,nan
arrival_rate,20,200,120.0,6.0,10.0,16,58,2dp_fhs,,1205,10.0,106.41942448531049,84.15867903476126,275.3031445598146,434.39491339399194,0.8497925311203319,0.15020746887966807,0.0,0.8060742725127908,0.0,26.1516896108963,0.923405947475704,156958.4311107687,75.0,62.24066390041494,1.3157894736842106,0.0,1295.8,1.2958,1.2958,64.47617816209689,1369.619075386969,1343.1811200283107,84064777.76559426,2.335594087476694,0.0,0.0,0.0,nan,0,nan,0,nan,nan,nan,nan,nan,nan
arrival_rate,20,200,120.0,6.0,10.0,16,58,3d_pos,,1205,10.0,101.87579668895846,77.35096094704986,275.76727674826685,435.41265254931693,0.8771784232365145,0.12282157676348548,0.0,0.5931369023277547,0.0,14.013651832487179,0.8932922281754431,156957.07330573502,29.0,24.066390041493776,3.3333333333333335,0.0,1972.7999999999995,1.9727999999999994,1.9727999999999994,57.451996349662025,1500.1188664207264,1440.9414670400472,162658689.20115548,2.2347579673961637,0.0,0.0,0.0,nan,0,nan,0,nan,nan,nan,nan,nan,nan
arrival_rate,20,200,180.0,9.0,10.0,16,58,spotis,,1837,10.0,111.05839537451983,84.9030588751254,312.2879370462981,524.2868538918722,0.8203592814371258,0.17964071856287422,0.0,0.5727966919141727,0.0,6.378024799739601,0.942329176880637,157432.9534901127,0.0,0.0,100.0,2.9702970297029703,64.43825742574255,0.06443825742574255,0.06443825742574255,85.14453329637453,2712.662879843913,2742.1202770366385,312314082.4521175,0.7201180987355162,97.02970297029702,0.0,0.0,nan,0,nan,0,11.790112873171422,23.51639273982687,7.18070462116945,25.24366669300156,22.371235461849288,9.897887610981405
arrival_rate,20,200,180.0,9.0,10.0,16,58,fu_serve,,1837,10.0,113.2247571155275,86.82334384679535,334.2812081003887,548.4582521426756,0.8170930865541643,0.18290691344583565,0.0,0.7971198576095067,0.0,9.35093753548402,0.943784730516954,157429.48430105957,3.0,1.633097441480675,25.0,0.0,199.59999999999988,0.1995999999999999,0.19959999999999992,86.96258960015355,2165.92435300808,2154.721799487558,187815018.5770423,1.1810584005150084,0.0,0.0,0.0,nan,0,nan,0,nan,nan,nan,nan,nan,nan
arrival_rate,20,200,180.0,9.0,10.0,16,58,2dp_fhs,,1837,10.0,120.24929203888948,100.10556185200414,328.447102375191,550.0,0.7670114316820904,0.2329885683179096,0.0,0.8591873731246918,0.0,22.74122449770964,0.9983776556954757,157419.5775374285,87.0,47.359825802939575,1.1363636363636365,0.0,1295.8,1.2958,1.2958,68.84161886110012,1427.7625647585298,1392.996099189194,139362116.19771254,2.552694463122655,0.0,0.0,0.0,nan,0,nan,0,nan,nan,nan,nan,nan,nan
arrival_rate,20,200,180.0,9.0,10.0,16,58,3d_pos,,1837,10.0,113.28677515239453,86.82740215036056,314.3569771467218,550.0,0.7985846488840501,0.20141535111594988,0.0,0.5772460479983178,0.0,9.54474593607264,0.9523113160654649,157409.90412122165,16.0,8.709853021230266,5.882352941176471,0.0,1972.7999999999995,1.9727999999999994,1.9727999999999994,57.80301568848469,1463.1444888137762,1403.1556190984563,179076850.04582295,2.250202745714111,0.0,0.0,0.0,nan,0,nan,0,nan,nan,nan,nan,nan,nan
arrival_rate,20,200,240.0,12.0,10.0,16,58,spotis,,2464,10.0,127.35559154711022,104.40441223195052,384.8188988533283,550.0,0.6919642857142857,0.3080357142857143,0.0,0.5118299434047071,0.0,6.370947583773117,0.9980883801245392,157714.60410866595,0.0,0.0,100.0,3.9603960396039604,64.45100990099007,0.06445100990099008,0.06445100990099008,85.1430105053515,2712.662879843913,2742.1202770366385,297200886.0139249,0.7373591504512838,96.03960396039604,0.0,0.9900990099009901,nan,0,nan,0,12.758749540652998,25.27999826498608,7.803775362707054,22.549979391410034,20.89227545106776,10.715221989176083
arrival_rate,20,200,240.0,12.0,10.0,16,58,fu_serve,,2464,10.0,129.33947355784642,113.17233962446305,361.73311737969846,550.0,0.6761363636363636,0.32386363636363635,0.0,0.7158230922467,0.0,9.227272373250129,1.0292145858490782,157727.53492057815,3.0,1.2175324675324675,25.0,0.0,199.59999999999988,0.1995999999999999,0.19959999999999992,86.95791655287127,2165.92435300808,2154.721799487558,107675659.63042825,1.2168511468885077,0.0,0.0,0.0,nan,0,nan,0,nan,nan,nan,nan,nan,nan
arrival_rate,20,200,240.0,12.0,10.0,16,58,2dp_fhs,,2464,10.0,136.58460863480985,128.3939070696859,383.131092907869,550.0,0.6083603896103896,0.39163961038961037,0.0,0.7648465401995777,0.0,19.17606267737286,1.1159015744861094,157685.59988070827,88.0,35.714285714285715,1.1235955056179776,0.0,1295.8,1.2958,1.2958,68.941376403095,1630.4411921128806,1603.408096115686,245548150.04166904,2.5189560307988166,0.0,0.0,0.0,nan,0,nan,0,nan,nan,nan,nan,nan,nan
arrival_rate,20,200,240.0,12.0,10.0,16,58,3d_pos,,2464,10.0,130.99320799174023,114.25437516169546,371.4272779910532,550.0,0.663961038961039,0.336038961038961,0.0,0.5100813928117348,0.0,9.577015599964854,1.0461385535002825,157724.34609408007,24.0,9.74025974025974,4.0,0.0,1972.7999999999995,1.9727999999999994,1.9727999999999994,57.61114085359469,1498.3471402082705,1439.0360825005162,260854459.37834153,2.260858629328084,0.0,0.0,0.0,nan,0,nan,0,nan,nan,nan,nan,nan,nan
arrival_rate,20,200,300.0,15.0,10.0,16,58,spotis,,3070,10.0,140.02856370159859,150.0,400.3021064255676,550.0,0.5540716612377851,0.44592833876221494,0.0,0.4461685136418481,0.0,6.366844736955387,1.074416944609776,157840.44664333484,0.0,0.0,100.0,1.9801980198019802,64.42550495049503,0.06442550495049502,0.06442550495049502,85.14247480438124,2712.662879843913,2742.1202770366385,232915779.24152386,0.7586142675868789,98.01980198019803,0.0,0.0,nan,0,nan,0,13.537557275339152,26.758868436692484,8.289354468610224,21.031107584147367,19.030665492104752,11.352446743106025
arrival_rate,20,200,300.0,15.0,10.0,16,58,fu_serve,,3070,10.0,141.2637456031829,150.0,406.55992876047986,550.0,0.5446254071661237,0.45537459283387627,0.0,0.6143303154886166,0.0,9.055133190826815,1.0947695020067498,157843.3180279089,3.0,0.9771986970684039,25.0,0.0,199.59999999999988,0.1995999999999999,0.19959999999999992,86.95300941207596,2165.92435300808,2154.721799487558,229195163.5686035,1.25950369289577,0.0,0.0,0.0,nan,0,nan,0,nan,nan,nan,nan,nan,nan
arrival_rate,20,200,300.0,15.0,10.0,16,58,2dp_fhs,,3070,10.0,147.52370145205805,150.0,423.9277439585161,550.0,0.48859934853420195,0.511400651465798,0.0,0.601397755060168,0.0,16.268532777409025,1.1988191616132797,157811.09216297348,87.0,28.338762214983714,1.1363636363636365,0.0,1295.8,1.2958,1.2958,66.96608964818066,1691.071992437582,1679.3893298055075,404103743.6921047,2.3994869838320865,0.0,0.0,0.0,nan,0,nan,0,nan,nan,nan,nan,nan,nan
arrival_rate,20,200,300.0,15.0,10.0,16,58,3d_pos,,3070,10.0,142.24166794698044,150.0,423.62086351347534,550.0,0.5335504885993485,0.4664495114006515,0.0,0.45138521010649635,0.0,9.08222224952905,1.1096413601432282,157830.4559684682,26.0,8.469055374592834,3.7037037037037037,0.0,1972.7999999999995,1.9727999999999994,1.9727999999999994,57.4249166346155,1542.4886302137766,1484.1894287196396,288851542.12878907,2.271562446665466,0.0,0.0,0.0,nan,0,nan,0,nan,nan,nan,nan,nan,nan
head_failure,20,200,180.0,9.0,10.0,16,58,spotis,5.0,1837,10.0,113.23525943801164,87.21143695034161,305.6425022975803,548.5517764815474,0.7953184540010887,0.2046815459989113,0.0,0.5544927931272896,0.0,6.449274882366561,0.96194362091142,157418.26305070517,1.0,0.5443658138268916,50.0,3.9603960396039604,64.45100990099007,0.06445100990099008,0.06445100990099008,75.94716959176905,2241.579921854139,2238.4431547867407,286494671.5271459,0.7110544145531879,96.03960396039604,0.0,0.0,1.0,0,39.87484210071649,0,11.664620276826042,23.31474674202775,7.197830209847776,25.023030504323312,22.994589380643564,9.805182886331544
head_failure,20,200,180.0,9.0,10.0,16,58,fu_serve,5.0,1837,10.0,114.40437764801297,87.93565766108813,332.48476108113545,550.0,0.8023952095808383,0.19760479041916168,0.0,0.8445332685989883,0.0,9.6663241122611,0.9439170774334322,157404.19719269045,1.0,0.5443658138268916,50.0,0.0,199.59999999999988,0.1995999999999999,0.19959999999999992,86.40419725542776,2037.3071321368097,2016.358222222734,95867355.7838083,1.2673045359002806,0.0,0.0,0.0,1.0,0,49.78793790953519,0,nan,nan,nan,nan,nan,nan
head_failure,20,200,180.0,9.0,10.0,16,58,2dp_fhs,5.0,1837,10.0,121.77814286465741,100.90139697077217,333.7323303603508,550.0,0.7452367991290147,0.25476320087098525,0.0,0.8377101395991241,0.0,22.278518262482294,1.0043705379408108,157387.84668699454,86.0,46.81545998911268,1.1494252873563218,0.0,1295.8,1.2958,1.2958,67.09611298812123,1468.2150422306859,1439.2211518550996,149791395.93642372,2.454633762124123,0.0,0.0,0.0,1.0,0,64.54362256010836,0,nan,nan,nan,nan,nan,nan
head_failure,20,200,180.0,9.0,10.0,16,58,3d_pos,5.0,1837,10.0,117.02618786640495,91.17457004086572,322.10177400901154,550.0,0.769188894937398,0.23081110506260205,0.0,0.5886923111184786,0.0,13.094060188147852,0.9677313127505489,157380.26776547014,39.0,21.230266739248776,2.5,0.0,1972.7999999999995,1.9727999999999994,1.9727999999999994,64.15034332148672,2011.3337281210365,1987.6743118593417,164903207.16551688,2.2959573207142996,0.0,0.0,0.0,1.0,0,46.82238410876444,0,nan,nan,nan,nan,nan,nan
fog_size,10,100,90.0,9.0,10.0,17,59,spotis,,940,10.0,119.07108912786704,93.11986890866775,306.3031046886654,550.0,0.7595744680851064,0.24042553191489358,0.0,0.5042553191489361,0.0,6.048469595744487,0.9906566574066974,79767.57169827109,0.0,0.0,100.0,3.9603960396039604,60.74807920792079,0.06074807920792079,0.06074807920792079,62.681707693100584,1431.3237418668714,2072.1273218283923,173256868.5378542,0.683065675661712,96.03960396039604,0.0,2.9702970297029703,nan,0,nan,0,13.50897506932036,25.265117470207155,7.35224633243243,26.35199449302903,16.449836512709584,11.071830122301439
fog_size,10,100,90.0,9.0,10.0,17,59,fu_serve,,940,10.0,119.47379684019855,93.87319659369587,339.3585344152816,550.0,0.7702127659574468,0.2297872340425532,0.0,0.577398057725693,0.0,6.895161729729664,0.9816886613973718,79770.9854357344,0.0,0.0,100.0,0.0,65.5,0.0655,0.0655,95.05655422404942,3063.1568555700046,2863.739144654397,196039370.37199098,0.7860122599278552,0.0,0.0,0.0,nan,0,nan,0,nan,nan,nan,nan,nan,nan
fog_size,10,100,90.0,9.0,10.0,17,59,2dp_fhs,,940,10.0,129.9971456346609,110.97874976830502,357.01624199834356,550.0,0.7106382978723405,0.28936170212765955,0.0,0.8080695037211935,0.0,31.258442113675308,1.0692376129327625,79774.4935703218,78.0,82.97872340425532,1.2658227848101267,0.0,369.69999999999976,0.36969999999999975,0.36969999999999975,66.5394791005934,1669.4032737076716,2043.5945514576647,138517648.0400735,1.478999552601312,0.0,0.0,0.0,nan,0,nan,0,nan,nan,nan,nan,nan,nan
fog_size,10,100,90.0,9.0,10.0,17,59,3d_pos,,940,10.0,119.50298918844099,93.9423857672288,339.3585344152816,550.0,0.7702127659574468,0.2297872340425532,0.0,0.577398057725693,0.0,7.332583461112491,0.9822565846397749,79771.3966121619,0.0,0.0,100.0,0.0,547.3000000000003,0.5473000000000003,0.5473000000000003,95.05646100436026,3063.1568555700046,2863.739144654397,196581395.37199098,1.1976919846751857,0.0,0.0,0.0,nan,0,nan,0,nan,nan,nan,nan,nan,nan
fog_size,20,200,180.0,9.0,10.0,17,59,spotis,,1864,10.0,115.74904056220738,86.22154482293665,326.97868049980855,550.0,0.8181330472103004,0.18186695278969955,0.0,0.5427038626609441,0.0,6.025927564377302,0.963607042489103,158018.02316626953,0.0,0.0,100.0,2.9702970297029703,64.43825742574255,0.06443825742574255,0.06443825742574255,91.23599833835716,1614.79974899792,1805.331489334172,263117192.55814058,0.6924293831618371,97.02970297029702,0.0,0.0,nan,0,nan,0,11.543264527897175,25.119454546781895,7.599349594897402,22.65163113450196,24.44502198629043,8.641278209631134
fog_size,20,200,180.0,9.0,10.0,17,59,fu_serve,,1864,10.0,116.01461093152281,87.76768736970152,323.1601536494911,550.0,0.8106223175965666,0.18937768240343344,0.0,0.817918045745189,0.0,9.201531056541484,0.9664919179825544,158008.89171454526,0.0,0.0,100.0,0.0,199.59999999999988,0.1995999999999999,0.19959999999999992,82.81755800513756,1517.474527260298,1573.6288685823727,186240341.36510262,1.2319964477759067,0.0,0.0,0.0,nan,0,nan,0,nan,nan,nan,nan,nan,nan
fog_size,20,200,180.0,9.0,10.0,17,59,2dp_fhs,,1864,10.0,126.3168222523521,101.26806535270472,362.7570536132748,550.0,0.7473175965665236,0.25268240343347637,0.0,0.7962127295316465,0.0,22.473789649067037,1.0517295786573324,158013.5817295433,91.0,48.81974248927039,1.0869565217391304,0.0,1295.8,1.2958,1.2958,58.65169345369745,1648.7748147868226,1725.3580842679853,242390824.72362578,2.4102438062782436,0.0,0.0,0.0,nan,0,nan,0,nan,nan,nan,nan,nan,nan
fog_size,20,200,180.0,9.0,10.0,17,59,3d_pos,,1864,10.0,115.26822115762629,86.59571321670789,318.1883455355319,550.0,0.8143776824034334,0.18562231759656656,0.0,0.6188184454277469,0.0,8.05493705711828,0.9609910223927126,158007.30679846578,2.0,1.0729613733905579,33.333333333333336,0.0,1972.7999999999995,1.9727999999999994,1.9727999999999994,33.91469065574799,3485.305002005052,3335.856293090079,283203175.79423785,2.4357450684281337,0.0,0.0,0.0,nan,0,nan,0,nan,nan,nan,nan,nan,nan
fog_size,40,400,360.0,9.0,10.0,17,59,spotis,,3664,10.0,121.99659554031464,94.96542412594656,342.7077293189455,550.0,0.7764737991266376,0.2235262008733624,0.0,0.5874306138485718,0.0,6.518898405510971,1.0629489279898856,314944.837331347,0.0,0.0,100.0,1.9801980198019802,73.72918811881188,0.07372918811881188,0.07372918811881188,94.91068465054354,2473.6688218098443,2508.784403479191,343800896.5220345,0.7784466101602504,98.01980198019803,0.0,0.9900990099009901,nan,0,nan,0,13.232782115376764,20.883672807245162,7.347018697464311,15.817622583769971,31.610554469606782,11.108349326537018
fog_size,40,400,360.0,9.0,10.0,17,59,fu_serve,,3664,10.0,120.99431816880082,91.64981421853125,343.87188167933454,550.0,0.7862991266375546,0.21370087336244536,0.0,0.6010892501617312,0.0,6.788303655918054,1.0484572473722822,314941.3529608952,0.0,0.0,100.0,0.0,692.6999999999998,0.6926999999999999,0.6926999999999999,91.53480407812853,2125.705468959889,2097.183797726412,287030813.53907555,1.309475839361778,0.0,0.0,0.0,nan,0,nan,0,nan,nan,nan,nan,nan,nan
fog_size,40,400,360.0,9.0,10.0,17,59,2dp_fhs,,3664,10.0,133.99495418334357,115.83183218115836,375.94711880853856,550.0,0.6880458515283843,0.31195414847161573,0.0,0.8536155104109058,0.0,17.79005891204166,1.1557551641862303,314834.4064001292,90.0,24.563318777292576,1.098901098901099,0.0,4741.400000000002,4.741400000000002,4.741400000000002,52.23969488709624,2112.768031390562,2076.0194028149554,153632107.36454117,6.686013939974885,0.0,0.0,0.0,nan,0,nan,0,nan,nan,nan,nan,nan,nan
fog_size,40,400,360.0,9.0,10.0,17,59,3d_pos,,3664,10.0,129.5522231355744,106.8085492584978,369.5343376409718,550.0,0.7237991266375546,0.27620087336244536,0.0,0.6434066195018449,0.0,13.470116237176732,1.117055257619756,314883.1781744233,60.0,16.375545851528383,1.639344262295082,0.0,7364.199999999996,7.364199999999996,7.364199999999996,68.55393684497727,2275.2583008414676,2157.2495410263055,205858458.02644324,7.310256994131662,0.0,0.0,0.0,nan,0,nan,0,nan,nan,nan,nan,nan,nan
fog_size,80,800,720.0,9.0,10.0,17,59,spotis,,7233,10.0,122.66942003753717,93.18994722318008,354.46670403254444,550.0,0.7851513894649523,0.21484861053504767,0.0,0.5968900545866295,0.0,6.416134062437698,1.0786538466807825,631469.1945488056,0.0,0.0,100.0,1.9801980198019802,87.03445544554455,0.08703445544554456,0.08703445544554456,96.58110556052733,1581.7930903023416,1496.8956746475606,353676168.1214914,0.8842603934845198,98.01980198019803,0.0,0.9900990099009901,nan,0,nan,0,14.53666624888214,20.97247670644446,7.353776283798577,11.523088763291629,33.494108359028786,12.119883638554416
fog_size,80,800,720.0,9.0,10.0,17,59,fu_serve,,7233,10.0,125.90976352348544,99.18348676729654,353.9356807479823,550.0,0.7559795382275681,0.24402046177243186,0.0,0.7993057974666142,0.0,9.050651931073146,1.1106902177988667,631416.7734644297,3.0,0.41476565740356697,25.0,0.0,2499.099999999999,2.499099999999999,2.499099999999999,94.76954866539587,1588.3662891781676,1494.6483476998435,177745323.99633273,4.2121745843668785,0.0,0.0,0.0,nan,0,nan,0,nan,nan,nan,nan,nan,nan
fog_size,80,800,720.0,9.0,10.0,17,59,2dp_fhs,,7233,10.0,156.4978086418287,150.0,418.9843382136822,550.0,0.4855523296004424,0.5144476703995575,0.0,1.008606063040268,0.0,17.916914026497164,1.4082215979247994,630289.1936054174,97.0,13.410756256048666,1.0204081632653061,0.0,18068.0,18.068,18.068,65.74310797624777,1194.3624019500267,1114.0620291447908,89959605.87416324,36.032201229130315,0.0,0.0,0.0,nan,0,nan,0,nan,nan,nan,nan,nan,nan
fog_size,80,800,720.0,9.0,10.0,17,59,3d_pos,,7233,10.0,145.01317145381648,145.88360268192235,399.251124591388,550.0,0.5915940826766211,0.40840591732337894,0.0,0.6926161349930792,0.0,14.498830679534114,1.2651196006334466,630756.966124616,83.0,11.475183188165353,1.1904761904761905,0.0,28617.999999999996,28.617999999999995,28.617999999999995,64.28390449968383,1335.1252157316817,1243.008590111598,417351531.41196305,27.559682745476408,0.0,0.0,0.0,nan,0,nan,0,nan,nan,nan,nan,nan,nan
arrival_rate,20,200,60.0,3.0,10.0,17,59,spotis,,606,10.0,94.48921260082038,67.2872111750884,262.4120039952158,454.1711750940604,0.9372937293729373,0.06270627062706269,0.0,0.5673267326732674,0.0,6.0797348514845195,0.8514262991030016,157032.13256436415,0.0,0.0,100.0,1.9801980198019802,64.42550495049503,0.06442550495049502,0.06442550495049502,91.24513865946092,1614.79974899792,1805.331489334172,75627176.57009105,0.6627562976635752,98.01980198019803,0.0,0.0,nan,0,nan,0,7.467117802602644,18.63446784016677,4.856189126733238,23.19919396996297,40.25900256157796,5.58402869895643
arrival_rate,20,200,60.0,3.0,10.0,17,59,fu_serve,,606,10.0,94.62295266950491,66.88861299861149,262.72004404123606,454.47921514008124,0.9356435643564357,0.0643564356435643,0.0,0.8585923207425009,0.0,9.452986980945012,0.8573248107698391,157034.62559418016,0.0,0.0,100.0,0.0,199.59999999999988,0.1995999999999999,0.19959999999999992,82.83742548016801,1517.474527260298,1573.6288685823727,1246293.3441166813,1.1701056142287602,0.0,0.0,0.0,nan,0,nan,0,nan,nan,nan,nan,nan,nan
arrival_rate,20,200,60.0,3.0,10.0,17,59,2dp_fhs,,606,10.0,98.55737131858645,72.51950966378917,265.59063004046396,454.385595801877,0.9191419141914191,0.08085808580858089,0.0,0.7979227954620725,0.0,26.376737858717306,0.8912831739043335,157044.96715433834,36.0,59.40594059405941,2.7027027027027026,0.0,1295.8,1.2958,1.2958,54.17763409731845,1484.956509757175,1537.399128380513,24223634.43651414,2.2518659049382697,0.0,0.0,0.0,nan,0,nan,0,nan,nan,nan,nan,nan,nan
arrival_rate,20,200,60.0,3.0,10.0,17,59,3d_pos,,606,10.0,95.00508981062566,66.72078879685682,263.215570202523,458.456689036255,0.933993399339934,0.06600660066006603,0.0,0.6493114261709612,0.0,9.657953712027222,0.8594859805638686,157034.99149147279,0.0,0.0,100.0,0.0,1972.7999999999995,1.9727999999999994,1.9727999999999994,33.890248343864585,3504.3404576861885,3352.735473256009,150835844.33758706,2.400140338917758,0.0,0.0,0.0,nan,0,nan,0,nan,nan,nan,nan,nan,nan
arrival_rate,20,200,120.0,6.0,10.0,17,59,spotis,,1255,10.0,102.99223574939832,73.92410341986721,283.081691340078,469.1212800709341,0.899601593625498,0.10039840637450204,0.0,0.5617529880478087,0.0,6.03850145019878,0.8929311365199868,157556.6416796047,0.0,0.0,100.0,1.9801980198019802,64.42550495049503,0.06442550495049502,0.06442550495049502,91.23821047799377,1614.79974899792,1805.331489334172,233466744.26595366,0.6839672878203353,98.01980198019803,0.0,0.0,nan,0,nan,0,9.550111257222607,21.48602204666918,6.2547478636575615,24.377192763842725,31.19511194241367,7.136814126194242
arrival_rate,20,200,120.0,6.0,10.0,17,59,fu_serve,,1255,10.0,104.01387785432738,75.045376717207,285.6911740561552,526.579653436038,0.8980079681274901,0.10199203187250994,0.0,0.8501570151988177,0.0,9.260310764244721,0.8908288225777361,157552.48650951879,0.0,0.0,100.0,0.0,199.59999999999988,0.1995999999999999,0.19959999999999992,82.82723339198822,1517.474527260298,1573.6288685823727,85267086.69937325,1.2119809038254372,0.0,0.0,0.0,nan,0,nan,0,nan,nan,nan,nan,nan,nan
arrival_rate,20,200,120.0,6.0,10.0,17,59,2dp_fhs,,1255,10.0,110.72404375857853,83.08118209201965,309.45777702557933,506.410268452745,0.8685258964143426,0.13147410358565736,0.0,0.8060147928490804,0.0,23.602111541728448,0.9378750567675628,157570.80623835028,66.0,52.58964143426295,1.492537313432836,0.0,1295.8,1.2958,1.2958,56.51514681451961,1489.3448772766155,1548.3414863819492,70859973.10302931,2.3376806326202137,0.0,0.0,0.0,nan,0,nan,0,nan,nan,nan,nan,nan,nan
arrival_rate,20,200,120.0,6.0,10.0,17,59,3d_pos,,1255,10.0,103.44768746048167,74.01080974492746,281.21535282504954,498.58369287183115,0.8972111553784861,0.10278884462151394,0.0,0.6417687752755181,0.0,8.21400552659722,0.8842399846721137,157544.17664921444,0.0,0.0,100.0,0.0,1972.7999999999995,1.9727999999999994,1.9727999999999994,33.886570577520736,3504.3404576861885,3352.735473256009,139694066.3958759,2.425525437245064,0.0,0.0,0.0,nan,0,nan,0,nan,nan,nan,nan,nan,nan
arrival_rate,20,200,180.0,9.0,10.0,17,59,spotis,,1864,10.0,115.74904056220738,86.22154482293665,326.97868049980855,550.0,0.8181330472103004,0.18186695278969955,0.0,0.5427038626609441,0.0,6.025927564377302,0.963607042489103,158018.02316626953,0.0,0.0,100.0,2.9702970297029703,64.43825742574255,0.06443825742574255,0.06443825742574255,91.23599833835716,1614.79974899792,1805.331489334172,263117192.55814058,0.6924293831618371,97.02970297029702,0.0,0.0,nan,0,nan,0,11.543264527897175,25.119454546781895,7.599349594897402,22.65163113450196,24.44502198629043,8.641278209631134
arrival_rate,20,200,180.0,9.0,10.0,17,59,fu_serve,,1864,10.0,116.01461093152281,87.76768736970152,323.1601536494911,550.0,0.8106223175965666,0.18937768240343344,0.0,0.817918045745189,0.0,9.201531056541484,0.9664919179825544,158008.89171454526,0.0,0.0,100.0,0.0,199.59999999999988,0.1995999999999999,0.19959999999999992,82.81755800513756,1517.474527260298,1573.6288685823727,186240341.36510262,1.2319964477759067,0.0,0.0,0.0,nan,0,nan,0,nan,nan,nan,nan,nan,nan
arrival_rate,20,200,180.0,9.0,10.0,17,59,2dp_fhs,,1864,10.0,126.3168222523521,101.26806535270472,362.7570536132748,550.0,0.7473175965665236,0.25268240343347637,0.0,0.7962127295316465,0.0,22.473789649067037,1.0517295786573324,158013.5817295433,91.0,48.81974248927039,1.0869565217391304,0.0,1295.8,1.2958,1.2958,58.65169345369745,1648.7748147868226,1725.3580842679853,242390824.72362578,2.4102438062782436,0.0,0.0,0.0,nan,0,nan,0,nan,nan,nan,nan,nan,nan
arrival_rate,20,200,180.0,9.0,10.0,17,59,3d_pos,,1864,10.0,115.26822115762629,86.59571321670789,318.1883455355319,550.0,0.8143776824034334,0.18562231759656656,0.0,0.6188184454277469,0.0,8.05493705711828,0.9609910223927126,158007.30679846578,2.0,1.0729613733905579,33.333333333333336,0.0,1972.7999999999995,1.9727999999999994,1.9727999999999994,33.91469065574799,3485.305002005052,3335.856293090079,283203175.79423785,2.4357450684281337,0.0,0.0,0.0,nan,0,nan,0,nan,nan,nan,nan,nan,nan
arrival_rate,20,200,240.0,12.0,10.0,17,59,spotis,,2437,10.0,130.8180399056976,110.53355797347453,380.1722123960623,550.0,0.6745999179318835,0.32540008206811655,0.0,0.4820681165367255,0.0,6.019827377923317,1.0552566532322605,158283.36436438747,0.0,0.0,100.0,1.9801980198019802,64.42550495049503,0.06442550495049502,0.06442550495049502,91.23496468799787,1614.79974899792,1805.331489334172,238844395.78913322,0.7010302628106926,98.01980198019803,0.0,0.0,nan,0,nan,0,11.991049048019356,25.88224071599825,7.9549997853293934,25.2031688706643,19.96370042651208,9.004841153476617
arrival_rate,20,200,240.0,12.0,10.0,17,59,fu_serve,,2437,10.0,131.81021047642741,110.99581357335265,387.4474012477138,550.0,0.676241280262618,0.323758719737382,0.0,0.7381318552184379,0.0,9.173050206439164,1.0508343760673453,158280.29747823262,0.0,0.0,100.0,0.0,199.59999999999988,0.1995999999999999,0.19959999999999992,82.81467677603008,1517.474527260298,1573.6288685823727,237929035.91816312,1.2517497082909201,0.0,0.0,0.0,nan,0,nan,0,nan,nan,nan,nan,nan,nan
arrival_rate,20,200,240.0,12.0,10.0,17,59,2dp_fhs,,2437,10.0,140.16654820655148,134.51905434893607,396.9830732664706,550.0,0.5995075913007797,0.4004924086992203,0.0,0.7216289625322394,0.0,18.927599761955726,1.165165122898004,158250.82867102762,89.0,36.52031185884284,1.1111111111111112,0.0,1295.8,1.2958,1.2958,57.61424039541251,1837.4788149464698,1897.8188488048418,338913808.3428464,2.3709681410174483,0.0,0.0,0.0,nan,0,nan,0,nan,nan,nan,nan,nan,nan
arrival_rate,20,200,240.0,12.0,10.0,17,59,3d_pos,,2437,10.0,130.52621499292306,107.34182620154087,374.5666876650025,550.0,0.6819860484201887,0.31801395157981127,0.0,0.5564867811527314,0.0,7.560708123960955,1.0373128076162135,158272.5363127318,0.0,0.0,100.0,0.0,1972.7999999999995,1.9727999999999994,1.9727999999999994,33.882429178097745,3504.3404576861885,3352.735473256009,288015653.4020738,2.448451863980866,0.0,0.0,0.0,nan,0,nan,0,nan,nan,nan,nan,nan,nan
arrival_rate,20,200,300.0,15.0,10.0,17,59,spotis,,3040,10.0,144.32285655064132,150.0,444.1580598399725,550.0,0.5450657894736842,0.4549342105263158,0.0,0.4152631578947368,0.0,6.015897690789155,1.1085986805495913,158385.47044014433,0.0,0.0,100.0,2.9702970297029703,64.43825742574255,0.06443825742574255,0.06443825742574255,91.23414677411606,1614.79974899792,1805.331489334172,367435202.0678837,0.7146804207948572,97.02970297029702,0.0,0.0,nan,0,nan,0,12.786852875117486,26.999602644625632,8.475102208465543,24.559721605946837,17.570139692696443,9.608580973148054
arrival_rate,20,200,300.0,15.0,10.0,17,59,fu_serve,,3040,10.0,144.62656365899915,150.0,453.1856118797609,550.0,0.5404605263157894,0.45953947368421055,0.0,0.6350306374474864,0.0,9.154672641644156,1.1089007029480171,158370.44628141724,0.0,0.0,100.0,0.0,199.59999999999988,0.1995999999999999,0.19959999999999992,82.81341708419176,1517.474527260298,1573.6288685823727,291081216.0587806,1.3166715724549372,0.0,0.0,0.0,nan,0,nan,0,nan,nan,nan,nan,nan,nan
arrival_rate,20,200,300.0,15.0,10.0,17,59,2dp_fhs,,3040,10.0,151.27178492672215,150.0,471.89466755565513,550.0,0.4825657894736842,0.5174342105263158,0.0,0.596430977917604,0.0,16.475825512049468,1.241098910658906,158369.2145284103,92.0,30.263157894736842,1.075268817204301,0.0,1295.8,1.2958,1.2958,58.85781724405188,1864.4277271199285,1944.0375956247801,512745217.70618874,2.2512510958678167,0.0,0.0,0.0,nan,0,nan,0,nan,nan,nan,nan,nan,nan
arrival_rate,20,200,300.0,15.0,10.0,17,59,3d_pos,,3040,10.0,142.95160837478394,150.0,443.11970791739026,550.0,0.5601973684210526,0.4398026315789474,0.0,0.4795364545322843,0.0,7.423120012568005,1.0633802614389989,158359.45901170428,0.0,0.0,100.0,0.0,1972.7999999999995,1.9727999999999994,1.9727999999999994,33.88185087469751,3504.3404576861885,3352.735473256009,479410176.86890393,2.470943144230371,0.0,0.0,0.0,nan,0,nan,0,nan,nan,nan,nan,nan,nan
head_failure,20,200,180.0,9.0,10.0,17,59,spotis,5.0,1864,10.0,118.39684718485812,89.82819100989269,344.21501473665603,550.0,0.7950643776824035,0.20493562231759654,0.0,0.5422065777440408,0.0,6.183467655706646,0.9734590962956498,157991.18880718382,1.0,0.5364806866952789,50.0,3.9603960396039604,64.45100990099007,0.06445100990099008,0.06445100990099008,74.05283028042477,1577.8854189773026,1724.5378910817587,274199843.7227492,0.6938999585190979,96.03960396039604,0.0,0.0,1.0,0,56.934585096996884,0,10.296544369494523,25.571553473933722,8.053514516610948,23.475662557746784,24.22873296846807,8.373992113745956
head_failure,20,200,180.0,9.0,10.0,17,59,fu_serve,5.0,1864,10.0,116.83292156509357,89.34161405428132,316.3364272168646,550.0,0.7972103004291845,0.2027896995708155,0.0,0.7115681667747948,0.0,8.113019685418667,0.9740579095763575,157995.9724801041,1.0,0.5364806866952789,50.0,0.0,199.59999999999988,0.1995999999999999,0.19959999999999992,74.68289683874804,1553.3381880475595,1632.9093204652117,311647971.70370835,1.0556561321910327,0.0,0.0,0.0,1.0,0,36.81344098258414,0,nan,nan,nan,nan,nan,nan
head_failure,20,200,180.0,9.0,10.0,17,59,2dp_fhs,5.0,1864,10.0,128.63317319846502,105.96142140153653,356.01957317638744,550.0,0.7194206008583691,0.2805793991416309,0.0,0.7951769107507234,0.0,22.126307482029166,1.0625759627018876,157973.43679245687,89.0,47.74678111587983,1.1111111111111112,0.0,1295.8,1.2958,1.2958,59.51845077779866,1656.4058931323202,1733.0288154286557,188177603.12384528,2.373085766610038,0.0,0.0,0.0,1.0,0,74.19686092288605,0,nan,nan,nan,nan,nan,nan
head_failure,20,200,180.0,9.0,10.0,17,59,3d_pos,5.0,1864,10.0,119.12973773626446,89.14986389383995,341.22983228202764,550.0,0.7929184549356223,0.2070815450643777,0.0,0.5888134712812302,0.0,10.009502338158985,0.9722865089136545,157985.561886648,18.0,9.656652360515022,5.2631578947368425,0.0,1972.7999999999995,1.9727999999999994,1.9727999999999994,39.229665372416136,2543.090637155979,2503.6983750546146,264438822.02422774,2.3211626088608557,0.0,0.0,0.0,1.0,0,49.83213076048838,0,nan,nan,nan,nan,nan,nan
fog_size,10,100,90.0,9.0,10.0,18,60,spotis,,858,10.0,127.62977582366969,100.72877914359424,366.3856304915474,550.0,0.7319347319347319,0.2680652680652681,0.0,0.48390329598899756,0.0,6.223812098180319,1.050031206652001,78573.30719178906,0.0,0.0,100.0,3.9603960396039604,60.74807920792079,0.06074807920792079,0.06074807920792079,71.47172593208673,2289.3920986297426,2088.684465690794,220426627.18299988,0.6702370453133093,96.03960396039604,0.0,0.9900990099009901,nan,0,nan,0,8.92938920443863,21.947571450886823,7.738523686005842,33.601938945384646,20.140279647805247,7.642297065478817
fog_size,10,100,90.0,9.0,10.0,18,60,fu_serve,,858,10.0,127.76987153308741,102.79400818678386,344.4754682570319,550.0,0.7202797202797203,0.2797202797202797,0.0,0.8300153084867732,0.0,10.650660367506026,1.0986572491754758,78592.85777400204,0.0,0.0,100.0,0.0,65.5,0.0655,0.0655,94.12207479226589,1210.0351599126088,1213.299603193992,121620957.25808533,1.1723558974821915,0.0,0.0,0.0,nan,0,nan,0,nan,nan,nan,nan,nan,nan
fog_size,10,100,90.0,9.0,10.0,18,60,2dp_fhs,,858,10.0,133.21264752590494,113.20991620386955,353.2137964538171,550.0,0.6806526806526807,0.3193473193473193,0.0,0.8335073419323477,0.0,27.066320724988106,1.134727146033329,78576.56824729507,53.0,61.77156177156177,1.8518518518518519,0.0,369.69999999999976,0.36969999999999975,0.36969999999999975,63.446673880580526,1312.0823495712493,1317.8708862006551,94562013.58638932,1.6081666390913423,0.0,0.0,0.0,nan,0,nan,0,nan,nan,nan,nan,nan,nan
fog_size,10,100,90.0,9.0,10.0,18,60,3d_pos,,858,10.0,130.18966326628936,106.2490933885536,350.3018329192904,550.0,0.7004662004662005,0.29953379953379955,0.0,0.63802178611643,0.0,22.251431317998648,1.1037046380472346,78577.21408147801,45.0,52.44755244755245,2.1739130434782608,0.0,547.3000000000003,0.5473000000000003,0.5473000000000003,61.525345314720056,2183.577552530871,1988.9914821810657,152483535.00480032,1.3713712994034781,0.0,0.0,0.0,nan,0,nan,0,nan,nan,nan,nan,nan,nan
fog_size,20,200,180.0,9.0,10.0,18,60,spotis,,1725,10.0,120.72775196407532,93.00552453562273,330.23798735448634,550.0,0.7797101449275362,0.2202898550724638,0.0,0.5116521739130434,0.0,6.028016799999609,1.0281264981409022,158490.44305144233,0.0,0.0,100.0,2.9702970297029703,64.43825742574255,0.06443825742574255,0.06443825742574255,65.564746927871,1645.7932758651302,1758.11573966117,286179446.32269704,0.6806669279125941,97.02970297029702,0.0,0.0,nan,0,nan,0,11.297869479092359,21.192816863829535,8.210154935376966,22.68110117740009,27.103594875381553,9.5144626689195
fog_size,20,200,180.0,9.0,10.0,18,60,fu_serve,,1725,10.0,122.40508187387559,94.49618352445022,344.5809582115467,550.0,0.7669565217391304,0.23304347826086957,0.0,0.8477677857321642,0.0,10.05740829103242,1.0529030767234395,158500.60368194795,0.0,0.0,100.0,0.0,199.59999999999988,0.1995999999999999,0.19959999999999992,93.08069905861821,1695.4671230367708,1811.1897271040768,147345633.15848476,1.3280022226742663,0.0,0.0,0.0,nan,0,nan,0,nan,nan,nan,nan,nan,nan
fog_size,20,200,180.0,9.0,10.0,18,60,2dp_fhs,,1725,10.0,130.807937068099,110.90734397531054,353.8853701518202,550.0,0.7095652173913043,0.2904347826086957,0.0,0.8388343006986814,0.0,23.249642122828188,1.1250554121498006,158484.68073591415,82.0,47.53623188405797,1.2048192771084338,0.0,1295.8,1.2958,1.2958,65.64668557999984,1774.0545486553194,1896.6418036718521,140992329.8077295,2.6353966454795903,0.0,0.0,0.0,nan,0,nan,0,nan,nan,nan,nan,nan,nan
fog_size,20,200,180.0,9.0,10.0,18,60,3d_pos,,1725,10.0,125.56746704639527,98.77527081957993,346.7848218644373,550.0,0.7472463768115942,0.2527536231884058,0.0,0.7313227276095532,0.0,14.909582604810565,1.0857770333843426,158507.17950747523,33.0,19.130434782608695,2.9411764705882355,0.0,1972.7999999999995,1.9727999999999994,1.9727999999999994,71.78559429122336,3330.78415217877,3303.0163275287573,133229054.51403514,3.0224644823304345,0.0,0.0,0.0,nan,0,nan,0,nan,nan,nan,nan,nan,nan
fog_size,40,400,360.0,9.0,10.0,18,60,spotis,,3476,10.0,122.62936217738061,92.43874274372831,349.4417765868741,550.0,0.7871116225546605,0.2128883774453395,0.0,0.581283912895841,0.0,6.518329993844733,1.078687302368149,315689.64774607,0.0,0.0,100.0,2.9702970297029703,73.74378217821783,0.07374378217821782,0.07374378217821782,92.62331123850805,2174.2301662869804,2299.5866055274278,202701248.83111218,0.794703107343598,97.02970297029702,0.0,1.9801980198019802,nan,0,nan,0,12.69580272479037,21.023270374754706,7.958504266368749,15.111193035375138,32.5219979918911,10.689231606819941
fog_size,40,400,360.0,9.0,10.0,18,60,fu_serve,,3476,10.0,123.85486992787432,95.45204804258888,360.628901794832,550.0,0.7810701956271576,0.21892980437284237,0.0,0.7312848124906272,0.0,8.390006459916806,1.0861467134124212,315687.24761370546,0.0,0.0,100.0,0.0,692.6999999999998,0.6926999999999999,0.6926999999999999,95.3795618184372,1651.930681577701,1399.264963157843,199807819.0772652,1.6772363296403738,0.0,0.0,0.0,nan,0,nan,0,nan,nan,nan,nan,nan,nan
fog_size,40,400,360.0,9.0,10.0,18,60,2dp_fhs,,3476,10.0,133.96886802133778,111.20009155976751,382.7230979209386,550.0,0.7102991944764097,0.28970080552359034,0.0,0.9033076720894204,0.0,18.31591049027175,1.1640844467360396,315612.48378578195,82.0,23.590333716915996,1.2048192771084338,0.0,4741.400000000002,4.741400000000002,4.741400000000002,81.59272307853142,1514.0671764316126,1287.0303272188085,121720365.3251569,7.19696038641667,0.0,0.0,0.0,nan,0,nan,0,nan,nan,nan,nan,nan,nan
fog_size,40,400,360.0,9.0,10.0,18,60,3d_pos,,3476,10.0,129.4963967403754,103.47465601930084,376.03661897342977,550.0,0.7413693901035673,0.2586306098964327,0.0,0.6459872548121411,0.0,13.796342994001701,1.1253896952204974,315638.48853137397,59.0,16.973532796317606,1.6666666666666667,0.0,7364.199999999996,7.364199999999996,7.364199999999996,51.64152830671338,1554.9468639179004,1302.2158637907692,233691909.59374958,7.457133241852009,0.0,0.0,0.0,nan,0,nan,0,nan,nan,nan,nan,nan,nan
fog_size,80,800,720.0,9.0,10.0,18,60,spotis,,7062,10.0,125.65938927461461,98.41482706608673,359.5280119297772,550.0,0.7589917870291703,0.24100821297082975,0.0,0.556353701418634,0.0,6.098774877360345,1.1069976300533504,630083.291160901,0.0,0.0,100.0,1.9801980198019802,87.03445544554455,0.08703445544554456,0.08703445544554456,93.33936830093745,1733.825713919824,1679.0687690740588,370740839.3060833,0.8774732442914431,98.01980198019803,0.0,0.0,nan,0,nan,0,14.807820450599534,19.34123128444719,7.34163535959768,7.122940297643001,38.9326460055841,12.4537266021285
fog_size,80,800,720.0,9.0,10.0,18,60,fu_serve,,7062,10.0,130.32052875864665,105.88485890070442,379.6036824611811,550.0,0.7230246389124894,0.27697536108751064,0.0,0.9055916454423989,0.0,10.325574403258118,1.1427197307043686,629984.5108087914,0.0,0.0,100.0,0.0,2499.099999999999,2.499099999999999,2.499099999999999,92.29995589490562,1890.2827385144694,1807.1002488363479,175805542.77976716,5.153851940943899,0.0,0.0,0.0,nan,0,nan,0,nan,nan,nan,nan,nan,nan
fog_size,80,800,720.0,9.0,10.0,18,60,2dp_fhs,,7062,10.0,156.03347204112725,150.0,430.50181397769546,550.0,0.4822996318323421,0.517700368167658,0.0,0.9319854837845661,0.0,17.395853909487446,1.4073975213364238,628943.3798214868,97.0,13.73548569810252,1.0204081632653061,0.0,18068.0,18.068,18.068,77.15932502272105,1667.6520595326347,1644.5003699683741,113500411.86515073,30.374967105067732,0.0,0.0,0.0,nan,0,nan,0,nan,nan,nan,nan,nan,nan
fog_size,80,800,720.0,9.0,10.0,18,60,3d_pos,,7062,10.0,147.2801405557375,150.0,408.56436891406037,550.0,0.5586236193712829,0.4413763806287171,0.0,0.6872811292972114,0.0,14.309940806979847,1.3084721317285897,629311.7064234843,71.0,10.05380911922968,1.3888888888888888,0.0,28617.999999999996,28.617999999999995,28.617999999999995,70.91322367665215,1985.3544399936447,1899.3931592894048,418039147.0912694,27.967916439780982,0.0,0.0,0.0,nan,0,nan,0,nan,nan,nan,nan,nan,nan
arrival_rate,20,200,60.0,3.0,10.0,18,60,spotis,,595,10.0,99.7566214368286,75.13370893354976,252.78289645082737,462.8879159532327,0.9109243697478991,0.08907563025210086,0.0,0.5526050420168066,0.0,6.081208941175838,0.8758595058654186,157582.32876362186,0.0,0.0,100.0,1.9801980198019802,64.42550495049503,0.06442550495049502,0.06442550495049502,65.56872984726753,1645.7932758651302,1758.11573966117,183674786.89644665,0.6563025490309958,98.01980198019803,0.0,0.0,nan,0,nan,0,7.784375484687354,16.265214964395554,5.77791909270103,25.619203582688304,37.99454359546354,6.558743280064217
arrival_rate,20,200,60.0,3.0,10.0,18,60,fu_serve,,595,10.0,100.08970892269488,74.26163063944014,253.65230712696447,463.0933506953468,0.9058823529411765,0.09411764705882353,0.0,0.9148067651707763,0.0,10.328676435962333,0.8937538681961004,157589.3462464005,0.0,0.0,100.0,0.0,199.59999999999988,0.1995999999999999,0.19959999999999992,93.09893928854028,1695.4671230367708,1811.1897271040768,473133.064710806,1.2663921181733557,0.0,0.0,0.0,nan,0,nan,0,nan,nan,nan,nan,nan,nan
arrival_rate,20,200,60.0,3.0,10.0,18,60,2dp_fhs,,595,10.0,102.10801958503887,77.27009684455943,257.75361552511026,463.27814763821766,0.9008403361344538,0.0991596638655462,0.0,0.9295218656824524,0.0,22.60396824251782,0.9076027037227105,157594.08796063816,22.0,36.97478991596638,4.3478260869565215,0.0,1295.8,1.2958,1.2958,47.71440676738171,1624.3202818873417,1760.1912397609171,11406833.582716258,2.7904046879674183,0.0,0.0,0.0,nan,0,nan,0,nan,nan,nan,nan,nan,nan
arrival_rate,20,200,60.0,3.0,10.0,18,60,3d_pos,,595,10.0,104.25641733782625,79.70263374390862,254.30475697381172,475.2840891900349,0.8957983193277311,0.10420168067226887,0.0,0.7876876388832381,0.0,32.820914816636126,0.9273432202064378,157601.88684781283,46.0,77.3109243697479,2.127659574468085,0.0,1972.7999999999995,1.9727999999999994,1.9727999999999994,71.70462893125901,3321.379319635205,3293.4430178896478,50421684.17463082,2.9702397088211736,0.0,0.0,0.0,nan,0,nan,0,nan,nan,nan,nan,nan,nan
arrival_rate,20,200,120.0,6.0,10.0,18,60,spotis,,1153,10.0,110.37843816275614,82.26548098168695,292.62367672451893,476.3621815042701,0.8482220294882914,0.1517779705117086,0.0,0.5359930615784909,0.0,6.04066202722674,0.9669574921201158,158053.2973387363,0.0,0.0,100.0,1.9801980198019802,64.42550495049503,0.06442550495049502,0.06442550495049502,65.56611780685371,1645.7932758651302,1758.11573966117,182101905.69632667,0.6697023188082696,98.01980198019803,0.0,0.9900990099009901,nan,0,nan,0,9.753892692304971,18.97974578993565,7.103568920694079,23.14824541658759,32.807823508789205,8.206723671688518
arrival_rate,20,200,120.0,6.0,10.0,18,60,fu_serve,,1153,10.0,111.01109485057584,82.98056491114458,301.09716929528463,484.38915207333093,0.8508239375542064,0.14917606244579362,0.0,0.889129910783174,0.0,10.12362819499734,0.9756586599220962,158064.7340568264,0.0,0.0,100.0,0.0,199.59999999999988,0.1995999999999999,0.19959999999999992,93.09206062351609,1695.4671230367708,1811.1897271040768,58430932.787987605,1.3017106421839741,0.0,0.0,0.0,nan,0,nan,0,nan,nan,nan,nan,nan,nan
arrival_rate,20,200,120.0,6.0,10.0,18,60,2dp_fhs,,1153,10.0,118.27734558240407,92.33084631934618,307.6332818574309,518.133327910924,0.805724197745013,0.19427580225498697,0.0,0.8903357557529483,0.0,25.070387675526,1.029478165626351,158063.99812730972,60.0,52.038161318300084,1.639344262295082,0.0,1295.8,1.2958,1.2958,55.6933160216954,1643.5813334741863,1777.7021762667987,73019402.44825487,2.6617871480307524,0.0,0.0,0.0,nan,0,nan,0,nan,nan,nan,nan,nan,nan
arrival_rate,20,200,120.0,6.0,10.0,18,60,3d_pos,,1153,10.0,116.08862556691686,91.62151357683612,301.6210441109845,503.43443106271843,0.823937554206418,0.176062445793582,0.0,0.7694091694312336,0.0,21.855413559022214,0.9970380641979282,158054.79907243085,49.0,42.497831743278404,2.0,0.0,1972.7999999999995,1.9727999999999994,1.9727999999999994,72.16127202538176,3370.9456702828033,3343.8120642120075,90521490.84891115,3.0297867619062133,0.0,0.0,0.0,nan,0,nan,0,nan,nan,nan,nan,nan,nan
arrival_rate,20,200,180.0,9.0,10.0,18,60,spotis,,1725,10.0,120.72775196407532,93.00552453562273,330.23798735448634,550.0,0.7797101449275362,0.2202898550724638,0.0,0.5116521739130434,0.0,6.028016799999609,1.0281264981409022,158490.44305144233,0.0,0.0,100.0,2.9702970297029703,64.43825742574255,0.06443825742574255,0.06443825742574255,65.564746927871,1645.7932758651302,1758.11573966117,286179446.32269704,0.6806669279125941,97.02970297029702,0.0,0.0,nan,0,nan,0,11.297869479092359,21.192816863829535,8.210154935376966,22.68110117740009,27.103594875381553,9.5144626689195
arrival_rate,20,200,180.0,9.0,10.0,18,60,fu_serve,,1725,10.0,122.40508187387559,94.49618352445022,344.5809582115467,550.0,0.7669565217391304,0.23304347826086957,0.0,0.8477677857321642,0.0,10.05740829103242,1.0529030767234395,158500.60368194795,0.0,0.0,100.0,0.0,199.59999999999988,0.1995999999999999,0.19959999999999992,93.08069905861821,1695.4671230367708,1811.1897271040768,147345633.15848476,1.3280022226742663,0.0,0.0,0.0,nan,0,nan,0,nan,nan,nan,nan,nan,nan
arrival_rate,20,200,180.0,9.0,10.0,18,60,2dp_fhs,,1725,10.0,130.807937068099,110.90734397531054,353.8853701518202,550.0,0.7095652173913043,0.2904347826086957,0.0,0.8388343006986814,0.0,23.249642122828188,1.1250554121498006,158484.68073591415,82.0,47.53623188405797,1.2048192771084338,0.0,1295.8,1.2958,1.2958,65.64668557999984,1774.0545486553194,1896.6418036718521,140992329.8077295,2.6353966454795903,0.0,0.0,0.0,nan,0,nan,0,nan,nan,nan,nan,nan,nan
arrival_rate,20,200,180.0,9.0,10.0,18,60,3d_pos,,1725,10.0,125.56746704639527,98.77527081957993,346.7848218644373,550.0,0.7472463768115942,0.2527536231884058,0.0,0.7313227276095532,0.0,14.909582604810565,1.0857770333843426,158507.17950747523,33.0,19.130434782608695,2.9411764705882355,0.0,1972.7999999999995,1.9727999999999994,1.9727999999999994,71.78559429122336,3330.78415217877,3303.0163275287573,133229054.51403514,3.0224644823304345,0.0,0.0,0.0,nan,0,nan,0,nan,nan,nan,nan,nan,nan
arrival_rate,20,200,240.0,12.0,10.0,18,60,spotis,,2319,10.0,137.32263403398167,118.81401645473844,407.289447277094,550.0,0.6377749029754204,0.3622250970245796,0.0,0.4623544631306598,0.0,6.020836274255793,1.1504392337787144,158809.11253820156,0.0,0.0,100.0,1.9801980198019802,64.42550495049503,0.06442550495049502,0.06442550495049502,65.56369560448796,1645.7932758651302,1758.11573966117,393393746.20910865,0.7074190905553257,98.01980198019803,0.0,0.0,nan,0,nan,0,12.732728854688592,23.47244687362737,9.304527916426464,20.239073779712612,23.523619040518266,10.727603535026702
arrival_rate,20,200,240.0,12.0,10.0,18,60,fu_serve,,2319,10.0,137.37983860174134,117.52061047758389,421.14517467915505,550.0,0.6498490728762397,0.3501509271237603,0.0,0.7695657756333807,0.0,10.020821609840658,1.1242646822054996,158801.8797875265,0.0,0.0,100.0,0.0,199.59999999999988,0.1995999999999999,0.19959999999999992,93.07643102781194,1695.4671230367708,1811.1897271040768,219261868.76291496,1.4090486611995425,0.0,0.0,0.0,nan,0,nan,0,nan,nan,nan,nan,nan,nan
arrival_rate,20,200,240.0,12.0,10.0,18,60,2dp_fhs,,2319,10.0,147.45466841993326,150.0,420.6508283883988,550.0,0.5610176800344976,0.4389823199655024,0.0,0.7720353715647261,0.0,21.29280463407103,1.2796711434955044,158772.46506913044,95.0,40.96593359206555,1.0416666666666667,0.0,1295.8,1.2958,1.2958,68.2073754376726,2010.2006343275393,2133.172876562711,294788207.7510938,2.6917119196236956,0.0,0.0,0.0,nan,0,nan,0,nan,nan,nan,nan,nan,nan
arrival_rate,20,200,240.0,12.0,10.0,18,60,3d_pos,,2319,10.0,139.62843975542265,124.49666690232975,405.6117581025444,550.0,0.6282880551962052,0.37171194480379477,0.0,0.6603706264571922,0.0,13.060955215862768,1.1579303613819278,158794.71744797632,32.0,13.799051315222078,3.0303030303030303,0.0,1972.7999999999995,1.9727999999999994,1.9727999999999994,71.36875349035623,3286.5273904981386,3258.027362481909,165299485.47140548,3.051920935413597,0.0,0.0,0.0,nan,0,nan,0,nan,nan,nan,nan,nan,nan
arrival_rate,20,200,300.0,15.0,10.0,18,60,spotis,,2904,10.0,148.10184072059178,150.0,466.1603196789824,550.0,0.5296143250688705,0.4703856749311295,0.0,0.4066115702479339,0.0,6.016642210743486,1.1845019822708842,158929.3769601754,0.0,0.0,100.0,2.9702970297029703,64.43825742574255,0.06443825742574255,0.06443825742574255,65.56346002727803,1645.7932758651302,1758.11573966117,358756285.3668586,0.7046731260302381,97.02970297029702,0.0,0.0,nan,0,nan,0,13.12489647584209,24.214307895598985,9.59264859319145,18.848600127013302,23.17111347483342,11.048433433520755
arrival_rate,20,200,300.0,15.0,10.0,18,60,fu_serve,,2904,10.0,149.3740128498528,150.0,501.2287361564467,550.0,0.5189393939393939,0.4810606060606061,0.0,0.6817975585947617,0.0,9.997748833506943,1.1975184422431338,158912.27320390323,0.0,0.0,100.0,0.0,199.59999999999988,0.1995999999999999,0.19959999999999992,93.0739687458491,1695.4671230367708,1811.1897271040768,219024170.49822435,1.4594158581725776,0.0,0.0,0.0,nan,0,nan,0,nan,nan,nan,nan,nan,nan
arrival_rate,20,200,300.0,15.0,10.0,18,60,2dp_fhs,,2904,10.0,156.57125710935003,150.0,487.5115106760594,550.0,0.46143250688705234,0.5385674931129476,0.0,0.6640345839782994,0.0,17.79744772144788,1.345284783597328,158910.29452146325,88.0,30.303030303030305,1.1235955056179776,0.0,1295.8,1.2958,1.2958,66.08445712289286,2077.1289306008175,2194.1194785425237,396171515.6125793,2.611981616403437,0.0,0.0,0.0,nan,0,nan,0,nan,nan,nan,nan,nan,nan
arrival_rate,20,200,300.0,15.0,10.0,18,60,3d_pos,,2904,10.0,152.60234342070714,150.0,480.74746592659886,550.0,0.496900826446281,0.503099173553719,0.0,0.5939320183871309,0.0,12.331188116194662,1.2490082856069282,158909.9318675736,34.0,11.707988980716253,2.857142857142857,0.0,1972.7999999999995,1.9727999999999994,1.9727999999999994,71.37809657217204,3289.8198399877233,3260.916923417679,166321556.21737364,3.084209597692663,0.0,0.0,0.0,nan,0,nan,0,nan,nan,nan,nan,nan,nan
head_failure,20,200,180.0,9.0,10.0,18,60,spotis,5.0,1725,10.0,124.05481344315193,95.23118163462918,343.92392051556595,550.0,0.7536231884057971,0.24637681159420288,0.0,0.5334698783957688,0.0,6.468047517896444,1.047842385482839,158469.80801257052,1.0,0.5797101449275363,50.0,3.9603960396039604,64.45100990099007,0.06445100990099008,0.06445100990099008,67.38870510366455,1778.620406334653,1969.9884168043538,258517608.7345606,0.7130505793137271,96.03960396039604,0.0,0.0,1.0,0,58.94436686700621,0,11.849738869968604,19.593657047870146,8.27324381089295,21.782257353968873,28.483168729779045,10.01793418752039
head_failure,20,200,180.0,9.0,10.0,18,60,fu_serve,5.0,1725,10.0,122.71421014198356,95.79564939735619,344.2398743755245,550.0,0.7542028985507246,0.24579710144927536,0.0,0.676707867879211,0.0,8.214848478060322,1.0436266917319443,158465.37123738608,1.0,0.5797101449275363,50.0,0.0,199.59999999999988,0.1995999999999999,0.19959999999999992,79.4272625406563,1676.3752945464,1791.338017094158,238825692.1305827,1.0588830230270252,0.0,0.0,0.0,1.0,0,44.21593280953907,0,nan,nan,nan,nan,nan,nan
head_failure,20,200,180.0,9.0,10.0,18,60,2dp_fhs,5.0,1725,10.0,133.0653585896351,114.01511530807396,360.5732666215846,550.0,0.6863768115942029,0.31362318840579706,0.0,0.8351829248301078,0.0,23.374349630814955,1.135968411294421,158452.59951041543,83.0,48.11594202898551,1.1904761904761905,0.0,1295.8,1.2958,1.2958,66.4495990202426,1752.7066477272997,1884.1578491343416,148281983.22091976,2.618629968893665,0.0,0.0,0.0,1.0,0,41.366011403670285,0,nan,nan,nan,nan,nan,nan
head_failure,20,200,180.0,9.0,10.0,18,60,3d_pos,5.0,1725,10.0,128.46683359673892,102.79583822706329,350.42366769979003,550.0,0.7263768115942029,0.27362318840579714,0.0,0.6627379024610839,0.0,16.318938236970425,1.08709400428854,158469.7416988164,48.0,27.82608695652174,2.0408163265306123,0.0,1972.7999999999995,1.9727999999999994,1.9727999999999994,71.4124335315474,2556.6507513206484,2592.190678151148,184557459.21301976,2.7450316260582484,0.0,0.0,0.0,1.0,1,75.90447644197492,0,nan,nan,nan,nan,nan,nan
fog_size,10,100,90.0,9.0,10.0,19,61,spotis,,877,10.0,114.38490623804107,85.09991245764948,310.0960067940233,550.0,0.8175598631698974,0.18244013683010263,0.0,0.5213226909920181,0.0,6.051951448118369,0.9189424148904903,79106.3599948881,0.0,0.0,100.0,3.9603960396039604,60.74807920792079,0.06074807920792079,0.06074807920792079,82.93936203130077,1462.4073953968718,1289.7332698645916,245043735.27817112,0.650796846330028,96.03960396039604,0.0,0.0,nan,0,nan,0,10.361069470357927,20.128738232710873,5.44926438326804,39.6238672432865,15.943185486188522,8.493875184188129
fog_size,10,100,90.0,9.0,10.0,19,61,fu_serve,,877,10.0,113.47106510919832,85.27093688009657,309.34870252966533,550.0,0.8095781071835804,0.19042189281641964,0.0,0.575137132816118,0.0,7.625204753128668,0.9299112879737423,79107.71529787299,3.0,3.420752565564424,25.0,0.0,65.5,0.0655,0.0655,91.07519400275046,1140.5348053812968,1129.5225702128032,175858948.72359028,0.7328652749832878,0.0,0.0,0.0,nan,0,nan,0,nan,nan,nan,nan,nan,nan
fog_size,10,100,90.0,9.0,10.0,19,61,2dp_fhs,,877,10.0,121.1637588125744,95.92276961651348,323.11215806790904,550.0,0.7651083238312428,0.23489167616875717,0.0,0.7953211857908529,0.0,28.252467333607584,0.9977644448166614,79116.9782258836,64.0,72.97605473204105,1.5384615384615385,0.0,369.69999999999976,0.36969999999999975,0.36969999999999975,60.54179309944504,1139.826344915115,1130.9598403657574,131641145.64125733,1.4090026505197164,0.0,0.0,0.0,nan,0,nan,0,nan,nan,nan,nan,nan,nan
fog_size,10,100,90.0,9.0,10.0,19,61,3d_pos,,877,10.0,114.44292043437164,84.98686820265621,313.4499891171211,550.0,0.8164196123147093,0.18358038768529072,0.0,0.5206385404789052,0.0,6.468044469782993,0.9151321341688994,79102.71289147655,0.0,0.0,100.0,0.0,547.3000000000003,0.5473000000000003,0.5473000000000003,82.93946781998214,1462.4073953968718,1289.7332698645916,203020173.27311885,1.0157195313300276,0.0,0.0,0.0,nan,0,nan,0,nan,nan,nan,nan,nan,nan
fog_size,20,200,180.0,9.0,10.0,19,61,spotis,,1784,10.0,116.92942625988618,87.78314479602568,335.1931590787585,550.0,0.8082959641255605,0.19170403587443952,0.0,0.5323991031390133,0.0,6.027090235425619,0.9803692656773888,158123.47542410597,0.0,0.0,100.0,2.9702970297029703,64.43825742574255,0.06443825742574255,0.06443825742574255,82.60222733883185,1108.9558625983614,1096.7104261810518,265488662.3381716,0.6890399490263442,97.02970297029702,0.0,0.9900990099009901,nan,0,nan,0,11.890768674128923,21.545409536720527,7.2931609743892745,22.245922412506268,27.062038685033013,9.962699717221994
fog_size,20,200,180.0,9.0,10.0,19,61,fu_serve,,1784,10.0,119.21947867960209,88.00683497726492,350.41689409925925,550.0,0.8026905829596412,0.19730941704035876,0.0,0.6849864058429466,0.0,7.778210467313216,1.0027476619562292,158145.7175949205,0.0,0.0,100.0,0.0,199.59999999999988,0.1995999999999999,0.19959999999999992,94.17098508851322,926.4625366263223,826.1691833927794,199689025.49211448,1.0311995269842333,0.0,0.0,0.0,nan,0,nan,0,nan,nan,nan,nan,nan,nan
fog_size,20,200,180.0,9.0,10.0,19,61,2dp_fhs,,1784,10.0,129.04599406741195,103.49951871477091,358.2238182295793,550.0,0.7365470852017937,0.2634529147982063,0.0,0.8080275534800632,0.0,22.843987757936997,1.0902192250472378,158142.33100471128,89.0,49.88789237668161,1.1111111111111112,0.0,1295.8,1.2958,1.2958,54.934661932799436,913.8444870694465,833.0345491856372,150993349.75524622,2.464555713435201,0.0,0.0,0.0,nan,0,nan,0,nan,nan,nan,nan,nan,nan
fog_size,20,200,180.0,9.0,10.0,19,61,3d_pos,,1784,10.0,122.11030080693416,91.89488081217468,344.4881982713489,550.0,0.7774663677130045,0.22253363228699552,0.0,0.635746825656859,0.0,11.62370297253548,1.0352653937269858,158145.6960440985,24.0,13.452914798206278,4.0,0.0,1972.7999999999995,1.9727999999999994,1.9727999999999994,57.17940418330474,812.8431438788823,723.2732996667048,220277231.89484653,2.5363668416489333,0.0,0.0,0.0,nan,0,nan,0,nan,nan,nan,nan,nan,nan
fog_size,40,400,360.0,9.0,10.0,19,61,spotis,,3627,10.0,124.68101709285753,92.86799528314616,374.21544424213755,550.0,0.7915632754342432,0.2084367245657568,0.0,0.5559897444024837,0.0,6.118943844757682,1.0730674762726824,315642.0549806327,0.0,0.0,100.0,2.9702970297029703,73.74378217821783,0.07374378217821782,0.07374378217821782,94.03729320062027,1454.3037323636536,1327.495252807862,242379451.19506484,0.7953375797420158,97.02970297029702,0.0,0.0,nan,0,nan,0,14.647576276990232,20.43073813122672,7.485796395655228,14.114429074187356,31.07300385566735,12.248456266273106
fog_size,40,400,360.0,9.0,10.0,19,61,fu_serve,,3627,10.0,124.51834210509412,92.99734946105298,366.78534924825595,550.0,0.7998345740281224,0.2001654259718776,0.0,0.7103372212266896,0.0,7.961843979749946,1.0661680582932231,315654.2317933625,0.0,0.0,100.0,0.0,692.6999999999998,0.6926999999999999,0.6926999999999999,92.48984100484292,990.3982271616518,940.9295442411669,243382788.8881055,1.6809402325759077,0.0,0.0,0.0,nan,0,nan,0,nan,nan,nan,nan,nan,nan
fog_size,40,400,360.0,9.0,10.0,19,61,2dp_fhs,,3627,10.0,137.67190357255848,115.45450687958869,407.8447416458168,550.0,0.6983733112765371,0.3016266887234629,0.0,0.961431203118606,0.0,18.414449203152234,1.1959765551018888,315590.68687032687,84.0,23.159636062861868,1.1764705882352942,0.0,4741.400000000002,4.741400000000002,4.741400000000002,57.93629194899207,972.3764982693709,929.6242646268257,149239029.70212156,7.641232263683442,0.0,0.0,0.0,nan,0,nan,0,nan,nan,nan,nan,nan,nan
fog_size,40,400,360.0,9.0,10.0,19,61,3d_pos,,3627,10.0,132.5897829153335,104.48263214846243,398.98763490353303,550.0,0.7344913151364765,0.2655086848635235,0.0,0.6310250965834819,0.0,13.517360790144085,1.1383221187340555,315593.7683805613,64.0,17.64543700027571,1.5384615384615385,0.0,7364.199999999996,7.364199999999996,7.364199999999996,71.65793961437035,1201.2921217663757,1090.9790639136154,270272997.59695244,7.225714030836093,0.0,0.0,0.0,nan,0,nan,0,nan,nan,nan,nan,nan,nan
fog_size,80,800,720.0,9.0,10.0,19,61,spotis,,7235,10.0,124.59156500576563,94.44035449503384,374.57133095538563,550.0,0.7745680718728404,0.22543192812715962,0.0,0.5556323427781615,0.0,6.009022266758688,1.0845005728923303,629786.9213813745,0.0,0.0,100.0,1.9801980198019802,87.03445544554455,0.08703445544554456,0.08703445544554456,94.65833412148854,2459.3499947090177,2466.2722452520316,412992612.44616723,0.9706949796787362,98.01980198019803,0.0,0.9900990099009901,nan,0,nan,0,15.312091282863511,22.17422919968619,7.863033808286598,6.274646069059625,35.56481433000603,12.811185310098045
fog_size,80,800,720.0,9.0,10.0,19,61,fu_serve,,7235,10.0,126.46475799471827,98.74574047435567,365.46857655110756,550.0,0.7619903248099517,0.23800967519004834,0.0,0.7764105411563691,0.0,8.724259593507512,1.0957766015874855,629750.3965754376,0.0,0.0,100.0,0.0,2499.099999999999,2.499099999999999,2.499099999999999,93.32821892535091,1824.535939238234,1726.341905708359,311679519.7941354,4.160273745769051,0.0,0.0,0.0,nan,0,nan,0,nan,nan,nan,nan,nan,nan
fog_size,80,800,720.0,9.0,10.0,19,61,2dp_fhs,,7235,10.0,155.90113103708165,150.0,447.43992641820205,550.0,0.5094678645473393,0.4905321354526607,0.0,0.9459183362363,0.0,17.142297620784934,1.3588190148318728,628717.9870595561,93.0,12.854181064270906,1.0638297872340425,0.0,18068.0,18.068,18.068,78.10468739877906,1733.0228535981762,1658.4162674000625,64568323.49251692,31.373221828070594,0.0,0.0,0.0,nan,0,nan,0,nan,nan,nan,nan,nan,nan
fog_size,80,800,720.0,9.0,10.0,19,61,3d_pos,,7235,10.0,144.25660682613835,141.36576355029806,412.0336539140534,550.0,0.606634416033172,0.39336558396682797,0.0,0.6523886911845533,0.0,13.550656911290917,1.2394628157103658,629149.3824690386,73.0,10.089841050449206,1.3513513513513513,0.0,28617.999999999996,28.617999999999995,28.617999999999995,47.533715531291946,1800.1126181253321,1706.4972134950858,425448376.69924444,26.14675150430032,0.0,0.0,0.0,nan,0,nan,0,nan,nan,nan,nan,nan,nan
arrival_rate,20,200,60.0,3.0,10.0,19,61,spotis,,592,10.0,96.11262458832348,69.23612709645077,258.8318313559557,414.85849654926267,0.9341216216216216,0.0658783783783784,0.0,0.5716216216216216,0.0,6.081620472972335,0.8889611230424969,157201.37844404165,0.0,0.0,100.0,1.9801980198019802,64.42550495049503,0.06442550495049502,0.06442550495049502,82.6102641929484,1108.9558625983614,1096.7104261810518,114763739.23452407,0.6513350580088186,98.01980198019803,0.0,0.0,nan,0,nan,0,7.657328938621494,15.035989566505165,4.543116237158362,26.884367458226098,39.49868381510187,6.380513984387013
arrival_rate,20,200,60.0,3.0,10.0,19,61,fu_serve,,592,10.0,95.74511098237423,68.92829781346822,260.95876736198016,381.99881571348465,0.9375,0.0625,0.0,0.7321292665901669,0.0,7.993758535167177,0.8846939858802463,157200.7881051627,0.0,0.0,100.0,0.0,199.59999999999988,0.1995999999999999,0.19959999999999992,94.18535120986145,926.4625366263223,826.1691833927794,47759913.123285875,0.964078497828927,0.0,0.0,0.0,nan,0,nan,0,nan,nan,nan,nan,nan,nan
arrival_rate,20,200,60.0,3.0,10.0,19,61,2dp_fhs,,592,10.0,100.64329505050259,75.87943410069232,279.2172096123826,405.1144370798205,0.9239864864864865,0.07601351351351349,0.0,0.7236116332724244,0.0,25.97141371662092,0.9136725772176245,157209.56184273722,37.0,62.5,2.6315789473684212,0.0,1295.8,1.2958,1.2958,47.58492069157386,816.0348094506658,722.2499543524727,39220151.09908064,1.9942593030114,0.0,0.0,0.0,nan,0,nan,0,nan,nan,nan,nan,nan,nan
arrival_rate,20,200,60.0,3.0,10.0,19,61,3d_pos,,592,10.0,97.06843853010739,70.86394064136115,261.1542989024307,381.97527259204657,0.9341216216216216,0.0658783783783784,0.0,0.7041486925576311,0.0,13.971908647574415,0.8944974802492607,157204.440049577,8.0,13.513513513513514,11.11111111111111,0.0,1972.7999999999995,1.9727999999999994,1.9727999999999994,49.15123759953189,807.4932536560187,717.8706165428944,46746283.1749698,2.5644645288936108,0.0,0.0,0.0,nan,0,nan,0,nan,nan,nan,nan,nan,nan
arrival_rate,20,200,120.0,6.0,10.0,19,61,spotis,,1182,10.0,104.73433280100959,75.18794771260828,312.1364487714168,472.1937846213253,0.9001692047377327,0.09983079526226735,0.0,0.5619289340101523,0.0,6.040879289339663,0.9212166376016322,157689.95744540732,0.0,0.0,100.0,1.9801980198019802,64.42550495049503,0.06442550495049502,0.06442550495049502,82.60590697809688,1108.9558625983614,1096.7104261810518,233399624.63927668,0.6762061663540581,98.01980198019803,0.0,0.0,nan,0,nan,0,9.552718487722634,17.866887668438793,5.815173055657084,23.835442765351733,34.94710221659731,7.982675806232454
arrival_rate,20,200,120.0,6.0,10.0,19,61,fu_serve,,1182,10.0,104.54773332978534,75.21280144560549,295.37573901621676,499.3263595918082,0.9069373942470389,0.0930626057529611,0.0,0.7203880982611299,0.0,7.832732068323727,0.9230580551509946,157699.30117812107,0.0,0.0,100.0,0.0,199.59999999999988,0.1995999999999999,0.19959999999999992,94.17635261798316,926.4625366263223,826.1691833927794,123005078.17946707,1.003788935541987,0.0,0.0,0.0,nan,0,nan,0,nan,nan,nan,nan,nan,nan
arrival_rate,20,200,120.0,6.0,10.0,19,61,2dp_fhs,,1182,10.0,112.67190193426926,85.05111801992551,310.98950305195063,496.2223281750508,0.8730964467005076,0.12690355329949243,0.0,0.8134934553406935,0.0,25.755858079060562,0.9826666787353541,157723.89495545407,72.0,60.91370558375635,1.36986301369863,0.0,1295.8,1.2958,1.2958,47.9423800737056,852.171396748114,755.3322626810805,79712526.48372382,2.321898926923713,0.0,0.0,0.0,nan,0,nan,0,nan,nan,nan,nan,nan,nan
arrival_rate,20,200,120.0,6.0,10.0,19,61,3d_pos,,1182,10.0,107.34693743195831,76.90274220066284,315.473251313959,510.66789311673284,0.8959390862944162,0.10406091370558379,0.0,0.6822985793919545,0.0,12.52606906942117,0.9374939799164189,157702.58906773067,17.0,14.382402707275803,5.555555555555555,0.0,1972.7999999999995,1.9727999999999994,1.9727999999999994,53.74017153730462,810.1999847262939,720.557029027505,147005909.48006952,2.552489594893271,0.0,0.0,0.0,nan,0,nan,0,nan,nan,nan,nan,nan,nan
arrival_rate,20,200,180.0,9.0,10.0,19,61,spotis,,1784,10.0,116.92942625988618,87.78314479602568,335.1931590787585,550.0,0.8082959641255605,0.19170403587443952,0.0,0.5323991031390133,0.0,6.027090235425619,0.9803692656773888,158123.47542410597,0.0,0.0,100.0,2.9702970297029703,64.43825742574255,0.06443825742574255,0.06443825742574255,82.60222733883185,1108.9558625983614,1096.7104261810518,265488662.3381716,0.6890399490263442,97.02970297029702,0.0,0.9900990099009901,nan,0,nan,0,11.890768674128923,21.545409536720527,7.2931609743892745,22.245922412506268,27.062038685033013,9.962699717221994
arrival_rate,20,200,180.0,9.0,10.0,19,61,fu_serve,,1784,10.0,119.21947867960209,88.00683497726492,350.41689409925925,550.0,0.8026905829596412,0.19730941704035876,0.0,0.6849864058429466,0.0,7.778210467313216,1.0027476619562292,158145.7175949205,0.0,0.0,100.0,0.0,199.59999999999988,0.1995999999999999,0.19959999999999992,94.17098508851322,926.4625366263223,826.1691833927794,199689025.49211448,1.0311995269842333,0.0,0.0,0.0,nan,0,nan,0,nan,nan,nan,nan,nan,nan
arrival_rate,20,200,180.0,9.0,10.0,19,61,2dp_fhs,,1784,10.0,129.04599406741195,103.49951871477091,358.2238182295793,550.0,0.7365470852017937,0.2634529147982063,0.0,0.8080275534800632,0.0,22.843987757936997,1.0902192250472378,158142.33100471128,89.0,49.88789237668161,1.1111111111111112,0.0,1295.8,1.2958,1.2958,54.934661932799436,913.8444870694465,833.0345491856372,150993349.75524622,2.464555713435201,0.0,0.0,0.0,nan,0,nan,0,nan,nan,nan,nan,nan,nan
arrival_rate,20,200,180.0,9.0,10.0,19,61,3d_pos,,1784,10.0,122.11030080693416,91.89488081217468,344.4881982713489,550.0,0.7774663677130045,0.22253363228699552,0.0,0.635746825656859,0.0,11.62370297253548,1.0352653937269858,158145.6960440985,24.0,13.452914798206278,4.0,0.0,1972.7999999999995,1.9727999999999994,1.9727999999999994,57.17940418330474,812.8431438788823,723.2732996667048,220277231.89484653,2.5363668416489333,0.0,0.0,0.0,nan,0,nan,0,nan,nan,nan,nan,nan,nan
arrival_rate,20,200,240.0,12.0,10.0,19,61,spotis,,2433,10.0,136.4597944647374,114.9910581409772,406.77607468866233,550.0,0.6596794081381011,0.3403205918618989,0.0,0.4648581997533909,0.0,6.018616612070323,1.089936528991057,158459.13107202982,0.0,0.0,100.0,2.9702970297029703,64.43825742574255,0.06443825742574255,0.06443825742574255,82.60149431194117,1108.9558625983614,1096.7104261810518,365190425.64559835,0.7107471252667754,97.02970297029702,0.0,0.0,nan,0,nan,0,13.195827441133753,23.473294040521132,8.106163284596175,20.967713433269278,23.207502155724566,11.049499644755095
arrival_rate,20,200,240.0,12.0,10.0,19,61,fu_serve,,2433,10.0,136.05674781053233,113.14041743587921,425.48849441946675,550.0,0.6613234689683518,0.3386765310316482,0.0,0.5959100668190012,0.0,7.747033731397383,1.0633435779720677,158420.70275995624,0.0,0.0,100.0,0.0,199.59999999999988,0.1995999999999999,0.19959999999999992,94.16793709814525,926.4625366263223,826.1691833927794,292150976.58385366,1.0576129642721752,0.0,0.0,0.0,nan,0,nan,0,nan,nan,nan,nan,nan,nan
arrival_rate,20,200,240.0,12.0,10.0,19,61,2dp_fhs,,2433,10.0,145.12907508591164,141.28275716329242,441.28150789411984,550.0,0.5951500205507604,0.4048499794492396,0.0,0.7150601264202079,0.0,19.460407600782073,1.1767679073107835,158413.7428727852,92.0,37.81339909576654,1.075268817204301,0.0,1295.8,1.2958,1.2958,61.25503174461361,1003.4830843696118,941.0038022609449,235446093.85609245,2.525235509764815,0.0,0.0,0.0,nan,0,nan,0,nan,nan,nan,nan,nan,nan
arrival_rate,20,200,240.0,12.0,10.0,19,61,3d_pos,,2433,10.0,138.2568938387132,120.01960214482921,404.99701351695904,550.0,0.6424167694204685,0.35758323057953145,0.0,0.5711703199282013,0.0,10.046401276938338,1.100456981151602,158429.79720453915,19.0,7.809288943690917,5.0,0.0,1972.7999999999995,1.9727999999999994,1.9727999999999994,53.15669497531223,810.2585022992165,720.6622772476358,209986773.2818055,2.605770399252902,0.0,0.0,0.0,nan,0,nan,0,nan,nan,nan,nan,nan,nan
arrival_rate,20,200,300.0,15.0,10.0,19,61,spotis,,3000,10.0,149.93239928483163,150.0,491.1599742906054,550.0,0.53,0.47,0.0,0.39940000000000003,0.0,6.016106439999681,1.1460627591974113,158532.02273012305,0.0,0.0,100.0,1.9801980198019802,64.42550495049503,0.06442550495049502,0.06442550495049502,82.60118257681971,1108.9558625983614,1096.7104261810518,382236738.38568,0.7047159384656174,98.01980198019803,0.0,0.0,nan,0,nan,0,13.467127763755729,23.86526168131694,8.30660234425387,22.69358984287492,20.376455951397368,11.290962416401173
arrival_rate,20,200,300.0,15.0,10.0,19,61,fu_serve,,3000,10.0,149.97142739711862,150.0,510.95753384384574,550.0,0.539,0.46099999999999997,0.0,0.5193375150107493,0.0,7.734819242843729,1.12815441318624,158534.00862912135,0.0,0.0,100.0,0.0,199.59999999999988,0.1995999999999999,0.19959999999999992,94.16747113921936,926.4625366263223,826.1691833927794,276145288.96014816,1.0539430575062196,0.0,0.0,0.0,nan,0,nan,0,nan,nan,nan,nan,nan,nan
arrival_rate,20,200,300.0,15.0,10.0,19,61,2dp_fhs,,3000,10.0,157.77686713931752,150.0,503.67339252466365,550.0,0.4686666666666667,0.5313333333333333,0.0,0.5953083397572162,0.0,16.58002449128283,1.2819887350132204,158512.25910442774,91.0,30.333333333333332,1.0869565217391304,0.0,1295.8,1.2958,1.2958,61.014043056272314,987.7458740876507,927.8312549716929,485820414.9976589,2.247484946321211,0.0,0.0,0.0,nan,0,nan,0,nan,nan,nan,nan,nan,nan
arrival_rate,20,200,300.0,15.0,10.0,19,61,3d_pos,,3000,10.0,152.09867407814372,150.0,534.3215505364112,550.0,0.5266666666666666,0.4733333333333334,0.0,0.4894262031517139,0.0,9.78594528046045,1.1444150248959746,158517.95868233484,24.0,8.0,4.0,0.0,1972.7999999999995,1.9727999999999994,1.9727999999999994,58.03485797428034,813.8903791104495,724.397680463611,344392579.3684968,2.5490302674416214,0.0,0.0,0.0,nan,0,nan,0,nan,nan,nan,nan,nan,nan
head_failure,20,200,180.0,9.0,10.0,19,61,spotis,5.0,1784,10.0,120.34090409723397,88.12364605833068,358.0538053902489,550.0,0.7825112107623319,0.21748878923766812,0.0,0.5538557379464715,0.0,6.467979745605668,0.9850204836528867,158084.87153817862,1.0,0.5605381165919282,50.0,3.9603960396039604,64.45100990099007,0.06445100990099008,0.06445100990099008,79.33229909746044,974.244247177714,923.5491708661407,209557099.40144947,0.7266626212938757,96.03960396039604,0.0,0.9900990099009901,1.0,0,50.695818918022525,0,11.882345776711198,20.408632758321453,7.313369478217342,22.147179742394336,28.674342780059153,9.57412946429652
head_failure,20,200,180.0,9.0,10.0,19,61,fu_serve,5.0,1784,10.0,120.96239440580956,89.38777682524602,349.53121987818116,550.0,0.7864349775784754,0.21356502242152464,0.0,0.629045803074671,0.0,7.36044653191726,0.9983860051386161,158110.51850820865,1.0,0.5605381165919282,50.0,0.0,199.59999999999988,0.1995999999999999,0.19959999999999992,85.19353075636714,871.1688555723459,773.9845447041004,175192997.18039337,0.9464887257615652,0.0,0.0,0.0,1.0,0,39.37941651982723,0,nan,nan,nan,nan,nan,nan
head_failure,20,200,180.0,9.0,10.0,19,61,2dp_fhs,5.0,1784,10.0,129.9515513897576,104.39042496155437,352.6574493348506,550.0,0.7219730941704036,0.27802690582959644,0.0,0.7985507784320711,0.0,22.573079078356443,1.069408376392655,158087.18093179291,88.0,49.327354260089685,1.1235955056179776,0.0,1295.8,1.2958,1.2958,53.70121764899671,897.1710959974884,811.0862829323175,181631026.7047306,2.4269101657319396,0.0,0.0,0.0,1.0,0,52.221273850550006,0,nan,nan,nan,nan,nan,nan
head_failure,20,200,180.0,9.0,10.0,19,61,3d_pos,5.0,1784,10.0,122.49498864406237,92.57319473857305,343.0998785634855,550.0,0.7645739910313901,0.23542600896860988,0.0,0.6096331689490807,0.0,9.741398244501365,1.0260720594469024,158109.34523208477,13.0,7.286995515695067,7.142857142857143,0.0,1972.7999999999995,1.9727999999999994,1.9727999999999994,65.23098166202577,817.267234311672,727.6368819551531,269258530.6429857,2.42784705328829,0.0,0.0,0.0,1.0,1,45.84326344014438,0,nan,nan,nan,nan,nan,nan
